{"boundaries": [[1, 12, 21, 47]], "boundaries_values": [[0.0, 0.11, 0.2, 0.46]], "smax": 0.3148820116061612, "significance": 0.3149239535517903, "Delta_significance": 0.007632185068291669, "nscan": 100, "transform": true, "floatB": false, "nfold": 1, "minN": 100, "fine_tuned": false, "variable": "bdt", "estimate": "fullSimrw"}0.0487
0.0614
0.1361
0.2730
0.3149