DNA file:	/eos/home-p/pelai/HZgamma/root_P2Root/synchronization/ggH_M125/2023postBPix.root
n2p file:	/eos/user/j/jiehan/root/skimmed_ntuples_rui_new/ggH_M125/2023postBPix.root
DNA two_jet entries:	6234
DNA zero_to_one_jet entries:	50667
n2p two_jet entries:	5976
n2p zero_to_one_jet entries:	50981
DNA missing branches(two_jet):	none
DNA missing branches(zero_to_one_jet):	none
n2p missing branches(two_jet):	run, luminosityBlock
n2p missing branches(zero_to_one_jet):	run, luminosityBlock

====================================================================================================
Events in n2p two_jet but not in DNA two_jet
====================================================================================================

--- Event 5763.0 (n2p:two_jet -> DNA:two_jet/zero_to_one_jet) ---
n2p (two_jet):	event=5763.000000	n_jets=2.000000	nbdfm=0.000000	jet_1_pt=34.267517	jet_1_eta=-0.160156	jet_2_pt=33.020245	jet_2_eta=-0.476807	j2_phi=-1.423340	j3_pt=-999.000000	j3_eta=-999.000000	j3_phi=-999.000000	met=33.463196	nel=2.000000	nmu=0.000000
DNA (zero_to_one_jet):	event=5763.000000	run=1.000000	luminosityBlock=6.000000	n_jets=1.000000	n_b_jets=0.000000	jet_1_pt=34.258623	jet_1_eta=-0.160156	jet_2_pt=-999.000000	jet_2_eta=-999.000000	jet_2_phi=-999.000000	jet_3_pt=-999.000000	jet_3_eta=-999.000000	jet_3_phi=-999.000000	MET_pt=33.493390	n_electrons=2.000000	n_muons=0.000000
Diff:	n_jets-n_jets=-1.000000	jet_1_pt-jet_1_pt=-0.008894	jet_2_pt-jet_2_pt=-1032.020245	jet_2_eta-jet_2_eta=-998.523193	jet_2_phi-j2_phi=-997.576660	MET_pt-met=0.030195

--- Event 6589.0 (n2p:two_jet -> DNA:two_jet/zero_to_one_jet) ---
n2p (two_jet):	event=6589.000000	n_jets=2.000000	nbdfm=0.000000	jet_1_pt=72.744629	jet_1_eta=-1.293945	jet_2_pt=30.586145	jet_2_eta=2.468262	j2_phi=0.712402	j3_pt=-999.000000	j3_eta=-999.000000	j3_phi=-999.000000	met=51.516579	nel=0.000000	nmu=2.000000
DNA (zero_to_one_jet):	event=6589.000000	run=1.000000	luminosityBlock=7.000000	n_jets=1.000000	n_b_jets=0.000000	jet_1_pt=72.797475	jet_1_eta=-1.293945	jet_2_pt=-999.000000	jet_2_eta=-999.000000	jet_2_phi=-999.000000	jet_3_pt=-999.000000	jet_3_eta=-999.000000	jet_3_phi=-999.000000	MET_pt=50.443944	n_electrons=0.000000	n_muons=2.000000
Diff:	n_jets-n_jets=-1.000000	jet_1_pt-jet_1_pt=0.052846	jet_2_pt-jet_2_pt=-1029.586145	jet_2_eta-jet_2_eta=-1001.468262	jet_2_phi-j2_phi=-999.712402	MET_pt-met=-1.072634

--- Event 6636.0 (n2p:two_jet -> DNA:two_jet/zero_to_one_jet) ---
n2p (two_jet):	event=6636.000000	n_jets=2.000000	nbdfm=0.000000	jet_1_pt=33.657898	jet_1_eta=0.739136	jet_2_pt=31.032627	jet_2_eta=-3.242676	j2_phi=-1.134766	j3_pt=-999.000000	j3_eta=-999.000000	j3_phi=-999.000000	met=18.609917	nel=0.000000	nmu=2.000000
DNA (zero_to_one_jet):	event=6636.000000	run=1.000000	luminosityBlock=7.000000	n_jets=1.000000	n_b_jets=0.000000	jet_1_pt=33.642692	jet_1_eta=0.739136	jet_2_pt=-999.000000	jet_2_eta=-999.000000	jet_2_phi=-999.000000	jet_3_pt=-999.000000	jet_3_eta=-999.000000	jet_3_phi=-999.000000	MET_pt=11.010354	n_electrons=0.000000	n_muons=2.000000
Diff:	n_jets-n_jets=-1.000000	jet_1_pt-jet_1_pt=-0.015206	jet_2_pt-jet_2_pt=-1030.032627	jet_2_eta-jet_2_eta=-995.757324	jet_2_phi-j2_phi=-997.865234	MET_pt-met=-7.599563

--- Event 8379.0 (n2p:two_jet -> DNA:two_jet/zero_to_one_jet) ---
n2p (two_jet):	event=8379.000000	n_jets=2.000000	nbdfm=0.000000	jet_1_pt=47.454456	jet_1_eta=0.136505	jet_2_pt=34.422863	jet_2_eta=0.999878	j2_phi=2.706543	j3_pt=-999.000000	j3_eta=-999.000000	j3_phi=-999.000000	met=42.193390	nel=2.000000	nmu=0.000000
DNA:	Event not found in two_jet or zero_to_one_jet

--- Event 8595.0 (n2p:two_jet -> DNA:two_jet/zero_to_one_jet) ---
n2p (two_jet):	event=8595.000000	n_jets=2.000000	nbdfm=0.000000	jet_1_pt=69.493591	jet_1_eta=1.812744	jet_2_pt=33.438759	jet_2_eta=-0.403015	j2_phi=1.378906	j3_pt=-999.000000	j3_eta=-999.000000	j3_phi=-999.000000	met=36.343410	nel=0.000000	nmu=2.000000
DNA:	Event not found in two_jet or zero_to_one_jet

--- Event 10016.0 (n2p:two_jet -> DNA:two_jet/zero_to_one_jet) ---
n2p (two_jet):	event=10016.000000	n_jets=2.000000	nbdfm=0.000000	jet_1_pt=88.197823	jet_1_eta=2.573242	jet_2_pt=47.187664	jet_2_eta=3.079102	j2_phi=1.466553	j3_pt=-999.000000	j3_eta=-999.000000	j3_phi=-999.000000	met=25.382479	nel=2.000000	nmu=0.000000
DNA:	Event not found in two_jet or zero_to_one_jet

--- Event 10040.0 (n2p:two_jet -> DNA:two_jet/zero_to_one_jet) ---
n2p (two_jet):	event=10040.000000	n_jets=2.000000	nbdfm=0.000000	jet_1_pt=42.857719	jet_1_eta=2.323730	jet_2_pt=35.354588	jet_2_eta=3.796875	j2_phi=-1.321777	j3_pt=-999.000000	j3_eta=-999.000000	j3_phi=-999.000000	met=42.398037	nel=0.000000	nmu=2.000000
DNA (zero_to_one_jet):	event=10040.000000	run=1.000000	luminosityBlock=11.000000	n_jets=1.000000	n_b_jets=0.000000	jet_1_pt=43.572237	jet_1_eta=2.323730	jet_2_pt=-999.000000	jet_2_eta=-999.000000	jet_2_phi=-999.000000	jet_3_pt=-999.000000	jet_3_eta=-999.000000	jet_3_phi=-999.000000	MET_pt=38.437910	n_electrons=0.000000	n_muons=2.000000
Diff:	n_jets-n_jets=-1.000000	jet_1_pt-jet_1_pt=0.714518	jet_2_pt-jet_2_pt=-1034.354588	jet_2_eta-jet_2_eta=-1002.796875	jet_2_phi-j2_phi=-997.678223	MET_pt-met=-3.960127

--- Event 10945.0 (n2p:two_jet -> DNA:two_jet/zero_to_one_jet) ---
n2p (two_jet):	event=10945.000000	n_jets=2.000000	nbdfm=0.000000	jet_1_pt=68.110382	jet_1_eta=1.527344	jet_2_pt=30.068815	jet_2_eta=-1.156006	j2_phi=1.095947	j3_pt=-999.000000	j3_eta=-999.000000	j3_phi=-999.000000	met=12.348403	nel=2.000000	nmu=0.000000
DNA (zero_to_one_jet):	event=10945.000000	run=1.000000	luminosityBlock=11.000000	n_jets=1.000000	n_b_jets=0.000000	jet_1_pt=68.022686	jet_1_eta=1.527344	jet_2_pt=-999.000000	jet_2_eta=-999.000000	jet_2_phi=-999.000000	jet_3_pt=-999.000000	jet_3_eta=-999.000000	jet_3_phi=-999.000000	MET_pt=12.237868	n_electrons=2.000000	n_muons=0.000000
Diff:	n_jets-n_jets=-1.000000	jet_1_pt-jet_1_pt=-0.087696	jet_2_pt-jet_2_pt=-1029.068815	jet_2_eta-jet_2_eta=-997.843994	jet_2_phi-j2_phi=-1000.095947	MET_pt-met=-0.110535

--- Event 13618.0 (n2p:two_jet -> DNA:two_jet/zero_to_one_jet) ---
n2p (two_jet):	event=13618.000000	n_jets=2.000000	nbdfm=0.000000	jet_1_pt=149.301910	jet_1_eta=1.064453	jet_2_pt=94.708366	jet_2_eta=1.538574	j2_phi=0.369202	j3_pt=-999.000000	j3_eta=-999.000000	j3_phi=-999.000000	met=10.349795	nel=2.000000	nmu=0.000000
DNA:	Event not found in two_jet or zero_to_one_jet

--- Event 16298.0 (n2p:two_jet -> DNA:two_jet/zero_to_one_jet) ---
n2p (two_jet):	event=16298.000000	n_jets=2.000000	nbdfm=0.000000	jet_1_pt=87.738647	jet_1_eta=-1.184570	jet_2_pt=55.441444	jet_2_eta=-1.562256	j2_phi=0.788696	j3_pt=-999.000000	j3_eta=-999.000000	j3_phi=-999.000000	met=27.543446	nel=0.000000	nmu=2.000000
DNA:	Event not found in two_jet or zero_to_one_jet

--- Event 16556.0 (n2p:two_jet -> DNA:two_jet/zero_to_one_jet) ---
n2p (two_jet):	event=16556.000000	n_jets=2.000000	nbdfm=0.000000	jet_1_pt=40.833221	jet_1_eta=3.876465	jet_2_pt=33.429390	jet_2_eta=3.645020	j2_phi=-2.164551	j3_pt=-999.000000	j3_eta=-999.000000	j3_phi=-999.000000	met=34.802937	nel=0.000000	nmu=2.000000
DNA (zero_to_one_jet):	event=16556.000000	run=1.000000	luminosityBlock=17.000000	n_jets=1.000000	n_b_jets=0.000000	jet_1_pt=42.655821	jet_1_eta=3.876465	jet_2_pt=-999.000000	jet_2_eta=-999.000000	jet_2_phi=-999.000000	jet_3_pt=-999.000000	jet_3_eta=-999.000000	jet_3_phi=-999.000000	MET_pt=30.044420	n_electrons=0.000000	n_muons=2.000000
Diff:	n_jets-n_jets=-1.000000	jet_1_pt-jet_1_pt=1.822599	jet_2_pt-jet_2_pt=-1032.429390	jet_2_eta-jet_2_eta=-1002.645020	jet_2_phi-j2_phi=-996.835449	MET_pt-met=-4.758517

--- Event 16604.0 (n2p:two_jet -> DNA:two_jet/zero_to_one_jet) ---
n2p (two_jet):	event=16604.000000	n_jets=2.000000	nbdfm=0.000000	jet_1_pt=54.612389	jet_1_eta=4.427734	jet_2_pt=30.617710	jet_2_eta=3.133301	j2_phi=1.763184	j3_pt=-999.000000	j3_eta=-999.000000	j3_phi=-999.000000	met=26.115643	nel=2.000000	nmu=0.000000
DNA (zero_to_one_jet):	event=16604.000000	run=1.000000	luminosityBlock=17.000000	n_jets=1.000000	n_b_jets=0.000000	jet_1_pt=51.130070	jet_1_eta=4.427734	jet_2_pt=-999.000000	jet_2_eta=-999.000000	jet_2_phi=-999.000000	jet_3_pt=-999.000000	jet_3_eta=-999.000000	jet_3_phi=-999.000000	MET_pt=25.142025	n_electrons=2.000000	n_muons=0.000000
Diff:	n_jets-n_jets=-1.000000	jet_1_pt-jet_1_pt=-3.482318	jet_2_pt-jet_2_pt=-1029.617710	jet_2_eta-jet_2_eta=-1002.133301	jet_2_phi-j2_phi=-1000.763184	MET_pt-met=-0.973618

--- Event 16771.0 (n2p:two_jet -> DNA:two_jet/zero_to_one_jet) ---
n2p (two_jet):	event=16771.000000	n_jets=3.000000	nbdfm=0.000000	jet_1_pt=164.220596	jet_1_eta=1.267578	jet_2_pt=106.937775	jet_2_eta=-2.897461	j2_phi=1.107910	j3_pt=101.126114	j3_eta=0.535522	j3_phi=-1.906006	met=20.666248	nel=2.000000	nmu=0.000000
DNA:	Event not found in two_jet or zero_to_one_jet

--- Event 18328.0 (n2p:two_jet -> DNA:two_jet/zero_to_one_jet) ---
n2p (two_jet):	event=18328.000000	n_jets=2.000000	nbdfm=0.000000	jet_1_pt=31.244980	jet_1_eta=0.233429	jet_2_pt=31.223549	jet_2_eta=-2.422363	j2_phi=0.860229	j3_pt=-999.000000	j3_eta=-999.000000	j3_phi=-999.000000	met=41.417633	nel=0.000000	nmu=2.000000
DNA (zero_to_one_jet):	event=18328.000000	run=1.000000	luminosityBlock=19.000000	n_jets=1.000000	n_b_jets=0.000000	jet_1_pt=31.690573	jet_1_eta=-2.422363	jet_2_pt=-999.000000	jet_2_eta=-999.000000	jet_2_phi=-999.000000	jet_3_pt=-999.000000	jet_3_eta=-999.000000	jet_3_phi=-999.000000	MET_pt=38.627597	n_electrons=0.000000	n_muons=2.000000
Diff:	n_jets-n_jets=-1.000000	jet_1_pt-jet_1_pt=0.445593	jet_1_eta-jet_1_eta=-2.655792	jet_2_pt-jet_2_pt=-1030.223549	jet_2_eta-jet_2_eta=-996.577637	jet_2_phi-j2_phi=-999.860229	MET_pt-met=-2.790036

--- Event 20993.0 (n2p:two_jet -> DNA:two_jet/zero_to_one_jet) ---
n2p (two_jet):	event=20993.000000	n_jets=2.000000	nbdfm=0.000000	jet_1_pt=69.468979	jet_1_eta=-1.583496	jet_2_pt=50.048477	jet_2_eta=-2.106445	j2_phi=-1.315186	j3_pt=-999.000000	j3_eta=-999.000000	j3_phi=-999.000000	met=10.457497	nel=2.000000	nmu=0.000000
DNA:	Event not found in two_jet or zero_to_one_jet

--- Event 22045.0 (n2p:two_jet -> DNA:two_jet/zero_to_one_jet) ---
n2p (two_jet):	event=22045.000000	n_jets=2.000000	nbdfm=0.000000	jet_1_pt=55.599770	jet_1_eta=-2.855469	jet_2_pt=31.618547	jet_2_eta=1.579590	j2_phi=0.562378	j3_pt=-999.000000	j3_eta=-999.000000	j3_phi=-999.000000	met=74.844604	nel=0.000000	nmu=2.000000
DNA (zero_to_one_jet):	event=22045.000000	run=1.000000	luminosityBlock=23.000000	n_jets=1.000000	n_b_jets=0.000000	jet_1_pt=35.159789	jet_1_eta=1.579590	jet_2_pt=-999.000000	jet_2_eta=-999.000000	jet_2_phi=-999.000000	jet_3_pt=-999.000000	jet_3_eta=-999.000000	jet_3_phi=-999.000000	MET_pt=75.924762	n_electrons=0.000000	n_muons=2.000000
Diff:	n_jets-n_jets=-1.000000	jet_1_pt-jet_1_pt=-20.439981	jet_1_eta-jet_1_eta=4.435059	jet_2_pt-jet_2_pt=-1030.618547	jet_2_eta-jet_2_eta=-1000.579590	jet_2_phi-j2_phi=-999.562378	MET_pt-met=1.080158

--- Event 23294.0 (n2p:two_jet -> DNA:two_jet/zero_to_one_jet) ---
n2p (two_jet):	event=23294.000000	n_jets=2.000000	nbdfm=0.000000	jet_1_pt=36.095821	jet_1_eta=4.032227	jet_2_pt=31.531969	jet_2_eta=1.570801	j2_phi=-0.792480	j3_pt=-999.000000	j3_eta=-999.000000	j3_phi=-999.000000	met=40.948009	nel=2.000000	nmu=0.000000
DNA (zero_to_one_jet):	event=23294.000000	run=1.000000	luminosityBlock=24.000000	n_jets=1.000000	n_b_jets=0.000000	jet_1_pt=38.490471	jet_1_eta=4.032227	jet_2_pt=-999.000000	jet_2_eta=-999.000000	jet_2_phi=-999.000000	jet_3_pt=-999.000000	jet_3_eta=-999.000000	jet_3_phi=-999.000000	MET_pt=39.769420	n_electrons=2.000000	n_muons=0.000000
Diff:	n_jets-n_jets=-1.000000	jet_1_pt-jet_1_pt=2.394650	jet_2_pt-jet_2_pt=-1030.531969	jet_2_eta-jet_2_eta=-1000.570801	jet_2_phi-j2_phi=-998.207520	MET_pt-met=-1.178590

--- Event 26881.0 (n2p:two_jet -> DNA:two_jet/zero_to_one_jet) ---
n2p (two_jet):	event=26881.000000	n_jets=4.000000	nbdfm=0.000000	jet_1_pt=63.184696	jet_1_eta=-1.322510	jet_2_pt=35.103462	jet_2_eta=0.278442	j2_phi=-1.624268	j3_pt=32.723068	j3_eta=-2.157227	j3_phi=-1.891357	met=50.984276	nel=2.000000	nmu=0.000000
DNA:	Event not found in two_jet or zero_to_one_jet

--- Event 27841.0 (n2p:two_jet -> DNA:two_jet/zero_to_one_jet) ---
n2p (two_jet):	event=27841.000000	n_jets=2.000000	nbdfm=0.000000	jet_1_pt=34.388039	jet_1_eta=-0.529053	jet_2_pt=30.078154	jet_2_eta=-1.550293	j2_phi=1.882080	j3_pt=-999.000000	j3_eta=-999.000000	j3_phi=-999.000000	met=27.167873	nel=2.000000	nmu=0.000000
DNA (zero_to_one_jet):	event=27841.000000	run=1.000000	luminosityBlock=28.000000	n_jets=1.000000	n_b_jets=0.000000	jet_1_pt=34.385393	jet_1_eta=-0.529053	jet_2_pt=-999.000000	jet_2_eta=-999.000000	jet_2_phi=-999.000000	jet_3_pt=-999.000000	jet_3_eta=-999.000000	jet_3_phi=-999.000000	MET_pt=26.287573	n_electrons=2.000000	n_muons=0.000000
Diff:	n_jets-n_jets=-1.000000	jet_1_pt-jet_1_pt=-0.002646	jet_2_pt-jet_2_pt=-1029.078154	jet_2_eta-jet_2_eta=-997.449707	jet_2_phi-j2_phi=-1000.882080	MET_pt-met=-0.880301

--- Event 29903.0 (n2p:two_jet -> DNA:two_jet/zero_to_one_jet) ---
n2p (two_jet):	event=29903.000000	n_jets=2.000000	nbdfm=0.000000	jet_1_pt=41.399696	jet_1_eta=3.844727	jet_2_pt=38.242268	jet_2_eta=3.013184	j2_phi=-0.718994	j3_pt=-999.000000	j3_eta=-999.000000	j3_phi=-999.000000	met=20.432384	nel=2.000000	nmu=0.000000
DNA:	Event not found in two_jet or zero_to_one_jet

--- Event 31273.0 (n2p:two_jet -> DNA:two_jet/zero_to_one_jet) ---
n2p (two_jet):	event=31273.000000	n_jets=2.000000	nbdfm=0.000000	jet_1_pt=35.518147	jet_1_eta=0.131317	jet_2_pt=32.939129	jet_2_eta=4.355469	j2_phi=2.487305	j3_pt=-999.000000	j3_eta=-999.000000	j3_phi=-999.000000	met=34.422756	nel=2.000000	nmu=0.000000
DNA:	Event not found in two_jet or zero_to_one_jet

--- Event 31911.0 (n2p:two_jet -> DNA:two_jet/zero_to_one_jet) ---
n2p (two_jet):	event=31911.000000	n_jets=2.000000	nbdfm=0.000000	jet_1_pt=69.454460	jet_1_eta=0.942749	jet_2_pt=49.362427	jet_2_eta=0.837280	j2_phi=1.677734	j3_pt=-999.000000	j3_eta=-999.000000	j3_phi=-999.000000	met=66.022964	nel=2.000000	nmu=0.000000
DNA:	Event not found in two_jet or zero_to_one_jet

--- Event 32157.0 (n2p:two_jet -> DNA:two_jet/zero_to_one_jet) ---
n2p (two_jet):	event=32157.000000	n_jets=2.000000	nbdfm=0.000000	jet_1_pt=37.324333	jet_1_eta=-2.309570	jet_2_pt=30.550119	jet_2_eta=1.471680	j2_phi=1.619385	j3_pt=-999.000000	j3_eta=-999.000000	j3_phi=-999.000000	met=5.742201	nel=2.000000	nmu=0.000000
DNA:	Event not found in two_jet or zero_to_one_jet

--- Event 32167.0 (n2p:two_jet -> DNA:two_jet/zero_to_one_jet) ---
n2p (two_jet):	event=32167.000000	n_jets=2.000000	nbdfm=0.000000	jet_1_pt=42.171059	jet_1_eta=0.748901	jet_2_pt=30.722191	jet_2_eta=4.143555	j2_phi=-0.485901	j3_pt=-999.000000	j3_eta=-999.000000	j3_phi=-999.000000	met=25.274145	nel=2.000000	nmu=0.000000
DNA (zero_to_one_jet):	event=32167.000000	run=1.000000	luminosityBlock=33.000000	n_jets=1.000000	n_b_jets=0.000000	jet_1_pt=42.155002	jet_1_eta=0.748901	jet_2_pt=-999.000000	jet_2_eta=-999.000000	jet_2_phi=-999.000000	jet_3_pt=-999.000000	jet_3_eta=-999.000000	jet_3_phi=-999.000000	MET_pt=23.258581	n_electrons=2.000000	n_muons=0.000000
Diff:	n_jets-n_jets=-1.000000	jet_1_pt-jet_1_pt=-0.016057	jet_2_pt-jet_2_pt=-1029.722191	jet_2_eta-jet_2_eta=-1003.143555	jet_2_phi-j2_phi=-998.514099	MET_pt-met=-2.015564

--- Event 34254.0 (n2p:two_jet -> DNA:two_jet/zero_to_one_jet) ---
n2p (two_jet):	event=34254.000000	n_jets=2.000000	nbdfm=0.000000	jet_1_pt=46.662209	jet_1_eta=-0.622559	jet_2_pt=30.908962	jet_2_eta=-3.327637	j2_phi=0.611328	j3_pt=-999.000000	j3_eta=-999.000000	j3_phi=-999.000000	met=25.966925	nel=2.000000	nmu=0.000000
DNA (zero_to_one_jet):	event=34254.000000	run=1.000000	luminosityBlock=35.000000	n_jets=1.000000	n_b_jets=0.000000	jet_1_pt=46.650307	jet_1_eta=-0.622559	jet_2_pt=-999.000000	jet_2_eta=-999.000000	jet_2_phi=-999.000000	jet_3_pt=-999.000000	jet_3_eta=-999.000000	jet_3_phi=-999.000000	MET_pt=20.397289	n_electrons=2.000000	n_muons=0.000000
Diff:	n_jets-n_jets=-1.000000	jet_1_pt-jet_1_pt=-0.011902	jet_2_pt-jet_2_pt=-1029.908962	jet_2_eta-jet_2_eta=-995.672363	jet_2_phi-j2_phi=-999.611328	MET_pt-met=-5.569635

--- Event 35502.0 (n2p:two_jet -> DNA:two_jet/zero_to_one_jet) ---
n2p (two_jet):	event=35502.000000	n_jets=2.000000	nbdfm=0.000000	jet_1_pt=168.797379	jet_1_eta=0.002325	jet_2_pt=154.247787	jet_2_eta=-1.066650	j2_phi=0.246735	j3_pt=-999.000000	j3_eta=-999.000000	j3_phi=-999.000000	met=68.056282	nel=0.000000	nmu=2.000000
DNA:	Event not found in two_jet or zero_to_one_jet

--- Event 38169.0 (n2p:two_jet -> DNA:two_jet/zero_to_one_jet) ---
n2p (two_jet):	event=38169.000000	n_jets=2.000000	nbdfm=0.000000	jet_1_pt=41.509270	jet_1_eta=1.635498	jet_2_pt=30.401293	jet_2_eta=-3.203613	j2_phi=-2.292480	j3_pt=-999.000000	j3_eta=-999.000000	j3_phi=-999.000000	met=37.499569	nel=2.000000	nmu=0.000000
DNA (zero_to_one_jet):	event=38169.000000	run=1.000000	luminosityBlock=39.000000	n_jets=1.000000	n_b_jets=0.000000	jet_1_pt=41.537475	jet_1_eta=1.635498	jet_2_pt=-999.000000	jet_2_eta=-999.000000	jet_2_phi=-999.000000	jet_3_pt=-999.000000	jet_3_eta=-999.000000	jet_3_phi=-999.000000	MET_pt=0.000000	n_electrons=2.000000	n_muons=0.000000
Diff:	n_jets-n_jets=-1.000000	jet_1_pt-jet_1_pt=0.028206	jet_2_pt-jet_2_pt=-1029.401293	jet_2_eta-jet_2_eta=-995.796387	jet_2_phi-j2_phi=-996.707520	MET_pt-met=-37.499569

--- Event 39057.0 (n2p:two_jet -> DNA:two_jet/zero_to_one_jet) ---
n2p (two_jet):	event=39057.000000	n_jets=2.000000	nbdfm=0.000000	jet_1_pt=37.115688	jet_1_eta=-1.070557	jet_2_pt=30.113880	jet_2_eta=3.282715	j2_phi=-2.198730	j3_pt=-999.000000	j3_eta=-999.000000	j3_phi=-999.000000	met=38.446945	nel=0.000000	nmu=2.000000
DNA (zero_to_one_jet):	event=39057.000000	run=1.000000	luminosityBlock=40.000000	n_jets=1.000000	n_b_jets=0.000000	jet_1_pt=37.063549	jet_1_eta=-1.070557	jet_2_pt=-999.000000	jet_2_eta=-999.000000	jet_2_phi=-999.000000	jet_3_pt=-999.000000	jet_3_eta=-999.000000	jet_3_phi=-999.000000	MET_pt=35.304631	n_electrons=0.000000	n_muons=2.000000
Diff:	n_jets-n_jets=-1.000000	jet_1_pt-jet_1_pt=-0.052139	jet_2_pt-jet_2_pt=-1029.113880	jet_2_eta-jet_2_eta=-1002.282715	jet_2_phi-j2_phi=-996.801270	MET_pt-met=-3.142315

--- Event 42066.0 (n2p:two_jet -> DNA:two_jet/zero_to_one_jet) ---
n2p (two_jet):	event=42066.000000	n_jets=2.000000	nbdfm=0.000000	jet_1_pt=62.032185	jet_1_eta=-3.817871	jet_2_pt=32.617050	jet_2_eta=0.186615	j2_phi=-1.131348	j3_pt=-999.000000	j3_eta=-999.000000	j3_phi=-999.000000	met=9.587195	nel=2.000000	nmu=0.000000
DNA:	Event not found in two_jet or zero_to_one_jet

--- Event 42138.0 (n2p:two_jet -> DNA:two_jet/zero_to_one_jet) ---
n2p (two_jet):	event=42138.000000	n_jets=2.000000	nbdfm=0.000000	jet_1_pt=83.188019	jet_1_eta=-2.459473	jet_2_pt=67.465775	jet_2_eta=-1.611328	j2_phi=-0.012592	j3_pt=-999.000000	j3_eta=-999.000000	j3_phi=-999.000000	met=18.842447	nel=2.000000	nmu=0.000000
DNA:	Event not found in two_jet or zero_to_one_jet

--- Event 42630.0 (n2p:two_jet -> DNA:two_jet/zero_to_one_jet) ---
n2p (two_jet):	event=42630.000000	n_jets=3.000000	nbdfm=0.000000	jet_1_pt=45.409042	jet_1_eta=1.987061	jet_2_pt=35.340179	jet_2_eta=1.631348	j2_phi=-2.419434	j3_pt=32.445717	j3_eta=3.361328	j3_phi=-0.676147	met=27.240021	nel=2.000000	nmu=0.000000
DNA:	Event not found in two_jet or zero_to_one_jet

--- Event 43248.0 (n2p:two_jet -> DNA:two_jet/zero_to_one_jet) ---
n2p (two_jet):	event=43248.000000	n_jets=2.000000	nbdfm=0.000000	jet_1_pt=82.350403	jet_1_eta=0.874390	jet_2_pt=51.376183	jet_2_eta=0.039810	j2_phi=-2.597656	j3_pt=-999.000000	j3_eta=-999.000000	j3_phi=-999.000000	met=38.961399	nel=2.000000	nmu=0.000000
DNA:	Event not found in two_jet or zero_to_one_jet

--- Event 43411.0 (n2p:two_jet -> DNA:two_jet/zero_to_one_jet) ---
n2p (two_jet):	event=43411.000000	n_jets=2.000000	nbdfm=0.000000	jet_1_pt=54.918106	jet_1_eta=-1.398193	jet_2_pt=31.166847	jet_2_eta=-3.081543	j2_phi=1.732178	j3_pt=-999.000000	j3_eta=-999.000000	j3_phi=-999.000000	met=37.014904	nel=2.000000	nmu=0.000000
DNA (zero_to_one_jet):	event=43411.000000	run=1.000000	luminosityBlock=44.000000	n_jets=1.000000	n_b_jets=0.000000	jet_1_pt=54.789828	jet_1_eta=-1.398193	jet_2_pt=-999.000000	jet_2_eta=-999.000000	jet_2_phi=-999.000000	jet_3_pt=-999.000000	jet_3_eta=-999.000000	jet_3_phi=-999.000000	MET_pt=22.450505	n_electrons=2.000000	n_muons=0.000000
Diff:	n_jets-n_jets=-1.000000	jet_1_pt-jet_1_pt=-0.128278	jet_2_pt-jet_2_pt=-1030.166847	jet_2_eta-jet_2_eta=-995.918457	jet_2_phi-j2_phi=-1000.732178	MET_pt-met=-14.564399

--- Event 51047.0 (n2p:two_jet -> DNA:two_jet/zero_to_one_jet) ---
n2p (two_jet):	event=51047.000000	n_jets=2.000000	nbdfm=0.000000	jet_1_pt=34.370995	jet_1_eta=0.572632	jet_2_pt=31.669718	jet_2_eta=-3.629883	j2_phi=-2.442871	j3_pt=-999.000000	j3_eta=-999.000000	j3_phi=-999.000000	met=65.185921	nel=0.000000	nmu=2.000000
DNA (zero_to_one_jet):	event=51047.000000	run=1.000000	luminosityBlock=52.000000	n_jets=1.000000	n_b_jets=0.000000	jet_1_pt=34.377413	jet_1_eta=0.572632	jet_2_pt=-999.000000	jet_2_eta=-999.000000	jet_2_phi=-999.000000	jet_3_pt=-999.000000	jet_3_eta=-999.000000	jet_3_phi=-999.000000	MET_pt=64.422377	n_electrons=0.000000	n_muons=2.000000
Diff:	n_jets-n_jets=-1.000000	jet_1_pt-jet_1_pt=0.006418	jet_2_pt-jet_2_pt=-1030.669718	jet_2_eta-jet_2_eta=-995.370117	jet_2_phi-j2_phi=-996.557129	MET_pt-met=-0.763544

--- Event 56856.0 (n2p:two_jet -> DNA:two_jet/zero_to_one_jet) ---
n2p (two_jet):	event=56856.000000	n_jets=2.000000	nbdfm=0.000000	jet_1_pt=39.160954	jet_1_eta=3.526855	jet_2_pt=35.276981	jet_2_eta=-3.676270	j2_phi=0.526367	j3_pt=-999.000000	j3_eta=-999.000000	j3_phi=-999.000000	met=57.434578	nel=2.000000	nmu=0.000000
DNA:	Event not found in two_jet or zero_to_one_jet

--- Event 57625.0 (n2p:two_jet -> DNA:two_jet/zero_to_one_jet) ---
n2p (two_jet):	event=57625.000000	n_jets=2.000000	nbdfm=0.000000	jet_1_pt=118.266998	jet_1_eta=-1.214600	jet_2_pt=69.050430	jet_2_eta=3.153809	j2_phi=2.450684	j3_pt=-999.000000	j3_eta=-999.000000	j3_phi=-999.000000	met=50.305893	nel=2.000000	nmu=0.000000
DNA:	Event not found in two_jet or zero_to_one_jet

--- Event 64737.0 (n2p:two_jet -> DNA:two_jet/zero_to_one_jet) ---
n2p (two_jet):	event=64737.000000	n_jets=2.000000	nbdfm=0.000000	jet_1_pt=46.412064	jet_1_eta=-1.821533	jet_2_pt=31.846609	jet_2_eta=2.240234	j2_phi=0.955078	j3_pt=-999.000000	j3_eta=-999.000000	j3_phi=-999.000000	met=33.764717	nel=0.000000	nmu=2.000000
DNA (zero_to_one_jet):	event=64737.000000	run=1.000000	luminosityBlock=65.000000	n_jets=1.000000	n_b_jets=0.000000	jet_1_pt=46.466945	jet_1_eta=-1.821533	jet_2_pt=-999.000000	jet_2_eta=-999.000000	jet_2_phi=-999.000000	jet_3_pt=-999.000000	jet_3_eta=-999.000000	jet_3_phi=-999.000000	MET_pt=33.466698	n_electrons=0.000000	n_muons=2.000000
Diff:	n_jets-n_jets=-1.000000	jet_1_pt-jet_1_pt=0.054882	jet_2_pt-jet_2_pt=-1030.846609	jet_2_eta-jet_2_eta=-1001.240234	jet_2_phi-j2_phi=-999.955078	MET_pt-met=-0.298019

--- Event 65297.0 (n2p:two_jet -> DNA:two_jet/zero_to_one_jet) ---
n2p (two_jet):	event=65297.000000	n_jets=2.000000	nbdfm=0.000000	jet_1_pt=59.023884	jet_1_eta=-1.227295	jet_2_pt=33.698711	jet_2_eta=-0.616211	j2_phi=2.691895	j3_pt=-999.000000	j3_eta=-999.000000	j3_phi=-999.000000	met=14.458384	nel=2.000000	nmu=0.000000
DNA:	Event not found in two_jet or zero_to_one_jet

--- Event 65742.0 (n2p:two_jet -> DNA:two_jet/zero_to_one_jet) ---
n2p (two_jet):	event=65742.000000	n_jets=2.000000	nbdfm=0.000000	jet_1_pt=55.233860	jet_1_eta=2.714844	jet_2_pt=32.268864	jet_2_eta=0.677246	j2_phi=2.247070	j3_pt=-999.000000	j3_eta=-999.000000	j3_phi=-999.000000	met=69.136612	nel=2.000000	nmu=0.000000
DNA (zero_to_one_jet):	event=65742.000000	run=1.000000	luminosityBlock=66.000000	n_jets=1.000000	n_b_jets=0.000000	jet_1_pt=32.254056	jet_1_eta=0.677246	jet_2_pt=-999.000000	jet_2_eta=-999.000000	jet_2_phi=-999.000000	jet_3_pt=-999.000000	jet_3_eta=-999.000000	jet_3_phi=-999.000000	MET_pt=65.976655	n_electrons=2.000000	n_muons=0.000000
Diff:	n_jets-n_jets=-1.000000	jet_1_pt-jet_1_pt=-22.979804	jet_1_eta-jet_1_eta=-2.037598	jet_2_pt-jet_2_pt=-1031.268864	jet_2_eta-jet_2_eta=-999.677246	jet_2_phi-j2_phi=-1001.247070	MET_pt-met=-3.159957

--- Event 67092.0 (n2p:two_jet -> DNA:two_jet/zero_to_one_jet) ---
n2p (two_jet):	event=67092.000000	n_jets=2.000000	nbdfm=0.000000	jet_1_pt=77.380447	jet_1_eta=-3.583496	jet_2_pt=31.554335	jet_2_eta=3.608887	j2_phi=1.717041	j3_pt=-999.000000	j3_eta=-999.000000	j3_phi=-999.000000	met=80.879387	nel=0.000000	nmu=2.000000
DNA (zero_to_one_jet):	event=67092.000000	run=1.000000	luminosityBlock=68.000000	n_jets=1.000000	n_b_jets=0.000000	jet_1_pt=56.372782	jet_1_eta=-3.583496	jet_2_pt=-999.000000	jet_2_eta=-999.000000	jet_2_phi=-999.000000	jet_3_pt=-999.000000	jet_3_eta=-999.000000	jet_3_phi=-999.000000	MET_pt=59.372028	n_electrons=0.000000	n_muons=2.000000
Diff:	n_jets-n_jets=-1.000000	jet_1_pt-jet_1_pt=-21.007665	jet_2_pt-jet_2_pt=-1030.554335	jet_2_eta-jet_2_eta=-1002.608887	jet_2_phi-j2_phi=-1000.717041	MET_pt-met=-21.507359

--- Event 67169.0 (n2p:two_jet -> DNA:two_jet/zero_to_one_jet) ---
n2p (two_jet):	event=67169.000000	n_jets=3.000000	nbdfm=0.000000	jet_1_pt=84.712944	jet_1_eta=-2.304199	jet_2_pt=56.764416	jet_2_eta=-1.144775	j2_phi=0.976807	j3_pt=55.267681	j3_eta=-0.964478	j3_phi=1.843018	met=20.522142	nel=2.000000	nmu=0.000000
DNA:	Event not found in two_jet or zero_to_one_jet

--- Event 68929.0 (n2p:two_jet -> DNA:two_jet/zero_to_one_jet) ---
n2p (two_jet):	event=68929.000000	n_jets=2.000000	nbdfm=0.000000	jet_1_pt=40.335068	jet_1_eta=3.211426	jet_2_pt=31.597054	jet_2_eta=2.238770	j2_phi=1.126221	j3_pt=-999.000000	j3_eta=-999.000000	j3_phi=-999.000000	met=35.420681	nel=2.000000	nmu=0.000000
DNA:	Event not found in two_jet or zero_to_one_jet

--- Event 68963.0 (n2p:two_jet -> DNA:two_jet/zero_to_one_jet) ---
n2p (two_jet):	event=68963.000000	n_jets=2.000000	nbdfm=0.000000	jet_1_pt=53.094662	jet_1_eta=1.497803	jet_2_pt=32.731640	jet_2_eta=3.703613	j2_phi=1.415527	j3_pt=-999.000000	j3_eta=-999.000000	j3_phi=-999.000000	met=63.365288	nel=2.000000	nmu=0.000000
DNA (zero_to_one_jet):	event=68963.000000	run=1.000000	luminosityBlock=69.000000	n_jets=1.000000	n_b_jets=0.000000	jet_1_pt=52.996916	jet_1_eta=1.497803	jet_2_pt=-999.000000	jet_2_eta=-999.000000	jet_2_phi=-999.000000	jet_3_pt=-999.000000	jet_3_eta=-999.000000	jet_3_phi=-999.000000	MET_pt=58.541025	n_electrons=2.000000	n_muons=0.000000
Diff:	n_jets-n_jets=-1.000000	jet_1_pt-jet_1_pt=-0.097745	jet_2_pt-jet_2_pt=-1031.731640	jet_2_eta-jet_2_eta=-1002.703613	jet_2_phi-j2_phi=-1000.415527	MET_pt-met=-4.824263

--- Event 72939.0 (n2p:two_jet -> DNA:two_jet/zero_to_one_jet) ---
n2p (two_jet):	event=72939.000000	n_jets=2.000000	nbdfm=0.000000	jet_1_pt=41.493156	jet_1_eta=1.884521	jet_2_pt=33.693222	jet_2_eta=-3.015137	j2_phi=0.257507	j3_pt=-999.000000	j3_eta=-999.000000	j3_phi=-999.000000	met=49.946381	nel=2.000000	nmu=0.000000
DNA (zero_to_one_jet):	event=72939.000000	run=1.000000	luminosityBlock=73.000000	n_jets=1.000000	n_b_jets=0.000000	jet_1_pt=41.574885	jet_1_eta=1.884521	jet_2_pt=-999.000000	jet_2_eta=-999.000000	jet_2_phi=-999.000000	jet_3_pt=-999.000000	jet_3_eta=-999.000000	jet_3_phi=-999.000000	MET_pt=36.692107	n_electrons=2.000000	n_muons=0.000000
Diff:	n_jets-n_jets=-1.000000	jet_1_pt-jet_1_pt=0.081729	jet_2_pt-jet_2_pt=-1032.693222	jet_2_eta-jet_2_eta=-995.984863	jet_2_phi-j2_phi=-999.257507	MET_pt-met=-13.254274

--- Event 76013.0 (n2p:two_jet -> DNA:two_jet/zero_to_one_jet) ---
n2p (two_jet):	event=76013.000000	n_jets=2.000000	nbdfm=0.000000	jet_1_pt=45.228378	jet_1_eta=-3.972168	jet_2_pt=30.344280	jet_2_eta=0.446350	j2_phi=-2.846191	j3_pt=-999.000000	j3_eta=-999.000000	j3_phi=-999.000000	met=41.674465	nel=2.000000	nmu=0.000000
DNA (zero_to_one_jet):	event=76013.000000	run=1.000000	luminosityBlock=77.000000	n_jets=1.000000	n_b_jets=0.000000	jet_1_pt=44.489974	jet_1_eta=-3.972168	jet_2_pt=-999.000000	jet_2_eta=-999.000000	jet_2_phi=-999.000000	jet_3_pt=-999.000000	jet_3_eta=-999.000000	jet_3_phi=-999.000000	MET_pt=37.925693	n_electrons=2.000000	n_muons=0.000000
Diff:	n_jets-n_jets=-1.000000	jet_1_pt-jet_1_pt=-0.738404	jet_2_pt-jet_2_pt=-1029.344280	jet_2_eta-jet_2_eta=-999.446350	jet_2_phi-j2_phi=-996.153809	MET_pt-met=-3.748772

--- Event 79306.0 (n2p:two_jet -> DNA:two_jet/zero_to_one_jet) ---
n2p (two_jet):	event=79306.000000	n_jets=2.000000	nbdfm=0.000000	jet_1_pt=49.705505	jet_1_eta=-1.825439	jet_2_pt=44.083424	jet_2_eta=3.903809	j2_phi=-1.309814	j3_pt=-999.000000	j3_eta=-999.000000	j3_phi=-999.000000	met=32.597637	nel=0.000000	nmu=2.000000
DNA (zero_to_one_jet):	event=79306.000000	run=1.000000	luminosityBlock=80.000000	n_jets=1.000000	n_b_jets=0.000000	jet_1_pt=49.766422	jet_1_eta=-1.825439	jet_2_pt=-999.000000	jet_2_eta=-999.000000	jet_2_phi=-999.000000	jet_3_pt=-999.000000	jet_3_eta=-999.000000	jet_3_phi=-999.000000	MET_pt=20.437361	n_electrons=0.000000	n_muons=2.000000
Diff:	n_jets-n_jets=-1.000000	jet_1_pt-jet_1_pt=0.060916	jet_2_pt-jet_2_pt=-1043.083424	jet_2_eta-jet_2_eta=-1002.903809	jet_2_phi-j2_phi=-997.690186	MET_pt-met=-12.160276

--- Event 81848.0 (n2p:two_jet -> DNA:two_jet/zero_to_one_jet) ---
n2p (two_jet):	event=81848.000000	n_jets=2.000000	nbdfm=0.000000	jet_1_pt=41.933510	jet_1_eta=0.062050	jet_2_pt=34.983398	jet_2_eta=3.088867	j2_phi=3.101562	j3_pt=-999.000000	j3_eta=-999.000000	j3_phi=-999.000000	met=33.701523	nel=0.000000	nmu=2.000000
DNA:	Event not found in two_jet or zero_to_one_jet

--- Event 82948.0 (n2p:two_jet -> DNA:two_jet/zero_to_one_jet) ---
n2p (two_jet):	event=82948.000000	n_jets=2.000000	nbdfm=0.000000	jet_1_pt=82.446701	jet_1_eta=2.211426	jet_2_pt=43.532772	jet_2_eta=-1.899658	j2_phi=-3.026855	j3_pt=-999.000000	j3_eta=-999.000000	j3_phi=-999.000000	met=44.795349	nel=2.000000	nmu=0.000000
DNA:	Event not found in two_jet or zero_to_one_jet

--- Event 86894.0 (n2p:two_jet -> DNA:two_jet/zero_to_one_jet) ---
n2p (two_jet):	event=86894.000000	n_jets=2.000000	nbdfm=0.000000	jet_1_pt=159.263626	jet_1_eta=-1.732178	jet_2_pt=30.210808	jet_2_eta=-4.388672	j2_phi=-2.359863	j3_pt=-999.000000	j3_eta=-999.000000	j3_phi=-999.000000	met=39.534054	nel=0.000000	nmu=2.000000
DNA (zero_to_one_jet):	event=86894.000000	run=1.000000	luminosityBlock=87.000000	n_jets=1.000000	n_b_jets=0.000000	jet_1_pt=159.533523	jet_1_eta=-1.732178	jet_2_pt=-999.000000	jet_2_eta=-999.000000	jet_2_phi=-999.000000	jet_3_pt=-999.000000	jet_3_eta=-999.000000	jet_3_phi=-999.000000	MET_pt=39.157317	n_electrons=0.000000	n_muons=2.000000
Diff:	n_jets-n_jets=-1.000000	jet_1_pt-jet_1_pt=0.269897	jet_2_pt-jet_2_pt=-1029.210808	jet_2_eta-jet_2_eta=-994.611328	jet_2_phi-j2_phi=-996.640137	MET_pt-met=-0.376736

--- Event 87815.0 (n2p:two_jet -> DNA:two_jet/zero_to_one_jet) ---
n2p (two_jet):	event=87815.000000	n_jets=2.000000	nbdfm=0.000000	jet_1_pt=42.125309	jet_1_eta=-1.132324	jet_2_pt=31.517376	jet_2_eta=3.563477	j2_phi=3.015137	j3_pt=-999.000000	j3_eta=-999.000000	j3_phi=-999.000000	met=93.590675	nel=0.000000	nmu=2.000000
DNA (zero_to_one_jet):	event=87815.000000	run=1.000000	luminosityBlock=88.000000	n_jets=1.000000	n_b_jets=0.000000	jet_1_pt=42.055190	jet_1_eta=-1.132324	jet_2_pt=-999.000000	jet_2_eta=-999.000000	jet_2_phi=-999.000000	jet_3_pt=-999.000000	jet_3_eta=-999.000000	jet_3_phi=-999.000000	MET_pt=84.601227	n_electrons=0.000000	n_muons=2.000000
Diff:	n_jets-n_jets=-1.000000	jet_1_pt-jet_1_pt=-0.070119	jet_2_pt-jet_2_pt=-1030.517376	jet_2_eta-jet_2_eta=-1002.563477	jet_2_phi-j2_phi=-1002.015137	MET_pt-met=-8.989449

--- Event 93513.0 (n2p:two_jet -> DNA:two_jet/zero_to_one_jet) ---
n2p (two_jet):	event=93513.000000	n_jets=2.000000	nbdfm=0.000000	jet_1_pt=88.887802	jet_1_eta=2.357422	jet_2_pt=34.115585	jet_2_eta=4.475586	j2_phi=-1.764160	j3_pt=-999.000000	j3_eta=-999.000000	j3_phi=-999.000000	met=36.715061	nel=2.000000	nmu=0.000000
DNA (zero_to_one_jet):	event=93513.000000	run=1.000000	luminosityBlock=94.000000	n_jets=1.000000	n_b_jets=0.000000	jet_1_pt=37.820103	jet_1_eta=4.475586	jet_2_pt=-999.000000	jet_2_eta=-999.000000	jet_2_phi=-999.000000	jet_3_pt=-999.000000	jet_3_eta=-999.000000	jet_3_phi=-999.000000	MET_pt=38.057454	n_electrons=2.000000	n_muons=0.000000
Diff:	n_jets-n_jets=-1.000000	jet_1_pt-jet_1_pt=-51.067699	jet_1_eta-jet_1_eta=2.118164	jet_2_pt-jet_2_pt=-1033.115585	jet_2_eta-jet_2_eta=-1003.475586	jet_2_phi-j2_phi=-997.235840	MET_pt-met=1.342393

--- Event 104203.0 (n2p:two_jet -> DNA:two_jet/zero_to_one_jet) ---
n2p (two_jet):	event=104203.000000	n_jets=2.000000	nbdfm=0.000000	jet_1_pt=64.506531	jet_1_eta=1.240967	jet_2_pt=33.033764	jet_2_eta=-1.795166	j2_phi=1.604492	j3_pt=-999.000000	j3_eta=-999.000000	j3_phi=-999.000000	met=25.168245	nel=2.000000	nmu=0.000000
DNA (zero_to_one_jet):	event=104203.000000	run=1.000000	luminosityBlock=105.000000	n_jets=1.000000	n_b_jets=0.000000	jet_1_pt=80.583739	jet_1_eta=1.240967	jet_2_pt=-999.000000	jet_2_eta=-999.000000	jet_2_phi=-999.000000	jet_3_pt=-999.000000	jet_3_eta=-999.000000	jet_3_phi=-999.000000	MET_pt=7.318175	n_electrons=2.000000	n_muons=0.000000
Diff:	n_jets-n_jets=-1.000000	jet_1_pt-jet_1_pt=16.077208	jet_2_pt-jet_2_pt=-1032.033764	jet_2_eta-jet_2_eta=-997.204834	jet_2_phi-j2_phi=-1000.604492	MET_pt-met=-17.850071

--- Event 107483.0 (n2p:two_jet -> DNA:two_jet/zero_to_one_jet) ---
n2p (two_jet):	event=107483.000000	n_jets=2.000000	nbdfm=0.000000	jet_1_pt=66.328133	jet_1_eta=-3.532715	jet_2_pt=30.497786	jet_2_eta=-1.116211	j2_phi=2.331543	j3_pt=-999.000000	j3_eta=-999.000000	j3_phi=-999.000000	met=7.370775	nel=2.000000	nmu=0.000000
DNA (zero_to_one_jet):	event=107483.000000	run=1.000000	luminosityBlock=108.000000	n_jets=1.000000	n_b_jets=0.000000	jet_1_pt=68.170080	jet_1_eta=-3.532715	jet_2_pt=-999.000000	jet_2_eta=-999.000000	jet_2_phi=-999.000000	jet_3_pt=-999.000000	jet_3_eta=-999.000000	jet_3_phi=-999.000000	MET_pt=7.697109	n_electrons=2.000000	n_muons=0.000000
Diff:	n_jets-n_jets=-1.000000	jet_1_pt-jet_1_pt=1.841947	jet_2_pt-jet_2_pt=-1029.497786	jet_2_eta-jet_2_eta=-997.883789	jet_2_phi-j2_phi=-1001.331543	MET_pt-met=0.326334

--- Event 108934.0 (n2p:two_jet -> DNA:two_jet/zero_to_one_jet) ---
n2p (two_jet):	event=108934.000000	n_jets=2.000000	nbdfm=0.000000	jet_1_pt=47.471813	jet_1_eta=-1.466797	jet_2_pt=44.642700	jet_2_eta=-0.011559	j2_phi=0.514038	j3_pt=-999.000000	j3_eta=-999.000000	j3_phi=-999.000000	met=1.583782	nel=2.000000	nmu=0.000000
DNA (zero_to_one_jet):	event=108934.000000	run=1.000000	luminosityBlock=109.000000	n_jets=1.000000	n_b_jets=0.000000	jet_1_pt=44.606582	jet_1_eta=-0.011559	jet_2_pt=-999.000000	jet_2_eta=-999.000000	jet_2_phi=-999.000000	jet_3_pt=-999.000000	jet_3_eta=-999.000000	jet_3_phi=-999.000000	MET_pt=1.746006	n_electrons=2.000000	n_muons=0.000000
Diff:	n_jets-n_jets=-1.000000	jet_1_pt-jet_1_pt=-2.865231	jet_1_eta-jet_1_eta=1.455238	jet_2_pt-jet_2_pt=-1043.642700	jet_2_eta-jet_2_eta=-998.988441	jet_2_phi-j2_phi=-999.514038	MET_pt-met=0.162224

--- Event 110863.0 (n2p:two_jet -> DNA:two_jet/zero_to_one_jet) ---
n2p (two_jet):	event=110863.000000	n_jets=2.000000	nbdfm=0.000000	jet_1_pt=39.322285	jet_1_eta=1.521729	jet_2_pt=38.418720	jet_2_eta=0.783203	j2_phi=-2.419434	j3_pt=-999.000000	j3_eta=-999.000000	j3_phi=-999.000000	met=15.518257	nel=0.000000	nmu=2.000000
DNA:	Event not found in two_jet or zero_to_one_jet

--- Event 111861.0 (n2p:two_jet -> DNA:two_jet/zero_to_one_jet) ---
n2p (two_jet):	event=111861.000000	n_jets=2.000000	nbdfm=0.000000	jet_1_pt=52.869118	jet_1_eta=0.776489	jet_2_pt=30.340126	jet_2_eta=1.747803	j2_phi=2.190430	j3_pt=-999.000000	j3_eta=-999.000000	j3_phi=-999.000000	met=35.872288	nel=2.000000	nmu=0.000000
DNA:	Event not found in two_jet or zero_to_one_jet

--- Event 112228.0 (n2p:two_jet -> DNA:two_jet/zero_to_one_jet) ---
n2p (two_jet):	event=112228.000000	n_jets=2.000000	nbdfm=0.000000	jet_1_pt=94.324142	jet_1_eta=-1.665771	jet_2_pt=30.225441	jet_2_eta=3.013672	j2_phi=2.010254	j3_pt=-999.000000	j3_eta=-999.000000	j3_phi=-999.000000	met=15.230197	nel=2.000000	nmu=0.000000
DNA (zero_to_one_jet):	event=112228.000000	run=1.000000	luminosityBlock=113.000000	n_jets=1.000000	n_b_jets=0.000000	jet_1_pt=94.433984	jet_1_eta=-1.665771	jet_2_pt=-999.000000	jet_2_eta=-999.000000	jet_2_phi=-999.000000	jet_3_pt=-999.000000	jet_3_eta=-999.000000	jet_3_phi=-999.000000	MET_pt=11.150380	n_electrons=2.000000	n_muons=0.000000
Diff:	n_jets-n_jets=-1.000000	jet_1_pt-jet_1_pt=0.109841	jet_2_pt-jet_2_pt=-1029.225441	jet_2_eta-jet_2_eta=-1002.013672	jet_2_phi-j2_phi=-1001.010254	MET_pt-met=-4.079817

--- Event 113383.0 (n2p:two_jet -> DNA:two_jet/zero_to_one_jet) ---
n2p (two_jet):	event=113383.000000	n_jets=3.000000	nbdfm=0.000000	jet_1_pt=82.027489	jet_1_eta=-0.847656	jet_2_pt=66.440216	jet_2_eta=-0.340149	j2_phi=2.033203	j3_pt=55.583012	j3_eta=0.744629	j3_phi=-0.971069	met=11.794777	nel=2.000000	nmu=0.000000
DNA:	Event not found in two_jet or zero_to_one_jet

--- Event 113461.0 (n2p:two_jet -> DNA:two_jet/zero_to_one_jet) ---
n2p (two_jet):	event=113461.000000	n_jets=2.000000	nbdfm=0.000000	jet_1_pt=124.158195	jet_1_eta=4.148438	jet_2_pt=54.976917	jet_2_eta=-0.419556	j2_phi=3.106934	j3_pt=-999.000000	j3_eta=-999.000000	j3_phi=-999.000000	met=14.617450	nel=2.000000	nmu=0.000000
DNA:	Event not found in two_jet or zero_to_one_jet

--- Event 113611.0 (n2p:two_jet -> DNA:two_jet/zero_to_one_jet) ---
n2p (two_jet):	event=113611.000000	n_jets=3.000000	nbdfm=0.000000	jet_1_pt=56.543148	jet_1_eta=-0.351562	jet_2_pt=49.965157	jet_2_eta=3.395508	j2_phi=-1.950439	j3_pt=41.341656	j3_eta=4.281250	j3_phi=-1.798584	met=48.500996	nel=0.000000	nmu=2.000000
DNA:	Event not found in two_jet or zero_to_one_jet

--- Event 114176.0 (n2p:two_jet -> DNA:two_jet/zero_to_one_jet) ---
n2p (two_jet):	event=114176.000000	n_jets=2.000000	nbdfm=0.000000	jet_1_pt=34.908710	jet_1_eta=1.162109	jet_2_pt=31.416836	jet_2_eta=2.353516	j2_phi=-0.878174	j3_pt=-999.000000	j3_eta=-999.000000	j3_phi=-999.000000	met=44.631992	nel=2.000000	nmu=0.000000
DNA (zero_to_one_jet):	event=114176.000000	run=1.000000	luminosityBlock=115.000000	n_jets=1.000000	n_b_jets=0.000000	jet_1_pt=34.783211	jet_1_eta=1.162109	jet_2_pt=-999.000000	jet_2_eta=-999.000000	jet_2_phi=-999.000000	jet_3_pt=-999.000000	jet_3_eta=-999.000000	jet_3_phi=-999.000000	MET_pt=45.334816	n_electrons=2.000000	n_muons=0.000000
Diff:	n_jets-n_jets=-1.000000	jet_1_pt-jet_1_pt=-0.125500	jet_2_pt-jet_2_pt=-1030.416836	jet_2_eta-jet_2_eta=-1001.353516	jet_2_phi-j2_phi=-998.121826	MET_pt-met=0.702824

--- Event 123590.0 (n2p:two_jet -> DNA:two_jet/zero_to_one_jet) ---
n2p (two_jet):	event=123590.000000	n_jets=2.000000	nbdfm=0.000000	jet_1_pt=75.199417	jet_1_eta=-0.316589	jet_2_pt=37.058243	jet_2_eta=-1.698730	j2_phi=-1.073975	j3_pt=-999.000000	j3_eta=-999.000000	j3_phi=-999.000000	met=106.074837	nel=0.000000	nmu=2.000000
DNA:	Event not found in two_jet or zero_to_one_jet

--- Event 126572.0 (n2p:two_jet -> DNA:two_jet/zero_to_one_jet) ---
n2p (two_jet):	event=126572.000000	n_jets=2.000000	nbdfm=0.000000	jet_1_pt=63.896088	jet_1_eta=-0.680786	jet_2_pt=61.851334	jet_2_eta=-1.275146	j2_phi=0.904419	j3_pt=-999.000000	j3_eta=-999.000000	j3_phi=-999.000000	met=23.507618	nel=0.000000	nmu=2.000000
DNA:	Event not found in two_jet or zero_to_one_jet

--- Event 127664.0 (n2p:two_jet -> DNA:two_jet/zero_to_one_jet) ---
n2p (two_jet):	event=127664.000000	n_jets=2.000000	nbdfm=0.000000	jet_1_pt=51.321945	jet_1_eta=-1.303955	jet_2_pt=39.163334	jet_2_eta=4.404297	j2_phi=2.662109	j3_pt=-999.000000	j3_eta=-999.000000	j3_phi=-999.000000	met=73.781952	nel=2.000000	nmu=0.000000
DNA:	Event not found in two_jet or zero_to_one_jet

--- Event 128128.0 (n2p:two_jet -> DNA:two_jet/zero_to_one_jet) ---
n2p (two_jet):	event=128128.000000	n_jets=2.000000	nbdfm=0.000000	jet_1_pt=46.010639	jet_1_eta=0.668213	jet_2_pt=43.535622	jet_2_eta=0.884521	j2_phi=1.099854	j3_pt=-999.000000	j3_eta=-999.000000	j3_phi=-999.000000	met=50.035870	nel=0.000000	nmu=2.000000
DNA:	Event not found in two_jet or zero_to_one_jet

--- Event 129431.0 (n2p:two_jet -> DNA:two_jet/zero_to_one_jet) ---
n2p (two_jet):	event=129431.000000	n_jets=2.000000	nbdfm=0.000000	jet_1_pt=38.915760	jet_1_eta=1.381348	jet_2_pt=31.534801	jet_2_eta=3.208496	j2_phi=-2.479492	j3_pt=-999.000000	j3_eta=-999.000000	j3_phi=-999.000000	met=28.850365	nel=2.000000	nmu=0.000000
DNA (zero_to_one_jet):	event=129431.000000	run=1.000000	luminosityBlock=130.000000	n_jets=1.000000	n_b_jets=0.000000	jet_1_pt=38.813847	jet_1_eta=1.381348	jet_2_pt=-999.000000	jet_2_eta=-999.000000	jet_2_phi=-999.000000	jet_3_pt=-999.000000	jet_3_eta=-999.000000	jet_3_phi=-999.000000	MET_pt=25.916160	n_electrons=2.000000	n_muons=0.000000
Diff:	n_jets-n_jets=-1.000000	jet_1_pt-jet_1_pt=-0.101913	jet_2_pt-jet_2_pt=-1030.534801	jet_2_eta-jet_2_eta=-1002.208496	jet_2_phi-j2_phi=-996.520508	MET_pt-met=-2.934205

--- Event 133946.0 (n2p:two_jet -> DNA:two_jet/zero_to_one_jet) ---
n2p (two_jet):	event=133946.000000	n_jets=2.000000	nbdfm=0.000000	jet_1_pt=37.952667	jet_1_eta=3.657715	jet_2_pt=31.294735	jet_2_eta=1.823242	j2_phi=-2.609863	j3_pt=-999.000000	j3_eta=-999.000000	j3_phi=-999.000000	met=69.625336	nel=2.000000	nmu=0.000000
DNA (zero_to_one_jet):	event=133946.000000	run=1.000000	luminosityBlock=134.000000	n_jets=1.000000	n_b_jets=0.000000	jet_1_pt=40.870388	jet_1_eta=3.657715	jet_2_pt=-999.000000	jet_2_eta=-999.000000	jet_2_phi=-999.000000	jet_3_pt=-999.000000	jet_3_eta=-999.000000	jet_3_phi=-999.000000	MET_pt=70.853735	n_electrons=2.000000	n_muons=0.000000
Diff:	n_jets-n_jets=-1.000000	jet_1_pt-jet_1_pt=2.917721	jet_2_pt-jet_2_pt=-1030.294735	jet_2_eta-jet_2_eta=-1000.823242	jet_2_phi-j2_phi=-996.390137	MET_pt-met=1.228399

--- Event 134557.0 (n2p:two_jet -> DNA:two_jet/zero_to_one_jet) ---
n2p (two_jet):	event=134557.000000	n_jets=2.000000	nbdfm=0.000000	jet_1_pt=157.078690	jet_1_eta=-1.012939	jet_2_pt=45.367237	jet_2_eta=0.071548	j2_phi=-2.675293	j3_pt=-999.000000	j3_eta=-999.000000	j3_phi=-999.000000	met=32.634331	nel=2.000000	nmu=0.000000
DNA:	Event not found in two_jet or zero_to_one_jet

--- Event 135130.0 (n2p:two_jet -> DNA:two_jet/zero_to_one_jet) ---
n2p (two_jet):	event=135130.000000	n_jets=2.000000	nbdfm=0.000000	jet_1_pt=36.542698	jet_1_eta=-3.444336	jet_2_pt=33.534920	jet_2_eta=-3.577637	j2_phi=-2.179199	j3_pt=-999.000000	j3_eta=-999.000000	j3_phi=-999.000000	met=34.221539	nel=2.000000	nmu=0.000000
DNA (zero_to_one_jet):	event=135130.000000	run=1.000000	luminosityBlock=136.000000	n_jets=1.000000	n_b_jets=0.000000	jet_1_pt=34.734995	jet_1_eta=-3.577637	jet_2_pt=-999.000000	jet_2_eta=-999.000000	jet_2_phi=-999.000000	jet_3_pt=-999.000000	jet_3_eta=-999.000000	jet_3_phi=-999.000000	MET_pt=31.293069	n_electrons=2.000000	n_muons=0.000000
Diff:	n_jets-n_jets=-1.000000	jet_1_pt-jet_1_pt=-1.807703	jet_1_eta-jet_1_eta=-0.133301	jet_2_pt-jet_2_pt=-1032.534920	jet_2_eta-jet_2_eta=-995.422363	jet_2_phi-j2_phi=-996.820801	MET_pt-met=-2.928469

--- Event 135785.0 (n2p:two_jet -> DNA:two_jet/zero_to_one_jet) ---
n2p (two_jet):	event=135785.000000	n_jets=2.000000	nbdfm=0.000000	jet_1_pt=74.750992	jet_1_eta=1.125000	jet_2_pt=30.475801	jet_2_eta=3.263672	j2_phi=-1.416504	j3_pt=-999.000000	j3_eta=-999.000000	j3_phi=-999.000000	met=54.577312	nel=0.000000	nmu=2.000000
DNA (zero_to_one_jet):	event=135785.000000	run=1.000000	luminosityBlock=136.000000	n_jets=1.000000	n_b_jets=0.000000	jet_1_pt=74.727911	jet_1_eta=1.125000	jet_2_pt=-999.000000	jet_2_eta=-999.000000	jet_2_phi=-999.000000	jet_3_pt=-999.000000	jet_3_eta=-999.000000	jet_3_phi=-999.000000	MET_pt=45.530571	n_electrons=0.000000	n_muons=2.000000
Diff:	n_jets-n_jets=-1.000000	jet_1_pt-jet_1_pt=-0.023080	jet_2_pt-jet_2_pt=-1029.475801	jet_2_eta-jet_2_eta=-1002.263672	jet_2_phi-j2_phi=-997.583496	MET_pt-met=-9.046741

--- Event 136024.0 (n2p:two_jet -> DNA:two_jet/zero_to_one_jet) ---
n2p (two_jet):	event=136024.000000	n_jets=2.000000	nbdfm=0.000000	jet_1_pt=65.680473	jet_1_eta=-2.890625	jet_2_pt=55.183426	jet_2_eta=-0.547119	j2_phi=2.737793	j3_pt=-999.000000	j3_eta=-999.000000	j3_phi=-999.000000	met=51.705029	nel=2.000000	nmu=0.000000
DNA:	Event not found in two_jet or zero_to_one_jet

--- Event 136257.0 (n2p:two_jet -> DNA:two_jet/zero_to_one_jet) ---
n2p (two_jet):	event=136257.000000	n_jets=2.000000	nbdfm=0.000000	jet_1_pt=91.320511	jet_1_eta=-2.184082	jet_2_pt=50.344048	jet_2_eta=1.512695	j2_phi=-1.909668	j3_pt=-999.000000	j3_eta=-999.000000	j3_phi=-999.000000	met=23.769402	nel=2.000000	nmu=0.000000
DNA:	Event not found in two_jet or zero_to_one_jet

--- Event 137711.0 (n2p:two_jet -> DNA:two_jet/zero_to_one_jet) ---
n2p (two_jet):	event=137711.000000	n_jets=2.000000	nbdfm=0.000000	jet_1_pt=77.238800	jet_1_eta=-0.861084	jet_2_pt=32.243893	jet_2_eta=3.086914	j2_phi=1.910400	j3_pt=-999.000000	j3_eta=-999.000000	j3_phi=-999.000000	met=25.791737	nel=0.000000	nmu=2.000000
DNA (zero_to_one_jet):	event=137711.000000	run=1.000000	luminosityBlock=138.000000	n_jets=1.000000	n_b_jets=0.000000	jet_1_pt=77.253896	jet_1_eta=-0.861084	jet_2_pt=-999.000000	jet_2_eta=-999.000000	jet_2_phi=-999.000000	jet_3_pt=-999.000000	jet_3_eta=-999.000000	jet_3_phi=-999.000000	MET_pt=21.618685	n_electrons=0.000000	n_muons=2.000000
Diff:	n_jets-n_jets=-1.000000	jet_1_pt-jet_1_pt=0.015096	jet_2_pt-jet_2_pt=-1031.243893	jet_2_eta-jet_2_eta=-1002.086914	jet_2_phi-j2_phi=-1000.910400	MET_pt-met=-4.173052

--- Event 139641.0 (n2p:two_jet -> DNA:two_jet/zero_to_one_jet) ---
n2p (two_jet):	event=139641.000000	n_jets=2.000000	nbdfm=0.000000	jet_1_pt=37.655430	jet_1_eta=3.811523	jet_2_pt=35.561428	jet_2_eta=-1.763916	j2_phi=0.546875	j3_pt=-999.000000	j3_eta=-999.000000	j3_phi=-999.000000	met=32.810070	nel=2.000000	nmu=0.000000
DNA:	Event not found in two_jet or zero_to_one_jet

--- Event 139746.0 (n2p:two_jet -> DNA:two_jet/zero_to_one_jet) ---
n2p (two_jet):	event=139746.000000	n_jets=2.000000	nbdfm=0.000000	jet_1_pt=37.543957	jet_1_eta=-1.209717	jet_2_pt=35.312809	jet_2_eta=4.122070	j2_phi=0.194183	j3_pt=-999.000000	j3_eta=-999.000000	j3_phi=-999.000000	met=27.014669	nel=2.000000	nmu=0.000000
DNA:	Event not found in two_jet or zero_to_one_jet

--- Event 148556.0 (n2p:two_jet -> DNA:two_jet/zero_to_one_jet) ---
n2p (two_jet):	event=148556.000000	n_jets=2.000000	nbdfm=0.000000	jet_1_pt=42.360863	jet_1_eta=0.006596	jet_2_pt=31.850508	jet_2_eta=0.471863	j2_phi=1.761230	j3_pt=-999.000000	j3_eta=-999.000000	j3_phi=-999.000000	met=61.298016	nel=0.000000	nmu=2.000000
DNA (zero_to_one_jet):	event=148556.000000	run=1.000000	luminosityBlock=149.000000	n_jets=1.000000	n_b_jets=0.000000	jet_1_pt=42.354475	jet_1_eta=0.006596	jet_2_pt=-999.000000	jet_2_eta=-999.000000	jet_2_phi=-999.000000	jet_3_pt=-999.000000	jet_3_eta=-999.000000	jet_3_phi=-999.000000	MET_pt=62.086526	n_electrons=0.000000	n_muons=2.000000
Diff:	n_jets-n_jets=-1.000000	jet_1_pt-jet_1_pt=-0.006387	jet_2_pt-jet_2_pt=-1030.850508	jet_2_eta-jet_2_eta=-999.471863	jet_2_phi-j2_phi=-1000.761230	MET_pt-met=0.788511

--- Event 153220.0 (n2p:two_jet -> DNA:two_jet/zero_to_one_jet) ---
n2p (two_jet):	event=153220.000000	n_jets=2.000000	nbdfm=0.000000	jet_1_pt=57.053001	jet_1_eta=1.741211	jet_2_pt=42.758686	jet_2_eta=0.515137	j2_phi=-2.411133	j3_pt=-999.000000	j3_eta=-999.000000	j3_phi=-999.000000	met=17.055473	nel=2.000000	nmu=0.000000
DNA:	Event not found in two_jet or zero_to_one_jet

--- Event 153418.0 (n2p:two_jet -> DNA:two_jet/zero_to_one_jet) ---
n2p (two_jet):	event=153418.000000	n_jets=2.000000	nbdfm=0.000000	jet_1_pt=88.716263	jet_1_eta=2.884277	jet_2_pt=36.648552	jet_2_eta=0.981079	j2_phi=-1.207031	j3_pt=-999.000000	j3_eta=-999.000000	j3_phi=-999.000000	met=22.009508	nel=2.000000	nmu=0.000000
DNA:	Event not found in two_jet or zero_to_one_jet

--- Event 155075.0 (n2p:two_jet -> DNA:two_jet/zero_to_one_jet) ---
n2p (two_jet):	event=155075.000000	n_jets=2.000000	nbdfm=0.000000	jet_1_pt=52.068851	jet_1_eta=2.020020	jet_2_pt=41.948933	jet_2_eta=2.109375	j2_phi=-1.093506	j3_pt=-999.000000	j3_eta=-999.000000	j3_phi=-999.000000	met=88.602417	nel=0.000000	nmu=2.000000
DNA:	Event not found in two_jet or zero_to_one_jet

--- Event 155989.0 (n2p:two_jet -> DNA:two_jet/zero_to_one_jet) ---
n2p (two_jet):	event=155989.000000	n_jets=2.000000	nbdfm=0.000000	jet_1_pt=62.733135	jet_1_eta=-2.048340	jet_2_pt=38.900322	jet_2_eta=-1.797607	j2_phi=0.547852	j3_pt=-999.000000	j3_eta=-999.000000	j3_phi=-999.000000	met=47.071796	nel=2.000000	nmu=0.000000
DNA:	Event not found in two_jet or zero_to_one_jet

--- Event 157739.0 (n2p:two_jet -> DNA:two_jet/zero_to_one_jet) ---
n2p (two_jet):	event=157739.000000	n_jets=2.000000	nbdfm=0.000000	jet_1_pt=32.128590	jet_1_eta=0.274231	jet_2_pt=31.504129	jet_2_eta=-3.436523	j2_phi=0.008905	j3_pt=-999.000000	j3_eta=-999.000000	j3_phi=-999.000000	met=36.789181	nel=0.000000	nmu=2.000000
DNA (zero_to_one_jet):	event=157739.000000	run=1.000000	luminosityBlock=158.000000	n_jets=1.000000	n_b_jets=0.000000	jet_1_pt=32.127142	jet_1_eta=0.274231	jet_2_pt=-999.000000	jet_2_eta=-999.000000	jet_2_phi=-999.000000	jet_3_pt=-999.000000	jet_3_eta=-999.000000	jet_3_phi=-999.000000	MET_pt=30.028676	n_electrons=0.000000	n_muons=2.000000
Diff:	n_jets-n_jets=-1.000000	jet_1_pt-jet_1_pt=-0.001447	jet_2_pt-jet_2_pt=-1030.504129	jet_2_eta-jet_2_eta=-995.563477	jet_2_phi-j2_phi=-999.008905	MET_pt-met=-6.760505

--- Event 160893.0 (n2p:two_jet -> DNA:two_jet/zero_to_one_jet) ---
n2p (two_jet):	event=160893.000000	n_jets=2.000000	nbdfm=0.000000	jet_1_pt=31.380039	jet_1_eta=-3.087402	jet_2_pt=31.239981	jet_2_eta=2.303711	j2_phi=-1.290283	j3_pt=-999.000000	j3_eta=-999.000000	j3_phi=-999.000000	met=79.086601	nel=0.000000	nmu=2.000000
DNA (zero_to_one_jet):	event=160893.000000	run=1.000000	luminosityBlock=161.000000	n_jets=1.000000	n_b_jets=0.000000	jet_1_pt=31.235703	jet_1_eta=2.303711	jet_2_pt=-999.000000	jet_2_eta=-999.000000	jet_2_phi=-999.000000	jet_3_pt=-999.000000	jet_3_eta=-999.000000	jet_3_phi=-999.000000	MET_pt=75.811962	n_electrons=0.000000	n_muons=2.000000
Diff:	n_jets-n_jets=-1.000000	jet_1_pt-jet_1_pt=-0.144336	jet_1_eta-jet_1_eta=5.391113	jet_2_pt-jet_2_pt=-1030.239981	jet_2_eta-jet_2_eta=-1001.303711	jet_2_phi-j2_phi=-997.709717	MET_pt-met=-3.274639

--- Event 162069.0 (n2p:two_jet -> DNA:two_jet/zero_to_one_jet) ---
n2p (two_jet):	event=162069.000000	n_jets=2.000000	nbdfm=0.000000	jet_1_pt=50.178017	jet_1_eta=1.290039	jet_2_pt=49.211998	jet_2_eta=-0.857178	j2_phi=-0.974854	j3_pt=-999.000000	j3_eta=-999.000000	j3_phi=-999.000000	met=22.022791	nel=2.000000	nmu=0.000000
DNA:	Event not found in two_jet or zero_to_one_jet

--- Event 164891.0 (n2p:two_jet -> DNA:two_jet/zero_to_one_jet) ---
n2p (two_jet):	event=164891.000000	n_jets=2.000000	nbdfm=0.000000	jet_1_pt=34.669060	jet_1_eta=0.023613	jet_2_pt=30.003235	jet_2_eta=-1.074463	j2_phi=-3.085938	j3_pt=-999.000000	j3_eta=-999.000000	j3_phi=-999.000000	met=21.032442	nel=2.000000	nmu=0.000000
DNA (zero_to_one_jet):	event=164891.000000	run=1.000000	luminosityBlock=165.000000	n_jets=1.000000	n_b_jets=0.000000	jet_1_pt=34.672085	jet_1_eta=0.023613	jet_2_pt=-999.000000	jet_2_eta=-999.000000	jet_2_phi=-999.000000	jet_3_pt=-999.000000	jet_3_eta=-999.000000	jet_3_phi=-999.000000	MET_pt=21.078739	n_electrons=2.000000	n_muons=0.000000
Diff:	n_jets-n_jets=-1.000000	jet_1_pt-jet_1_pt=0.003026	jet_2_pt-jet_2_pt=-1029.003235	jet_2_eta-jet_2_eta=-997.925537	jet_2_phi-j2_phi=-995.914062	MET_pt-met=0.046297

--- Event 167463.0 (n2p:two_jet -> DNA:two_jet/zero_to_one_jet) ---
n2p (two_jet):	event=167463.000000	n_jets=2.000000	nbdfm=0.000000	jet_1_pt=36.478249	jet_1_eta=2.330078	jet_2_pt=30.020060	jet_2_eta=-1.159668	j2_phi=2.907227	j3_pt=-999.000000	j3_eta=-999.000000	j3_phi=-999.000000	met=12.998096	nel=2.000000	nmu=0.000000
DNA (zero_to_one_jet):	event=167463.000000	run=1.000000	luminosityBlock=168.000000	n_jets=1.000000	n_b_jets=0.000000	jet_1_pt=37.101212	jet_1_eta=2.330078	jet_2_pt=-999.000000	jet_2_eta=-999.000000	jet_2_phi=-999.000000	jet_3_pt=-999.000000	jet_3_eta=-999.000000	jet_3_phi=-999.000000	MET_pt=13.379890	n_electrons=2.000000	n_muons=0.000000
Diff:	n_jets-n_jets=-1.000000	jet_1_pt-jet_1_pt=0.622963	jet_2_pt-jet_2_pt=-1029.020060	jet_2_eta-jet_2_eta=-997.840332	jet_2_phi-j2_phi=-1001.907227	MET_pt-met=0.381794

--- Event 169645.0 (n2p:two_jet -> DNA:two_jet/zero_to_one_jet) ---
n2p (two_jet):	event=169645.000000	n_jets=2.000000	nbdfm=0.000000	jet_1_pt=35.391956	jet_1_eta=3.544434	jet_2_pt=32.661705	jet_2_eta=2.132324	j2_phi=2.310547	j3_pt=-999.000000	j3_eta=-999.000000	j3_phi=-999.000000	met=60.758705	nel=0.000000	nmu=2.000000
DNA (zero_to_one_jet):	event=169645.000000	run=1.000000	luminosityBlock=170.000000	n_jets=1.000000	n_b_jets=0.000000	jet_1_pt=32.751865	jet_1_eta=2.132324	jet_2_pt=-999.000000	jet_2_eta=-999.000000	jet_2_phi=-999.000000	jet_3_pt=-999.000000	jet_3_eta=-999.000000	jet_3_phi=-999.000000	MET_pt=51.639969	n_electrons=0.000000	n_muons=2.000000
Diff:	n_jets-n_jets=-1.000000	jet_1_pt-jet_1_pt=-2.640091	jet_1_eta-jet_1_eta=-1.412109	jet_2_pt-jet_2_pt=-1031.661705	jet_2_eta-jet_2_eta=-1001.132324	jet_2_phi-j2_phi=-1001.310547	MET_pt-met=-9.118736

--- Event 171158.0 (n2p:two_jet -> DNA:two_jet/zero_to_one_jet) ---
n2p (two_jet):	event=171158.000000	n_jets=2.000000	nbdfm=0.000000	jet_1_pt=75.380836	jet_1_eta=2.320312	jet_2_pt=63.752892	jet_2_eta=1.074707	j2_phi=0.408386	j3_pt=-999.000000	j3_eta=-999.000000	j3_phi=-999.000000	met=26.750278	nel=2.000000	nmu=0.000000
DNA:	Event not found in two_jet or zero_to_one_jet

--- Event 171642.0 (n2p:two_jet -> DNA:two_jet/zero_to_one_jet) ---
n2p (two_jet):	event=171642.000000	n_jets=2.000000	nbdfm=0.000000	jet_1_pt=80.954659	jet_1_eta=0.581421	jet_2_pt=32.227264	jet_2_eta=2.440918	j2_phi=1.361084	j3_pt=-999.000000	j3_eta=-999.000000	j3_phi=-999.000000	met=24.790667	nel=2.000000	nmu=0.000000
DNA (zero_to_one_jet):	event=171642.000000	run=1.000000	luminosityBlock=172.000000	n_jets=1.000000	n_b_jets=0.000000	jet_1_pt=80.925032	jet_1_eta=0.581421	jet_2_pt=-999.000000	jet_2_eta=-999.000000	jet_2_phi=-999.000000	jet_3_pt=-999.000000	jet_3_eta=-999.000000	jet_3_phi=-999.000000	MET_pt=23.264676	n_electrons=2.000000	n_muons=0.000000
Diff:	n_jets-n_jets=-1.000000	jet_1_pt-jet_1_pt=-0.029626	jet_2_pt-jet_2_pt=-1031.227264	jet_2_eta-jet_2_eta=-1001.440918	jet_2_phi-j2_phi=-1000.361084	MET_pt-met=-1.525991

--- Event 171689.0 (n2p:two_jet -> DNA:two_jet/zero_to_one_jet) ---
n2p (two_jet):	event=171689.000000	n_jets=2.000000	nbdfm=0.000000	jet_1_pt=66.198746	jet_1_eta=0.821289	jet_2_pt=51.189087	jet_2_eta=0.717651	j2_phi=0.847900	j3_pt=-999.000000	j3_eta=-999.000000	j3_phi=-999.000000	met=60.117973	nel=0.000000	nmu=2.000000
DNA:	Event not found in two_jet or zero_to_one_jet

--- Event 172661.0 (n2p:two_jet -> DNA:two_jet/zero_to_one_jet) ---
n2p (two_jet):	event=172661.000000	n_jets=2.000000	nbdfm=0.000000	jet_1_pt=91.418465	jet_1_eta=-3.394043	jet_2_pt=53.513771	jet_2_eta=-2.694336	j2_phi=-2.377441	j3_pt=-999.000000	j3_eta=-999.000000	j3_phi=-999.000000	met=32.401333	nel=2.000000	nmu=0.000000
DNA:	Event not found in two_jet or zero_to_one_jet

--- Event 172741.0 (n2p:two_jet -> DNA:two_jet/zero_to_one_jet) ---
n2p (two_jet):	event=172741.000000	n_jets=2.000000	nbdfm=0.000000	jet_1_pt=107.534798	jet_1_eta=0.035629	jet_2_pt=30.944872	jet_2_eta=0.047386	j2_phi=-2.023926	j3_pt=-999.000000	j3_eta=-999.000000	j3_phi=-999.000000	met=70.952972	nel=2.000000	nmu=0.000000
DNA:	Event not found in two_jet or zero_to_one_jet

--- Event 175970.0 (n2p:two_jet -> DNA:two_jet/zero_to_one_jet) ---
n2p (two_jet):	event=175970.000000	n_jets=2.000000	nbdfm=0.000000	jet_1_pt=35.693188	jet_1_eta=1.212646	jet_2_pt=31.149359	jet_2_eta=-1.893799	j2_phi=-2.457031	j3_pt=-999.000000	j3_eta=-999.000000	j3_phi=-999.000000	met=74.456436	nel=2.000000	nmu=0.000000
DNA (zero_to_one_jet):	event=175970.000000	run=1.000000	luminosityBlock=176.000000	n_jets=1.000000	n_b_jets=0.000000	jet_1_pt=35.570457	jet_1_eta=1.212646	jet_2_pt=-999.000000	jet_2_eta=-999.000000	jet_2_phi=-999.000000	jet_3_pt=-999.000000	jet_3_eta=-999.000000	jet_3_phi=-999.000000	MET_pt=61.627144	n_electrons=2.000000	n_muons=0.000000
Diff:	n_jets-n_jets=-1.000000	jet_1_pt-jet_1_pt=-0.122731	jet_2_pt-jet_2_pt=-1030.149359	jet_2_eta-jet_2_eta=-997.106201	jet_2_phi-j2_phi=-996.542969	MET_pt-met=-12.829292

--- Event 179279.0 (n2p:two_jet -> DNA:two_jet/zero_to_one_jet) ---
n2p (two_jet):	event=179279.000000	n_jets=2.000000	nbdfm=0.000000	jet_1_pt=32.665199	jet_1_eta=-0.416077	jet_2_pt=30.334654	jet_2_eta=-2.300781	j2_phi=1.127930	j3_pt=-999.000000	j3_eta=-999.000000	j3_phi=-999.000000	met=30.794985	nel=0.000000	nmu=2.000000
DNA (zero_to_one_jet):	event=179279.000000	run=1.000000	luminosityBlock=180.000000	n_jets=1.000000	n_b_jets=0.000000	jet_1_pt=32.651835	jet_1_eta=-0.416077	jet_2_pt=-999.000000	jet_2_eta=-999.000000	jet_2_phi=-999.000000	jet_3_pt=-999.000000	jet_3_eta=-999.000000	jet_3_phi=-999.000000	MET_pt=30.200878	n_electrons=0.000000	n_muons=2.000000
Diff:	n_jets-n_jets=-1.000000	jet_1_pt-jet_1_pt=-0.013364	jet_2_pt-jet_2_pt=-1029.334654	jet_2_eta-jet_2_eta=-996.699219	jet_2_phi-j2_phi=-1000.127930	MET_pt-met=-0.594107

--- Event 179618.0 (n2p:two_jet -> DNA:two_jet/zero_to_one_jet) ---
n2p (two_jet):	event=179618.000000	n_jets=2.000000	nbdfm=0.000000	jet_1_pt=78.364792	jet_1_eta=2.982422	jet_2_pt=30.480186	jet_2_eta=-3.831055	j2_phi=-0.919312	j3_pt=-999.000000	j3_eta=-999.000000	j3_phi=-999.000000	met=31.000633	nel=0.000000	nmu=2.000000
DNA (zero_to_one_jet):	event=179618.000000	run=1.000000	luminosityBlock=180.000000	n_jets=1.000000	n_b_jets=0.000000	jet_1_pt=83.571641	jet_1_eta=2.982422	jet_2_pt=-999.000000	jet_2_eta=-999.000000	jet_2_phi=-999.000000	jet_3_pt=-999.000000	jet_3_eta=-999.000000	jet_3_phi=-999.000000	MET_pt=28.976497	n_electrons=0.000000	n_muons=2.000000
Diff:	n_jets-n_jets=-1.000000	jet_1_pt-jet_1_pt=5.206849	jet_2_pt-jet_2_pt=-1029.480186	jet_2_eta-jet_2_eta=-995.168945	jet_2_phi-j2_phi=-998.080688	MET_pt-met=-2.024136

--- Event 184108.0 (n2p:two_jet -> DNA:two_jet/zero_to_one_jet) ---
n2p (two_jet):	event=184108.000000	n_jets=2.000000	nbdfm=0.000000	jet_1_pt=74.156387	jet_1_eta=-2.006348	jet_2_pt=32.668617	jet_2_eta=-2.461426	j2_phi=1.095215	j3_pt=-999.000000	j3_eta=-999.000000	j3_phi=-999.000000	met=27.335499	nel=0.000000	nmu=2.000000
DNA (zero_to_one_jet):	event=184108.000000	run=1.000000	luminosityBlock=185.000000	n_jets=1.000000	n_b_jets=0.000000	jet_1_pt=74.514791	jet_1_eta=-2.006348	jet_2_pt=-999.000000	jet_2_eta=-999.000000	jet_2_phi=-999.000000	jet_3_pt=-999.000000	jet_3_eta=-999.000000	jet_3_phi=-999.000000	MET_pt=33.798962	n_electrons=0.000000	n_muons=2.000000
Diff:	n_jets-n_jets=-1.000000	jet_1_pt-jet_1_pt=0.358404	jet_2_pt-jet_2_pt=-1031.668617	jet_2_eta-jet_2_eta=-996.538574	jet_2_phi-j2_phi=-1000.095215	MET_pt-met=6.463463

--- Event 184749.0 (n2p:two_jet -> DNA:two_jet/zero_to_one_jet) ---
n2p (two_jet):	event=184749.000000	n_jets=3.000000	nbdfm=0.000000	jet_1_pt=304.265228	jet_1_eta=-1.329102	jet_2_pt=125.161400	jet_2_eta=-0.502197	j2_phi=-1.172363	j3_pt=68.305405	j3_eta=0.021160	j3_phi=-0.510254	met=29.481594	nel=0.000000	nmu=2.000000
DNA:	Event not found in two_jet or zero_to_one_jet

--- Event 195120.0 (n2p:two_jet -> DNA:two_jet/zero_to_one_jet) ---
n2p (two_jet):	event=195120.000000	n_jets=2.000000	nbdfm=0.000000	jet_1_pt=68.259193	jet_1_eta=-3.294922	jet_2_pt=30.122751	jet_2_eta=-1.384521	j2_phi=2.277832	j3_pt=-999.000000	j3_eta=-999.000000	j3_phi=-999.000000	met=6.481373	nel=0.000000	nmu=2.000000
DNA (zero_to_one_jet):	event=195120.000000	run=1.000000	luminosityBlock=196.000000	n_jets=1.000000	n_b_jets=0.000000	jet_1_pt=70.580899	jet_1_eta=-3.294922	jet_2_pt=-999.000000	jet_2_eta=-999.000000	jet_2_phi=-999.000000	jet_3_pt=-999.000000	jet_3_eta=-999.000000	jet_3_phi=-999.000000	MET_pt=11.531090	n_electrons=0.000000	n_muons=2.000000
Diff:	n_jets-n_jets=-1.000000	jet_1_pt-jet_1_pt=2.321706	jet_2_pt-jet_2_pt=-1029.122751	jet_2_eta-jet_2_eta=-997.615479	jet_2_phi-j2_phi=-1001.277832	MET_pt-met=5.049717

--- Event 195844.0 (n2p:two_jet -> DNA:two_jet/zero_to_one_jet) ---
n2p (two_jet):	event=195844.000000	n_jets=2.000000	nbdfm=0.000000	jet_1_pt=60.373219	jet_1_eta=0.329529	jet_2_pt=32.282421	jet_2_eta=0.676392	j2_phi=-1.995605	j3_pt=-999.000000	j3_eta=-999.000000	j3_phi=-999.000000	met=31.456278	nel=2.000000	nmu=0.000000
DNA (zero_to_one_jet):	event=195844.000000	run=1.000000	luminosityBlock=196.000000	n_jets=1.000000	n_b_jets=0.000000	jet_1_pt=60.332987	jet_1_eta=0.329529	jet_2_pt=-999.000000	jet_2_eta=-999.000000	jet_2_phi=-999.000000	jet_3_pt=-999.000000	jet_3_eta=-999.000000	jet_3_phi=-999.000000	MET_pt=30.369413	n_electrons=2.000000	n_muons=0.000000
Diff:	n_jets-n_jets=-1.000000	jet_1_pt-jet_1_pt=-0.040232	jet_2_pt-jet_2_pt=-1031.282421	jet_2_eta-jet_2_eta=-999.676392	jet_2_phi-j2_phi=-997.004395	MET_pt-met=-1.086865

--- Event 197048.0 (n2p:two_jet -> DNA:two_jet/zero_to_one_jet) ---
n2p (two_jet):	event=197048.000000	n_jets=2.000000	nbdfm=0.000000	jet_1_pt=76.234512	jet_1_eta=-0.986938	jet_2_pt=32.128521	jet_2_eta=-3.264648	j2_phi=-1.442871	j3_pt=-999.000000	j3_eta=-999.000000	j3_phi=-999.000000	met=41.113770	nel=0.000000	nmu=2.000000
DNA (zero_to_one_jet):	event=197048.000000	run=1.000000	luminosityBlock=198.000000	n_jets=1.000000	n_b_jets=0.000000	jet_1_pt=76.269633	jet_1_eta=-0.986938	jet_2_pt=-999.000000	jet_2_eta=-999.000000	jet_2_phi=-999.000000	jet_3_pt=-999.000000	jet_3_eta=-999.000000	jet_3_phi=-999.000000	MET_pt=37.419052	n_electrons=0.000000	n_muons=2.000000
Diff:	n_jets-n_jets=-1.000000	jet_1_pt-jet_1_pt=0.035120	jet_2_pt-jet_2_pt=-1031.128521	jet_2_eta-jet_2_eta=-995.735352	jet_2_phi-j2_phi=-997.557129	MET_pt-met=-3.694718

--- Event 199754.0 (n2p:two_jet -> DNA:two_jet/zero_to_one_jet) ---
n2p (two_jet):	event=199754.000000	n_jets=2.000000	nbdfm=0.000000	jet_1_pt=89.026245	jet_1_eta=1.430420	jet_2_pt=40.395306	jet_2_eta=-0.138611	j2_phi=2.432617	j3_pt=-999.000000	j3_eta=-999.000000	j3_phi=-999.000000	met=30.507053	nel=0.000000	nmu=2.000000
DNA (zero_to_one_jet):	event=199754.000000	run=1.000000	luminosityBlock=200.000000	n_jets=1.000000	n_b_jets=0.000000	jet_1_pt=40.378458	jet_1_eta=-0.138611	jet_2_pt=-999.000000	jet_2_eta=-999.000000	jet_2_phi=-999.000000	jet_3_pt=-999.000000	jet_3_eta=-999.000000	jet_3_phi=-999.000000	MET_pt=38.429282	n_electrons=0.000000	n_muons=2.000000
Diff:	n_jets-n_jets=-1.000000	jet_1_pt-jet_1_pt=-48.647787	jet_1_eta-jet_1_eta=-1.569031	jet_2_pt-jet_2_pt=-1039.395306	jet_2_eta-jet_2_eta=-998.861389	jet_2_phi-j2_phi=-1001.432617	MET_pt-met=7.922228

--- Event 201852.0 (n2p:two_jet -> DNA:two_jet/zero_to_one_jet) ---
n2p (two_jet):	event=201852.000000	n_jets=2.000000	nbdfm=0.000000	jet_1_pt=70.217567	jet_1_eta=3.051270	jet_2_pt=48.657490	jet_2_eta=3.068359	j2_phi=2.306152	j3_pt=-999.000000	j3_eta=-999.000000	j3_phi=-999.000000	met=104.505966	nel=2.000000	nmu=0.000000
DNA:	Event not found in two_jet or zero_to_one_jet

--- Event 203925.0 (n2p:two_jet -> DNA:two_jet/zero_to_one_jet) ---
n2p (two_jet):	event=203925.000000	n_jets=2.000000	nbdfm=0.000000	jet_1_pt=34.721329	jet_1_eta=1.596924	jet_2_pt=30.504229	jet_2_eta=-4.251953	j2_phi=-0.086838	j3_pt=-999.000000	j3_eta=-999.000000	j3_phi=-999.000000	met=44.115311	nel=2.000000	nmu=0.000000
DNA:	Event not found in two_jet or zero_to_one_jet

--- Event 204053.0 (n2p:two_jet -> DNA:two_jet/zero_to_one_jet) ---
n2p (two_jet):	event=204053.000000	n_jets=2.000000	nbdfm=0.000000	jet_1_pt=62.411846	jet_1_eta=2.411133	jet_2_pt=34.462208	jet_2_eta=0.784912	j2_phi=2.610840	j3_pt=-999.000000	j3_eta=-999.000000	j3_phi=-999.000000	met=104.636566	nel=2.000000	nmu=0.000000
DNA:	Event not found in two_jet or zero_to_one_jet

--- Event 209356.0 (n2p:two_jet -> DNA:two_jet/zero_to_one_jet) ---
n2p (two_jet):	event=209356.000000	n_jets=2.000000	nbdfm=0.000000	jet_1_pt=43.785137	jet_1_eta=-1.495605	jet_2_pt=33.352470	jet_2_eta=-0.979004	j2_phi=-0.890381	j3_pt=-999.000000	j3_eta=-999.000000	j3_phi=-999.000000	met=6.072776	nel=2.000000	nmu=0.000000
DNA:	Event not found in two_jet or zero_to_one_jet

--- Event 211432.0 (n2p:two_jet -> DNA:two_jet/zero_to_one_jet) ---
n2p (two_jet):	event=211432.000000	n_jets=3.000000	nbdfm=0.000000	jet_1_pt=159.092148	jet_1_eta=0.243134	jet_2_pt=48.964367	jet_2_eta=1.131348	j2_phi=2.476074	j3_pt=45.123486	j3_eta=-1.457275	j3_phi=1.449463	met=26.694767	nel=2.000000	nmu=0.000000
DNA:	Event not found in two_jet or zero_to_one_jet

--- Event 211512.0 (n2p:two_jet -> DNA:two_jet/zero_to_one_jet) ---
n2p (two_jet):	event=211512.000000	n_jets=2.000000	nbdfm=0.000000	jet_1_pt=35.113647	jet_1_eta=-1.688477	jet_2_pt=31.092203	jet_2_eta=-3.884277	j2_phi=-1.183838	j3_pt=-999.000000	j3_eta=-999.000000	j3_phi=-999.000000	met=38.721340	nel=0.000000	nmu=2.000000
DNA (zero_to_one_jet):	event=211512.000000	run=1.000000	luminosityBlock=212.000000	n_jets=1.000000	n_b_jets=0.000000	jet_1_pt=35.132329	jet_1_eta=-1.688477	jet_2_pt=-999.000000	jet_2_eta=-999.000000	jet_2_phi=-999.000000	jet_3_pt=-999.000000	jet_3_eta=-999.000000	jet_3_phi=-999.000000	MET_pt=38.820526	n_electrons=0.000000	n_muons=2.000000
Diff:	n_jets-n_jets=-1.000000	jet_1_pt-jet_1_pt=0.018681	jet_2_pt-jet_2_pt=-1030.092203	jet_2_eta-jet_2_eta=-995.115723	jet_2_phi-j2_phi=-997.816162	MET_pt-met=0.099186

--- Event 215325.0 (n2p:two_jet -> DNA:two_jet/zero_to_one_jet) ---
n2p (two_jet):	event=215325.000000	n_jets=2.000000	nbdfm=0.000000	jet_1_pt=34.101433	jet_1_eta=1.784668	jet_2_pt=32.033871	jet_2_eta=-3.138184	j2_phi=-2.058105	j3_pt=-999.000000	j3_eta=-999.000000	j3_phi=-999.000000	met=56.734447	nel=0.000000	nmu=2.000000
DNA (zero_to_one_jet):	event=215325.000000	run=1.000000	luminosityBlock=216.000000	n_jets=1.000000	n_b_jets=0.000000	jet_1_pt=34.156351	jet_1_eta=1.784668	jet_2_pt=-999.000000	jet_2_eta=-999.000000	jet_2_phi=-999.000000	jet_3_pt=-999.000000	jet_3_eta=-999.000000	jet_3_phi=-999.000000	MET_pt=45.202555	n_electrons=0.000000	n_muons=2.000000
Diff:	n_jets-n_jets=-1.000000	jet_1_pt-jet_1_pt=0.054919	jet_2_pt-jet_2_pt=-1031.033871	jet_2_eta-jet_2_eta=-995.861816	jet_2_phi-j2_phi=-996.941895	MET_pt-met=-11.531893

--- Event 216319.0 (n2p:two_jet -> DNA:two_jet/zero_to_one_jet) ---
n2p (two_jet):	event=216319.000000	n_jets=2.000000	nbdfm=0.000000	jet_1_pt=37.885277	jet_1_eta=3.506348	jet_2_pt=31.651327	jet_2_eta=-3.497559	j2_phi=2.983398	j3_pt=-999.000000	j3_eta=-999.000000	j3_phi=-999.000000	met=81.051559	nel=0.000000	nmu=2.000000
DNA (zero_to_one_jet):	event=216319.000000	run=1.000000	luminosityBlock=217.000000	n_jets=1.000000	n_b_jets=0.000000	jet_1_pt=31.358062	jet_1_eta=-3.497559	jet_2_pt=-999.000000	jet_2_eta=-999.000000	jet_2_phi=-999.000000	jet_3_pt=-999.000000	jet_3_eta=-999.000000	jet_3_phi=-999.000000	MET_pt=65.638409	n_electrons=0.000000	n_muons=2.000000
Diff:	n_jets-n_jets=-1.000000	jet_1_pt-jet_1_pt=-6.527215	jet_1_eta-jet_1_eta=-7.003906	jet_2_pt-jet_2_pt=-1030.651327	jet_2_eta-jet_2_eta=-995.502441	jet_2_phi-j2_phi=-1001.983398	MET_pt-met=-15.413150

--- Event 216807.0 (n2p:two_jet -> DNA:two_jet/zero_to_one_jet) ---
n2p (two_jet):	event=216807.000000	n_jets=2.000000	nbdfm=0.000000	jet_1_pt=41.400032	jet_1_eta=0.154449	jet_2_pt=30.052752	jet_2_eta=1.169189	j2_phi=-2.763184	j3_pt=-999.000000	j3_eta=-999.000000	j3_phi=-999.000000	met=32.412819	nel=0.000000	nmu=2.000000
DNA (zero_to_one_jet):	event=216807.000000	run=1.000000	luminosityBlock=217.000000	n_jets=1.000000	n_b_jets=0.000000	jet_1_pt=41.409318	jet_1_eta=0.154449	jet_2_pt=-999.000000	jet_2_eta=-999.000000	jet_2_phi=-999.000000	jet_3_pt=-999.000000	jet_3_eta=-999.000000	jet_3_phi=-999.000000	MET_pt=0.000000	n_electrons=0.000000	n_muons=2.000000
Diff:	n_jets-n_jets=-1.000000	jet_1_pt-jet_1_pt=0.009286	jet_2_pt-jet_2_pt=-1029.052752	jet_2_eta-jet_2_eta=-1000.169189	jet_2_phi-j2_phi=-996.236816	MET_pt-met=-32.412819

--- Event 217938.0 (n2p:two_jet -> DNA:two_jet/zero_to_one_jet) ---
n2p (two_jet):	event=217938.000000	n_jets=2.000000	nbdfm=0.000000	jet_1_pt=163.068314	jet_1_eta=2.555176	jet_2_pt=30.585596	jet_2_eta=0.749268	j2_phi=0.417664	j3_pt=-999.000000	j3_eta=-999.000000	j3_phi=-999.000000	met=34.988041	nel=0.000000	nmu=2.000000
DNA (zero_to_one_jet):	event=217938.000000	run=1.000000	luminosityBlock=218.000000	n_jets=1.000000	n_b_jets=0.000000	jet_1_pt=167.200044	jet_1_eta=2.555176	jet_2_pt=-999.000000	jet_2_eta=-999.000000	jet_2_phi=-999.000000	jet_3_pt=-999.000000	jet_3_eta=-999.000000	jet_3_phi=-999.000000	MET_pt=33.230121	n_electrons=0.000000	n_muons=2.000000
Diff:	n_jets-n_jets=-1.000000	jet_1_pt-jet_1_pt=4.131731	jet_2_pt-jet_2_pt=-1029.585596	jet_2_eta-jet_2_eta=-999.749268	jet_2_phi-j2_phi=-999.417664	MET_pt-met=-1.757920

--- Event 218215.0 (n2p:two_jet -> DNA:two_jet/zero_to_one_jet) ---
n2p (two_jet):	event=218215.000000	n_jets=2.000000	nbdfm=0.000000	jet_1_pt=111.182365	jet_1_eta=-0.391785	jet_2_pt=88.114655	jet_2_eta=-0.966675	j2_phi=-0.646973	j3_pt=-999.000000	j3_eta=-999.000000	j3_phi=-999.000000	met=11.572813	nel=2.000000	nmu=0.000000
DNA:	Event not found in two_jet or zero_to_one_jet

--- Event 219312.0 (n2p:two_jet -> DNA:two_jet/zero_to_one_jet) ---
n2p (two_jet):	event=219312.000000	n_jets=2.000000	nbdfm=0.000000	jet_1_pt=32.943550	jet_1_eta=-1.923096	jet_2_pt=30.322872	jet_2_eta=1.666260	j2_phi=0.006784	j3_pt=-999.000000	j3_eta=-999.000000	j3_phi=-999.000000	met=18.828201	nel=0.000000	nmu=2.000000
DNA (zero_to_one_jet):	event=219312.000000	run=1.000000	luminosityBlock=220.000000	n_jets=1.000000	n_b_jets=0.000000	jet_1_pt=32.968855	jet_1_eta=-1.923096	jet_2_pt=-999.000000	jet_2_eta=-999.000000	jet_2_phi=-999.000000	jet_3_pt=-999.000000	jet_3_eta=-999.000000	jet_3_phi=-999.000000	MET_pt=17.768477	n_electrons=0.000000	n_muons=2.000000
Diff:	n_jets-n_jets=-1.000000	jet_1_pt-jet_1_pt=0.025305	jet_2_pt-jet_2_pt=-1029.322872	jet_2_eta-jet_2_eta=-1000.666260	jet_2_phi-j2_phi=-999.006784	MET_pt-met=-1.059724

--- Event 225365.0 (n2p:two_jet -> DNA:two_jet/zero_to_one_jet) ---
n2p (two_jet):	event=225365.000000	n_jets=2.000000	nbdfm=0.000000	jet_1_pt=44.727116	jet_1_eta=-0.706177	jet_2_pt=38.299942	jet_2_eta=4.402344	j2_phi=-2.665527	j3_pt=-999.000000	j3_eta=-999.000000	j3_phi=-999.000000	met=55.230614	nel=2.000000	nmu=0.000000
DNA:	Event not found in two_jet or zero_to_one_jet

--- Event 227053.0 (n2p:two_jet -> DNA:two_jet/zero_to_one_jet) ---
n2p (two_jet):	event=227053.000000	n_jets=2.000000	nbdfm=0.000000	jet_1_pt=53.198330	jet_1_eta=2.763672	jet_2_pt=39.147579	jet_2_eta=-2.436523	j2_phi=1.843262	j3_pt=-999.000000	j3_eta=-999.000000	j3_phi=-999.000000	met=68.952591	nel=2.000000	nmu=0.000000
DNA (zero_to_one_jet):	event=227053.000000	run=1.000000	luminosityBlock=228.000000	n_jets=1.000000	n_b_jets=0.000000	jet_1_pt=39.751429	jet_1_eta=-2.436523	jet_2_pt=-999.000000	jet_2_eta=-999.000000	jet_2_phi=-999.000000	jet_3_pt=-999.000000	jet_3_eta=-999.000000	jet_3_phi=-999.000000	MET_pt=56.014938	n_electrons=2.000000	n_muons=0.000000
Diff:	n_jets-n_jets=-1.000000	jet_1_pt-jet_1_pt=-13.446901	jet_1_eta-jet_1_eta=-5.200195	jet_2_pt-jet_2_pt=-1038.147579	jet_2_eta-jet_2_eta=-996.563477	jet_2_phi-j2_phi=-1000.843262	MET_pt-met=-12.937653

--- Event 227065.0 (n2p:two_jet -> DNA:two_jet/zero_to_one_jet) ---
n2p (two_jet):	event=227065.000000	n_jets=2.000000	nbdfm=0.000000	jet_1_pt=121.430244	jet_1_eta=-0.717163	jet_2_pt=41.944149	jet_2_eta=-3.267578	j2_phi=2.356445	j3_pt=-999.000000	j3_eta=-999.000000	j3_phi=-999.000000	met=27.354692	nel=0.000000	nmu=2.000000
DNA (zero_to_one_jet):	event=227065.000000	run=1.000000	luminosityBlock=228.000000	n_jets=1.000000	n_b_jets=0.000000	jet_1_pt=121.479990	jet_1_eta=-0.717163	jet_2_pt=-999.000000	jet_2_eta=-999.000000	jet_2_phi=-999.000000	jet_3_pt=-999.000000	jet_3_eta=-999.000000	jet_3_phi=-999.000000	MET_pt=41.038074	n_electrons=0.000000	n_muons=2.000000
Diff:	n_jets-n_jets=-1.000000	jet_1_pt-jet_1_pt=0.049746	jet_2_pt-jet_2_pt=-1040.944149	jet_2_eta-jet_2_eta=-995.732422	jet_2_phi-j2_phi=-1001.356445	MET_pt-met=13.683382

--- Event 229730.0 (n2p:two_jet -> DNA:two_jet/zero_to_one_jet) ---
n2p (two_jet):	event=229730.000000	n_jets=2.000000	nbdfm=0.000000	jet_1_pt=36.945656	jet_1_eta=-2.413086	jet_2_pt=31.139174	jet_2_eta=-0.531982	j2_phi=-1.392334	j3_pt=-999.000000	j3_eta=-999.000000	j3_phi=-999.000000	met=6.814042	nel=2.000000	nmu=0.000000
DNA (zero_to_one_jet):	event=229730.000000	run=1.000000	luminosityBlock=230.000000	n_jets=1.000000	n_b_jets=0.000000	jet_1_pt=30.246366	jet_1_eta=-2.413086	jet_2_pt=-999.000000	jet_2_eta=-999.000000	jet_2_phi=-999.000000	jet_3_pt=-999.000000	jet_3_eta=-999.000000	jet_3_phi=-999.000000	MET_pt=12.652485	n_electrons=2.000000	n_muons=0.000000
Diff:	n_jets-n_jets=-1.000000	jet_1_pt-jet_1_pt=-6.699290	jet_2_pt-jet_2_pt=-1030.139174	jet_2_eta-jet_2_eta=-998.468018	jet_2_phi-j2_phi=-997.607666	MET_pt-met=5.838443

--- Event 230541.0 (n2p:two_jet -> DNA:two_jet/zero_to_one_jet) ---
n2p (two_jet):	event=230541.000000	n_jets=2.000000	nbdfm=0.000000	jet_1_pt=73.401154	jet_1_eta=1.515381	jet_2_pt=39.502468	jet_2_eta=0.532349	j2_phi=-2.476074	j3_pt=-999.000000	j3_eta=-999.000000	j3_phi=-999.000000	met=25.179552	nel=2.000000	nmu=0.000000
DNA:	Event not found in two_jet or zero_to_one_jet

--- Event 238962.0 (n2p:two_jet -> DNA:two_jet/zero_to_one_jet) ---
n2p (two_jet):	event=238962.000000	n_jets=4.000000	nbdfm=0.000000	jet_1_pt=155.325653	jet_1_eta=1.851807	jet_2_pt=54.160583	jet_2_eta=1.162109	j2_phi=0.379395	j3_pt=52.621082	j3_eta=3.760254	j3_phi=2.043457	met=45.489464	nel=2.000000	nmu=0.000000
DNA:	Event not found in two_jet or zero_to_one_jet

--- Event 239535.0 (n2p:two_jet -> DNA:two_jet/zero_to_one_jet) ---
n2p (two_jet):	event=239535.000000	n_jets=2.000000	nbdfm=0.000000	jet_1_pt=113.643463	jet_1_eta=-0.081924	jet_2_pt=31.766527	jet_2_eta=-1.902344	j2_phi=1.609619	j3_pt=-999.000000	j3_eta=-999.000000	j3_phi=-999.000000	met=45.410137	nel=2.000000	nmu=0.000000
DNA:	Event not found in two_jet or zero_to_one_jet

--- Event 248499.0 (n2p:two_jet -> DNA:two_jet/zero_to_one_jet) ---
n2p (two_jet):	event=248499.000000	n_jets=3.000000	nbdfm=0.000000	jet_1_pt=120.932686	jet_1_eta=1.632568	jet_2_pt=60.745853	jet_2_eta=-2.742676	j2_phi=-0.398926	j3_pt=54.523499	j3_eta=-2.629395	j3_phi=-1.408691	met=28.489521	nel=2.000000	nmu=0.000000
DNA:	Event not found in two_jet or zero_to_one_jet

--- Event 250364.0 (n2p:two_jet -> DNA:two_jet/zero_to_one_jet) ---
n2p (two_jet):	event=250364.000000	n_jets=2.000000	nbdfm=0.000000	jet_1_pt=60.017838	jet_1_eta=1.836182	jet_2_pt=38.302517	jet_2_eta=2.361816	j2_phi=-1.535645	j3_pt=-999.000000	j3_eta=-999.000000	j3_phi=-999.000000	met=31.412180	nel=2.000000	nmu=0.000000
DNA (zero_to_one_jet):	event=250364.000000	run=1.000000	luminosityBlock=251.000000	n_jets=1.000000	n_b_jets=0.000000	jet_1_pt=60.162924	jet_1_eta=1.836182	jet_2_pt=-999.000000	jet_2_eta=-999.000000	jet_2_phi=-999.000000	jet_3_pt=-999.000000	jet_3_eta=-999.000000	jet_3_phi=-999.000000	MET_pt=19.197385	n_electrons=2.000000	n_muons=0.000000
Diff:	n_jets-n_jets=-1.000000	jet_1_pt-jet_1_pt=0.145087	jet_2_pt-jet_2_pt=-1037.302517	jet_2_eta-jet_2_eta=-1001.361816	jet_2_phi-j2_phi=-997.464355	MET_pt-met=-12.214795

--- Event 250369.0 (n2p:two_jet -> DNA:two_jet/zero_to_one_jet) ---
n2p (two_jet):	event=250369.000000	n_jets=2.000000	nbdfm=0.000000	jet_1_pt=77.102898	jet_1_eta=0.875244	jet_2_pt=33.997093	jet_2_eta=-3.091797	j2_phi=-1.867920	j3_pt=-999.000000	j3_eta=-999.000000	j3_phi=-999.000000	met=28.963871	nel=2.000000	nmu=0.000000
DNA (zero_to_one_jet):	event=250369.000000	run=1.000000	luminosityBlock=251.000000	n_jets=1.000000	n_b_jets=0.000000	jet_1_pt=77.127223	jet_1_eta=0.875244	jet_2_pt=-999.000000	jet_2_eta=-999.000000	jet_2_phi=-999.000000	jet_3_pt=-999.000000	jet_3_eta=-999.000000	jet_3_phi=-999.000000	MET_pt=0.000000	n_electrons=2.000000	n_muons=0.000000
Diff:	n_jets-n_jets=-1.000000	jet_1_pt-jet_1_pt=0.024325	jet_2_pt-jet_2_pt=-1032.997093	jet_2_eta-jet_2_eta=-995.908203	jet_2_phi-j2_phi=-997.132080	MET_pt-met=-28.963871

--- Event 250757.0 (n2p:two_jet -> DNA:two_jet/zero_to_one_jet) ---
n2p (two_jet):	event=250757.000000	n_jets=2.000000	nbdfm=0.000000	jet_1_pt=64.108154	jet_1_eta=2.868652	jet_2_pt=30.580870	jet_2_eta=-1.188477	j2_phi=-2.804688	j3_pt=-999.000000	j3_eta=-999.000000	j3_phi=-999.000000	met=70.376701	nel=2.000000	nmu=0.000000
DNA:	Event not found in two_jet or zero_to_one_jet

--- Event 253976.0 (n2p:two_jet -> DNA:two_jet/zero_to_one_jet) ---
n2p (two_jet):	event=253976.000000	n_jets=2.000000	nbdfm=0.000000	jet_1_pt=37.916729	jet_1_eta=-1.131592	jet_2_pt=30.300230	jet_2_eta=-3.731934	j2_phi=-2.956543	j3_pt=-999.000000	j3_eta=-999.000000	j3_phi=-999.000000	met=68.417747	nel=0.000000	nmu=2.000000
DNA (zero_to_one_jet):	event=253976.000000	run=1.000000	luminosityBlock=254.000000	n_jets=1.000000	n_b_jets=0.000000	jet_1_pt=37.841031	jet_1_eta=-1.131592	jet_2_pt=-999.000000	jet_2_eta=-999.000000	jet_2_phi=-999.000000	jet_3_pt=-999.000000	jet_3_eta=-999.000000	jet_3_phi=-999.000000	MET_pt=69.883057	n_electrons=0.000000	n_muons=2.000000
Diff:	n_jets-n_jets=-1.000000	jet_1_pt-jet_1_pt=-0.075698	jet_2_pt-jet_2_pt=-1029.300230	jet_2_eta-jet_2_eta=-995.268066	jet_2_phi-j2_phi=-996.043457	MET_pt-met=1.465309

--- Event 255655.0 (n2p:two_jet -> DNA:two_jet/zero_to_one_jet) ---
n2p (two_jet):	event=255655.000000	n_jets=2.000000	nbdfm=0.000000	jet_1_pt=60.061394	jet_1_eta=-3.018066	jet_2_pt=30.916649	jet_2_eta=-2.435059	j2_phi=-0.113174	j3_pt=-999.000000	j3_eta=-999.000000	j3_phi=-999.000000	met=63.204159	nel=2.000000	nmu=0.000000
DNA (zero_to_one_jet):	event=255655.000000	run=1.000000	luminosityBlock=256.000000	n_jets=1.000000	n_b_jets=0.000000	jet_1_pt=74.903486	jet_1_eta=-3.018066	jet_2_pt=-999.000000	jet_2_eta=-999.000000	jet_2_phi=-999.000000	jet_3_pt=-999.000000	jet_3_eta=-999.000000	jet_3_phi=-999.000000	MET_pt=76.269029	n_electrons=2.000000	n_muons=0.000000
Diff:	n_jets-n_jets=-1.000000	jet_1_pt-jet_1_pt=14.842092	jet_2_pt-jet_2_pt=-1029.916649	jet_2_eta-jet_2_eta=-996.564941	jet_2_phi-j2_phi=-998.886826	MET_pt-met=13.064870

--- Event 258866.0 (n2p:two_jet -> DNA:two_jet/zero_to_one_jet) ---
n2p (two_jet):	event=258866.000000	n_jets=2.000000	nbdfm=0.000000	jet_1_pt=128.365952	jet_1_eta=0.345337	jet_2_pt=35.745125	jet_2_eta=-0.126617	j2_phi=1.250488	j3_pt=-999.000000	j3_eta=-999.000000	j3_phi=-999.000000	met=4.164437	nel=2.000000	nmu=0.000000
DNA (zero_to_one_jet):	event=258866.000000	run=1.000000	luminosityBlock=259.000000	n_jets=1.000000	n_b_jets=0.000000	jet_1_pt=128.398204	jet_1_eta=0.345337	jet_2_pt=-999.000000	jet_2_eta=-999.000000	jet_2_phi=-999.000000	jet_3_pt=-999.000000	jet_3_eta=-999.000000	jet_3_phi=-999.000000	MET_pt=6.234853	n_electrons=2.000000	n_muons=0.000000
Diff:	n_jets-n_jets=-1.000000	jet_1_pt-jet_1_pt=0.032253	jet_2_pt-jet_2_pt=-1034.745125	jet_2_eta-jet_2_eta=-998.873383	jet_2_phi-j2_phi=-1000.250488	MET_pt-met=2.070417

--- Event 259898.0 (n2p:two_jet -> DNA:two_jet/zero_to_one_jet) ---
n2p (two_jet):	event=259898.000000	n_jets=2.000000	nbdfm=0.000000	jet_1_pt=57.348522	jet_1_eta=0.666870	jet_2_pt=42.146481	jet_2_eta=-2.306152	j2_phi=0.074326	j3_pt=-999.000000	j3_eta=-999.000000	j3_phi=-999.000000	met=47.204220	nel=2.000000	nmu=0.000000
DNA:	Event not found in two_jet or zero_to_one_jet

--- Event 260660.0 (n2p:two_jet -> DNA:two_jet/zero_to_one_jet) ---
n2p (two_jet):	event=260660.000000	n_jets=2.000000	nbdfm=0.000000	jet_1_pt=132.346848	jet_1_eta=1.071045	jet_2_pt=33.414616	jet_2_eta=3.166992	j2_phi=2.007324	j3_pt=-999.000000	j3_eta=-999.000000	j3_phi=-999.000000	met=34.805878	nel=0.000000	nmu=2.000000
DNA (zero_to_one_jet):	event=260660.000000	run=1.000000	luminosityBlock=261.000000	n_jets=1.000000	n_b_jets=0.000000	jet_1_pt=132.243973	jet_1_eta=1.071045	jet_2_pt=-999.000000	jet_2_eta=-999.000000	jet_2_phi=-999.000000	jet_3_pt=-999.000000	jet_3_eta=-999.000000	jet_3_phi=-999.000000	MET_pt=30.919747	n_electrons=0.000000	n_muons=2.000000
Diff:	n_jets-n_jets=-1.000000	jet_1_pt-jet_1_pt=-0.102874	jet_2_pt-jet_2_pt=-1032.414616	jet_2_eta-jet_2_eta=-1002.166992	jet_2_phi-j2_phi=-1001.007324	MET_pt-met=-3.886130

--- Event 262302.0 (n2p:two_jet -> DNA:two_jet/zero_to_one_jet) ---
n2p (two_jet):	event=262302.000000	n_jets=2.000000	nbdfm=0.000000	jet_1_pt=81.206436	jet_1_eta=-2.489258	jet_2_pt=77.584572	jet_2_eta=-2.404785	j2_phi=0.682861	j3_pt=-999.000000	j3_eta=-999.000000	j3_phi=-999.000000	met=7.528723	nel=2.000000	nmu=0.000000
DNA:	Event not found in two_jet or zero_to_one_jet

--- Event 265117.0 (n2p:two_jet -> DNA:two_jet/zero_to_one_jet) ---
n2p (two_jet):	event=265117.000000	n_jets=3.000000	nbdfm=0.000000	jet_1_pt=60.264679	jet_1_eta=1.534668	jet_2_pt=31.235411	jet_2_eta=-1.704590	j2_phi=0.180023	j3_pt=30.725693	j3_eta=0.869751	j3_phi=1.552979	met=41.467735	nel=2.000000	nmu=0.000000
DNA:	Event not found in two_jet or zero_to_one_jet

--- Event 267826.0 (n2p:two_jet -> DNA:two_jet/zero_to_one_jet) ---
n2p (two_jet):	event=267826.000000	n_jets=2.000000	nbdfm=0.000000	jet_1_pt=81.765450	jet_1_eta=0.571045	jet_2_pt=33.310463	jet_2_eta=-2.175781	j2_phi=2.917969	j3_pt=-999.000000	j3_eta=-999.000000	j3_phi=-999.000000	met=20.934029	nel=2.000000	nmu=0.000000
DNA (zero_to_one_jet):	event=267826.000000	run=1.000000	luminosityBlock=268.000000	n_jets=1.000000	n_b_jets=0.000000	jet_1_pt=33.345789	jet_1_eta=-2.175781	jet_2_pt=-999.000000	jet_2_eta=-999.000000	jet_2_phi=-999.000000	jet_3_pt=-999.000000	jet_3_eta=-999.000000	jet_3_phi=-999.000000	MET_pt=22.064722	n_electrons=2.000000	n_muons=0.000000
Diff:	n_jets-n_jets=-1.000000	jet_1_pt-jet_1_pt=-48.419660	jet_1_eta-jet_1_eta=-2.746826	jet_2_pt-jet_2_pt=-1032.310463	jet_2_eta-jet_2_eta=-996.824219	jet_2_phi-j2_phi=-1001.917969	MET_pt-met=1.130693

--- Event 271281.0 (n2p:two_jet -> DNA:two_jet/zero_to_one_jet) ---
n2p (two_jet):	event=271281.000000	n_jets=2.000000	nbdfm=0.000000	jet_1_pt=34.321636	jet_1_eta=-0.201904	jet_2_pt=31.130537	jet_2_eta=-0.902588	j2_phi=-1.537598	j3_pt=-999.000000	j3_eta=-999.000000	j3_phi=-999.000000	met=12.772556	nel=2.000000	nmu=0.000000
DNA (zero_to_one_jet):	event=271281.000000	run=1.000000	luminosityBlock=272.000000	n_jets=1.000000	n_b_jets=0.000000	jet_1_pt=31.143930	jet_1_eta=-0.902588	jet_2_pt=-999.000000	jet_2_eta=-999.000000	jet_2_phi=-999.000000	jet_3_pt=-999.000000	jet_3_eta=-999.000000	jet_3_phi=-999.000000	MET_pt=22.510788	n_electrons=2.000000	n_muons=0.000000
Diff:	n_jets-n_jets=-1.000000	jet_1_pt-jet_1_pt=-3.177706	jet_1_eta-jet_1_eta=-0.700684	jet_2_pt-jet_2_pt=-1030.130537	jet_2_eta-jet_2_eta=-998.097412	jet_2_phi-j2_phi=-997.462402	MET_pt-met=9.738232

--- Event 272896.0 (n2p:two_jet -> DNA:two_jet/zero_to_one_jet) ---
n2p (two_jet):	event=272896.000000	n_jets=2.000000	nbdfm=0.000000	jet_1_pt=207.678207	jet_1_eta=-2.704102	jet_2_pt=55.271893	jet_2_eta=1.809326	j2_phi=2.713867	j3_pt=-999.000000	j3_eta=-999.000000	j3_phi=-999.000000	met=45.986378	nel=0.000000	nmu=2.000000
DNA:	Event not found in two_jet or zero_to_one_jet

--- Event 281651.0 (n2p:two_jet -> DNA:two_jet/zero_to_one_jet) ---
n2p (two_jet):	event=281651.000000	n_jets=2.000000	nbdfm=0.000000	jet_1_pt=31.066126	jet_1_eta=1.897705	jet_2_pt=30.937933	jet_2_eta=0.620361	j2_phi=-1.689453	j3_pt=-999.000000	j3_eta=-999.000000	j3_phi=-999.000000	met=16.702454	nel=2.000000	nmu=0.000000
DNA:	Event not found in two_jet or zero_to_one_jet

--- Event 287608.0 (n2p:two_jet -> DNA:two_jet/zero_to_one_jet) ---
n2p (two_jet):	event=287608.000000	n_jets=2.000000	nbdfm=0.000000	jet_1_pt=184.102463	jet_1_eta=-0.815674	jet_2_pt=34.550842	jet_2_eta=-0.541992	j2_phi=-1.568848	j3_pt=-999.000000	j3_eta=-999.000000	j3_phi=-999.000000	met=19.346218	nel=2.000000	nmu=0.000000
DNA:	Event not found in two_jet or zero_to_one_jet

--- Event 290004.0 (n2p:two_jet -> DNA:two_jet/zero_to_one_jet) ---
n2p (two_jet):	event=290004.000000	n_jets=2.000000	nbdfm=0.000000	jet_1_pt=43.026207	jet_1_eta=-3.758789	jet_2_pt=30.539042	jet_2_eta=-3.090820	j2_phi=-0.702393	j3_pt=-999.000000	j3_eta=-999.000000	j3_phi=-999.000000	met=56.836174	nel=2.000000	nmu=0.000000
DNA (zero_to_one_jet):	event=290004.000000	run=1.000000	luminosityBlock=291.000000	n_jets=1.000000	n_b_jets=0.000000	jet_1_pt=44.817731	jet_1_eta=-3.758789	jet_2_pt=-999.000000	jet_2_eta=-999.000000	jet_2_phi=-999.000000	jet_3_pt=-999.000000	jet_3_eta=-999.000000	jet_3_phi=-999.000000	MET_pt=48.605979	n_electrons=2.000000	n_muons=0.000000
Diff:	n_jets-n_jets=-1.000000	jet_1_pt-jet_1_pt=1.791524	jet_2_pt-jet_2_pt=-1029.539042	jet_2_eta-jet_2_eta=-995.909180	jet_2_phi-j2_phi=-998.297607	MET_pt-met=-8.230195

--- Event 294024.0 (n2p:two_jet -> DNA:two_jet/zero_to_one_jet) ---
n2p (two_jet):	event=294024.000000	n_jets=3.000000	nbdfm=0.000000	jet_1_pt=91.959740	jet_1_eta=3.765137	jet_2_pt=47.637955	jet_2_eta=-0.261658	j2_phi=-2.025879	j3_pt=34.642437	j3_eta=2.465820	j3_phi=2.419922	met=36.187637	nel=0.000000	nmu=2.000000
DNA:	Event not found in two_jet or zero_to_one_jet

--- Event 294145.0 (n2p:two_jet -> DNA:two_jet/zero_to_one_jet) ---
n2p (two_jet):	event=294145.000000	n_jets=2.000000	nbdfm=0.000000	jet_1_pt=157.904190	jet_1_eta=-1.379639	jet_2_pt=88.867172	jet_2_eta=-0.130402	j2_phi=1.581055	j3_pt=-999.000000	j3_eta=-999.000000	j3_phi=-999.000000	met=9.345917	nel=2.000000	nmu=0.000000
DNA:	Event not found in two_jet or zero_to_one_jet

--- Event 294708.0 (n2p:two_jet -> DNA:two_jet/zero_to_one_jet) ---
n2p (two_jet):	event=294708.000000	n_jets=2.000000	nbdfm=0.000000	jet_1_pt=31.261309	jet_1_eta=-0.338318	jet_2_pt=30.867714	jet_2_eta=0.640259	j2_phi=0.902222	j3_pt=-999.000000	j3_eta=-999.000000	j3_phi=-999.000000	met=14.923486	nel=2.000000	nmu=0.000000
DNA (zero_to_one_jet):	event=294708.000000	run=1.000000	luminosityBlock=295.000000	n_jets=1.000000	n_b_jets=0.000000	jet_1_pt=34.354563	jet_1_eta=0.640259	jet_2_pt=-999.000000	jet_2_eta=-999.000000	jet_2_phi=-999.000000	jet_3_pt=-999.000000	jet_3_eta=-999.000000	jet_3_phi=-999.000000	MET_pt=22.129242	n_electrons=2.000000	n_muons=0.000000
Diff:	n_jets-n_jets=-1.000000	jet_1_pt-jet_1_pt=3.093254	jet_1_eta-jet_1_eta=0.978577	jet_2_pt-jet_2_pt=-1029.867714	jet_2_eta-jet_2_eta=-999.640259	jet_2_phi-j2_phi=-999.902222	MET_pt-met=7.205756

--- Event 297035.0 (n2p:two_jet -> DNA:two_jet/zero_to_one_jet) ---
n2p (two_jet):	event=297035.000000	n_jets=2.000000	nbdfm=0.000000	jet_1_pt=62.775623	jet_1_eta=-3.262695	jet_2_pt=36.033848	jet_2_eta=4.240234	j2_phi=-1.833984	j3_pt=-999.000000	j3_eta=-999.000000	j3_phi=-999.000000	met=63.360920	nel=0.000000	nmu=2.000000
DNA (zero_to_one_jet):	event=297035.000000	run=1.000000	luminosityBlock=298.000000	n_jets=1.000000	n_b_jets=0.000000	jet_1_pt=65.198921	jet_1_eta=-3.262695	jet_2_pt=-999.000000	jet_2_eta=-999.000000	jet_2_phi=-999.000000	jet_3_pt=-999.000000	jet_3_eta=-999.000000	jet_3_phi=-999.000000	MET_pt=75.292260	n_electrons=0.000000	n_muons=2.000000
Diff:	n_jets-n_jets=-1.000000	jet_1_pt-jet_1_pt=2.423298	jet_2_pt-jet_2_pt=-1035.033848	jet_2_eta-jet_2_eta=-1003.240234	jet_2_phi-j2_phi=-997.166016	MET_pt-met=11.931340

--- Event 297824.0 (n2p:two_jet -> DNA:two_jet/zero_to_one_jet) ---
n2p (two_jet):	event=297824.000000	n_jets=2.000000	nbdfm=0.000000	jet_1_pt=58.676987	jet_1_eta=-1.048096	jet_2_pt=36.159500	jet_2_eta=-2.284180	j2_phi=-0.025986	j3_pt=-999.000000	j3_eta=-999.000000	j3_phi=-999.000000	met=20.331884	nel=0.000000	nmu=2.000000
DNA (zero_to_one_jet):	event=297824.000000	run=1.000000	luminosityBlock=298.000000	n_jets=1.000000	n_b_jets=0.000000	jet_1_pt=58.677072	jet_1_eta=-1.048096	jet_2_pt=-999.000000	jet_2_eta=-999.000000	jet_2_phi=-999.000000	jet_3_pt=-999.000000	jet_3_eta=-999.000000	jet_3_phi=-999.000000	MET_pt=29.328941	n_electrons=0.000000	n_muons=2.000000
Diff:	n_jets-n_jets=-1.000000	jet_1_pt-jet_1_pt=0.000085	jet_2_pt-jet_2_pt=-1035.159500	jet_2_eta-jet_2_eta=-996.715820	jet_2_phi-j2_phi=-998.974014	MET_pt-met=8.997057

--- Event 300224.0 (n2p:two_jet -> DNA:two_jet/zero_to_one_jet) ---
n2p (two_jet):	event=300224.000000	n_jets=2.000000	nbdfm=0.000000	jet_1_pt=33.846909	jet_1_eta=-0.799683	jet_2_pt=31.936056	jet_2_eta=4.150391	j2_phi=1.836182	j3_pt=-999.000000	j3_eta=-999.000000	j3_phi=-999.000000	met=55.206245	nel=0.000000	nmu=2.000000
DNA (zero_to_one_jet):	event=300224.000000	run=1.000000	luminosityBlock=301.000000	n_jets=0.000000	n_b_jets=0.000000	jet_1_pt=-999.000000	jet_1_eta=-999.000000	jet_2_pt=-999.000000	jet_2_eta=-999.000000	jet_2_phi=-999.000000	jet_3_pt=-999.000000	jet_3_eta=-999.000000	jet_3_phi=-999.000000	MET_pt=47.274406	n_electrons=0.000000	n_muons=2.000000
Diff:	n_jets-n_jets=-2.000000	jet_1_pt-jet_1_pt=-1032.846909	jet_1_eta-jet_1_eta=-998.200317	jet_2_pt-jet_2_pt=-1030.936056	jet_2_eta-jet_2_eta=-1003.150391	jet_2_phi-j2_phi=-1000.836182	MET_pt-met=-7.931839

--- Event 300925.0 (n2p:two_jet -> DNA:two_jet/zero_to_one_jet) ---
n2p (two_jet):	event=300925.000000	n_jets=2.000000	nbdfm=0.000000	jet_1_pt=36.899464	jet_1_eta=-1.196289	jet_2_pt=30.886814	jet_2_eta=-0.194153	j2_phi=-2.905273	j3_pt=-999.000000	j3_eta=-999.000000	j3_phi=-999.000000	met=32.907955	nel=2.000000	nmu=0.000000
DNA:	Event not found in two_jet or zero_to_one_jet

--- Event 304699.0 (n2p:two_jet -> DNA:two_jet/zero_to_one_jet) ---
n2p (two_jet):	event=304699.000000	n_jets=2.000000	nbdfm=0.000000	jet_1_pt=51.658852	jet_1_eta=1.362549	jet_2_pt=31.525333	jet_2_eta=2.288086	j2_phi=0.028324	j3_pt=-999.000000	j3_eta=-999.000000	j3_phi=-999.000000	met=42.057545	nel=0.000000	nmu=2.000000
DNA (zero_to_one_jet):	event=304699.000000	run=1.000000	luminosityBlock=305.000000	n_jets=1.000000	n_b_jets=0.000000	jet_1_pt=51.602831	jet_1_eta=1.362549	jet_2_pt=-999.000000	jet_2_eta=-999.000000	jet_2_phi=-999.000000	jet_3_pt=-999.000000	jet_3_eta=-999.000000	jet_3_phi=-999.000000	MET_pt=39.625974	n_electrons=0.000000	n_muons=2.000000
Diff:	n_jets-n_jets=-1.000000	jet_1_pt-jet_1_pt=-0.056021	jet_2_pt-jet_2_pt=-1030.525333	jet_2_eta-jet_2_eta=-1001.288086	jet_2_phi-j2_phi=-999.028324	MET_pt-met=-2.431571

--- Event 304757.0 (n2p:two_jet -> DNA:two_jet/zero_to_one_jet) ---
n2p (two_jet):	event=304757.000000	n_jets=2.000000	nbdfm=0.000000	jet_1_pt=61.607109	jet_1_eta=-1.243896	jet_2_pt=33.627548	jet_2_eta=-4.329102	j2_phi=-2.987305	j3_pt=-999.000000	j3_eta=-999.000000	j3_phi=-999.000000	met=59.919102	nel=2.000000	nmu=0.000000
DNA (zero_to_one_jet):	event=304757.000000	run=1.000000	luminosityBlock=305.000000	n_jets=1.000000	n_b_jets=0.000000	jet_1_pt=61.616927	jet_1_eta=-1.243896	jet_2_pt=-999.000000	jet_2_eta=-999.000000	jet_2_phi=-999.000000	jet_3_pt=-999.000000	jet_3_eta=-999.000000	jet_3_phi=-999.000000	MET_pt=0.000000	n_electrons=2.000000	n_muons=0.000000
Diff:	n_jets-n_jets=-1.000000	jet_1_pt-jet_1_pt=0.009818	jet_2_pt-jet_2_pt=-1032.627548	jet_2_eta-jet_2_eta=-994.670898	jet_2_phi-j2_phi=-996.012695	MET_pt-met=-59.919102

--- Event 307349.0 (n2p:two_jet -> DNA:two_jet/zero_to_one_jet) ---
n2p (two_jet):	event=307349.000000	n_jets=2.000000	nbdfm=0.000000	jet_1_pt=68.690567	jet_1_eta=3.123047	jet_2_pt=36.478825	jet_2_eta=3.083008	j2_phi=-0.543579	j3_pt=-999.000000	j3_eta=-999.000000	j3_phi=-999.000000	met=20.392881	nel=2.000000	nmu=0.000000
DNA (zero_to_one_jet):	event=307349.000000	run=1.000000	luminosityBlock=308.000000	n_jets=1.000000	n_b_jets=0.000000	jet_1_pt=74.067393	jet_1_eta=3.123047	jet_2_pt=-999.000000	jet_2_eta=-999.000000	jet_2_phi=-999.000000	jet_3_pt=-999.000000	jet_3_eta=-999.000000	jet_3_phi=-999.000000	MET_pt=31.039791	n_electrons=2.000000	n_muons=0.000000
Diff:	n_jets-n_jets=-1.000000	jet_1_pt-jet_1_pt=5.376826	jet_2_pt-jet_2_pt=-1035.478825	jet_2_eta-jet_2_eta=-1002.083008	jet_2_phi-j2_phi=-998.456421	MET_pt-met=10.646909

--- Event 315233.0 (n2p:two_jet -> DNA:two_jet/zero_to_one_jet) ---
n2p (two_jet):	event=315233.000000	n_jets=3.000000	nbdfm=0.000000	jet_1_pt=238.382278	jet_1_eta=-0.947754	jet_2_pt=146.261368	jet_2_eta=-2.685059	j2_phi=0.315979	j3_pt=66.140129	j3_eta=-1.682129	j3_phi=3.117676	met=66.252747	nel=2.000000	nmu=0.000000
DNA:	Event not found in two_jet or zero_to_one_jet

--- Event 316728.0 (n2p:two_jet -> DNA:two_jet/zero_to_one_jet) ---
n2p (two_jet):	event=316728.000000	n_jets=3.000000	nbdfm=0.000000	jet_1_pt=43.653503	jet_1_eta=-1.947266	jet_2_pt=39.884449	jet_2_eta=0.447693	j2_phi=1.154297	j3_pt=32.632675	j3_eta=1.146484	j3_phi=-1.600830	met=49.263889	nel=2.000000	nmu=0.000000
DNA:	Event not found in two_jet or zero_to_one_jet

--- Event 319634.0 (n2p:two_jet -> DNA:two_jet/zero_to_one_jet) ---
n2p (two_jet):	event=319634.000000	n_jets=2.000000	nbdfm=0.000000	jet_1_pt=44.427998	jet_1_eta=2.144043	jet_2_pt=41.542217	jet_2_eta=-3.750000	j2_phi=-1.235107	j3_pt=-999.000000	j3_eta=-999.000000	j3_phi=-999.000000	met=24.402418	nel=0.000000	nmu=2.000000
DNA:	Event not found in two_jet or zero_to_one_jet

--- Event 320073.0 (n2p:two_jet -> DNA:two_jet/zero_to_one_jet) ---
n2p (two_jet):	event=320073.000000	n_jets=2.000000	nbdfm=0.000000	jet_1_pt=33.664978	jet_1_eta=3.525391	jet_2_pt=32.732033	jet_2_eta=-1.449219	j2_phi=2.587891	j3_pt=-999.000000	j3_eta=-999.000000	j3_phi=-999.000000	met=38.519356	nel=0.000000	nmu=2.000000
DNA (zero_to_one_jet):	event=320073.000000	run=1.000000	luminosityBlock=321.000000	n_jets=1.000000	n_b_jets=0.000000	jet_1_pt=45.844879	jet_1_eta=3.525391	jet_2_pt=-999.000000	jet_2_eta=-999.000000	jet_2_phi=-999.000000	jet_3_pt=-999.000000	jet_3_eta=-999.000000	jet_3_phi=-999.000000	MET_pt=12.668979	n_electrons=0.000000	n_muons=2.000000
Diff:	n_jets-n_jets=-1.000000	jet_1_pt-jet_1_pt=12.179901	jet_2_pt-jet_2_pt=-1031.732033	jet_2_eta-jet_2_eta=-997.550781	jet_2_phi-j2_phi=-1001.587891	MET_pt-met=-25.850377

--- Event 323190.0 (n2p:two_jet -> DNA:two_jet/zero_to_one_jet) ---
n2p (two_jet):	event=323190.000000	n_jets=2.000000	nbdfm=0.000000	jet_1_pt=42.472996	jet_1_eta=-1.203613	jet_2_pt=35.217155	jet_2_eta=-1.168457	j2_phi=-2.327637	j3_pt=-999.000000	j3_eta=-999.000000	j3_phi=-999.000000	met=67.876312	nel=2.000000	nmu=0.000000
DNA:	Event not found in two_jet or zero_to_one_jet

--- Event 323752.0 (n2p:two_jet -> DNA:two_jet/zero_to_one_jet) ---
n2p (two_jet):	event=323752.000000	n_jets=2.000000	nbdfm=0.000000	jet_1_pt=113.852882	jet_1_eta=-1.938477	jet_2_pt=48.572407	jet_2_eta=1.118408	j2_phi=-0.312561	j3_pt=-999.000000	j3_eta=-999.000000	j3_phi=-999.000000	met=53.522751	nel=2.000000	nmu=0.000000
DNA:	Event not found in two_jet or zero_to_one_jet

--- Event 324095.0 (n2p:two_jet -> DNA:two_jet/zero_to_one_jet) ---
n2p (two_jet):	event=324095.000000	n_jets=3.000000	nbdfm=0.000000	jet_1_pt=159.441544	jet_1_eta=1.460205	jet_2_pt=98.504044	jet_2_eta=-3.106934	j2_phi=-2.390137	j3_pt=62.938461	j3_eta=1.623779	j3_phi=0.556885	met=34.673347	nel=2.000000	nmu=0.000000
DNA:	Event not found in two_jet or zero_to_one_jet

--- Event 324483.0 (n2p:two_jet -> DNA:two_jet/zero_to_one_jet) ---
n2p (two_jet):	event=324483.000000	n_jets=2.000000	nbdfm=0.000000	jet_1_pt=32.742962	jet_1_eta=-4.666992	jet_2_pt=32.227554	jet_2_eta=3.247070	j2_phi=1.833008	j3_pt=-999.000000	j3_eta=-999.000000	j3_phi=-999.000000	met=15.028689	nel=2.000000	nmu=0.000000
DNA (zero_to_one_jet):	event=324483.000000	run=1.000000	luminosityBlock=325.000000	n_jets=1.000000	n_b_jets=0.000000	jet_1_pt=32.516715	jet_1_eta=3.247070	jet_2_pt=-999.000000	jet_2_eta=-999.000000	jet_2_phi=-999.000000	jet_3_pt=-999.000000	jet_3_eta=-999.000000	jet_3_phi=-999.000000	MET_pt=19.504034	n_electrons=2.000000	n_muons=0.000000
Diff:	n_jets-n_jets=-1.000000	jet_1_pt-jet_1_pt=-0.226247	jet_1_eta-jet_1_eta=7.914062	jet_2_pt-jet_2_pt=-1031.227554	jet_2_eta-jet_2_eta=-1002.247070	jet_2_phi-j2_phi=-1000.833008	MET_pt-met=4.475344

--- Event 324753.0 (n2p:two_jet -> DNA:two_jet/zero_to_one_jet) ---
n2p (two_jet):	event=324753.000000	n_jets=2.000000	nbdfm=0.000000	jet_1_pt=41.993496	jet_1_eta=3.086914	jet_2_pt=37.909416	jet_2_eta=3.725098	j2_phi=-0.885132	j3_pt=-999.000000	j3_eta=-999.000000	j3_phi=-999.000000	met=8.547725	nel=0.000000	nmu=2.000000
DNA (zero_to_one_jet):	event=324753.000000	run=1.000000	luminosityBlock=325.000000	n_jets=1.000000	n_b_jets=0.000000	jet_1_pt=41.707823	jet_1_eta=3.725098	jet_2_pt=-999.000000	jet_2_eta=-999.000000	jet_2_phi=-999.000000	jet_3_pt=-999.000000	jet_3_eta=-999.000000	jet_3_phi=-999.000000	MET_pt=0.000000	n_electrons=0.000000	n_muons=2.000000
Diff:	n_jets-n_jets=-1.000000	jet_1_pt-jet_1_pt=-0.285673	jet_1_eta-jet_1_eta=0.638184	jet_2_pt-jet_2_pt=-1036.909416	jet_2_eta-jet_2_eta=-1002.725098	jet_2_phi-j2_phi=-998.114868	MET_pt-met=-8.547725

--- Event 327750.0 (n2p:two_jet -> DNA:two_jet/zero_to_one_jet) ---
n2p (two_jet):	event=327750.000000	n_jets=2.000000	nbdfm=0.000000	jet_1_pt=31.156754	jet_1_eta=-0.712891	jet_2_pt=30.449518	jet_2_eta=-0.801514	j2_phi=0.934570	j3_pt=-999.000000	j3_eta=-999.000000	j3_phi=-999.000000	met=23.856884	nel=2.000000	nmu=0.000000
DNA:	Event not found in two_jet or zero_to_one_jet

====================================================================================================
Events in DNA two_jet but not in n2p two_jet
====================================================================================================

--- Event 718 (DNA:two_jet -> n2p:two_jet/zero_to_one_jet) ---
DNA (two_jet):	event=718.000000	run=1.000000	luminosityBlock=1.000000	n_jets=2.000000	n_b_jets=0.000000	jet_1_pt=68.663127	jet_1_eta=3.593262	jet_2_pt=30.764941	jet_2_eta=4.100586	jet_2_phi=-2.417480	jet_3_pt=-999.000000	jet_3_eta=-999.000000	jet_3_phi=-999.000000	MET_pt=40.772601	n_electrons=0.000000	n_muons=2.000000
n2p (zero_to_one_jet):	event=718.000000	n_jets=1.000000	nbdfm=0.000000	jet_1_pt=67.015839	jet_1_eta=3.593262	jet_2_pt=-999.000000	jet_2_eta=-999.000000	j2_phi=-999.000000	j3_pt=-999.000000	j3_eta=-999.000000	j3_phi=-999.000000	met=37.887821	nel=0.000000	nmu=2.000000
Diff:	n_jets-n_jets=-1.000000	jet_1_pt-jet_1_pt=-1.647288	jet_2_pt-jet_2_pt=-1029.764941	jet_2_eta-jet_2_eta=-1003.100586	j2_phi-jet_2_phi=-996.582520	met-MET_pt=-2.884780

--- Event 1406 (DNA:two_jet -> n2p:two_jet/zero_to_one_jet) ---
DNA (two_jet):	event=1406.000000	run=1.000000	luminosityBlock=2.000000	n_jets=2.000000	n_b_jets=0.000000	jet_1_pt=62.503363	jet_1_eta=1.340088	jet_2_pt=31.150379	jet_2_eta=-1.756348	jet_2_phi=2.745605	jet_3_pt=-999.000000	jet_3_eta=-999.000000	jet_3_phi=-999.000000	MET_pt=41.817854	n_electrons=0.000000	n_muons=2.000000
n2p (zero_to_one_jet):	event=1406.000000	n_jets=1.000000	nbdfm=0.000000	jet_1_pt=62.520199	jet_1_eta=1.340088	jet_2_pt=-999.000000	jet_2_eta=-999.000000	j2_phi=-999.000000	j3_pt=-999.000000	j3_eta=-999.000000	j3_phi=-999.000000	met=39.421227	nel=0.000000	nmu=2.000000
Diff:	n_jets-n_jets=-1.000000	jet_1_pt-jet_1_pt=0.016836	jet_2_pt-jet_2_pt=-1030.150379	jet_2_eta-jet_2_eta=-997.243652	j2_phi-jet_2_phi=-1001.745605	met-MET_pt=-2.396627

--- Event 1781 (DNA:two_jet -> n2p:two_jet/zero_to_one_jet) ---
DNA (two_jet):	event=1781.000000	run=1.000000	luminosityBlock=2.000000	n_jets=2.000000	n_b_jets=0.000000	jet_1_pt=106.659962	jet_1_eta=-0.926636	jet_2_pt=50.645070	jet_2_eta=0.923828	jet_2_phi=-2.646484	jet_3_pt=-999.000000	jet_3_eta=-999.000000	jet_3_phi=-999.000000	MET_pt=7.567923	n_electrons=2.000000	n_muons=0.000000
n2p:	Event not found in two_jet or zero_to_one_jet

--- Event 2061 (DNA:two_jet -> n2p:two_jet/zero_to_one_jet) ---
DNA (two_jet):	event=2061.000000	run=1.000000	luminosityBlock=3.000000	n_jets=2.000000	n_b_jets=0.000000	jet_1_pt=50.823470	jet_1_eta=-1.208252	jet_2_pt=30.815935	jet_2_eta=3.390625	jet_2_phi=-2.293945	jet_3_pt=-999.000000	jet_3_eta=-999.000000	jet_3_phi=-999.000000	MET_pt=8.158424	n_electrons=0.000000	n_muons=2.000000
n2p (zero_to_one_jet):	event=2061.000000	n_jets=1.000000	nbdfm=0.000000	jet_1_pt=50.865540	jet_1_eta=-1.208252	jet_2_pt=-999.000000	jet_2_eta=-999.000000	j2_phi=-999.000000	j3_pt=-999.000000	j3_eta=-999.000000	j3_phi=-999.000000	met=8.862577	nel=0.000000	nmu=2.000000
Diff:	n_jets-n_jets=-1.000000	jet_1_pt-jet_1_pt=0.042070	jet_2_pt-jet_2_pt=-1029.815935	jet_2_eta-jet_2_eta=-1002.390625	j2_phi-jet_2_phi=-996.706055	met-MET_pt=0.704153

--- Event 2576 (DNA:two_jet -> n2p:two_jet/zero_to_one_jet) ---
DNA (two_jet):	event=2576.000000	run=1.000000	luminosityBlock=3.000000	n_jets=2.000000	n_b_jets=0.000000	jet_1_pt=45.819178	jet_1_eta=-1.892822	jet_2_pt=30.629096	jet_2_eta=2.102051	jet_2_phi=1.103516	jet_3_pt=-999.000000	jet_3_eta=-999.000000	jet_3_phi=-999.000000	MET_pt=86.710425	n_electrons=2.000000	n_muons=0.000000
n2p (zero_to_one_jet):	event=2576.000000	n_jets=1.000000	nbdfm=0.000000	jet_1_pt=44.033489	jet_1_eta=-1.892822	jet_2_pt=-999.000000	jet_2_eta=-999.000000	j2_phi=-999.000000	j3_pt=-999.000000	j3_eta=-999.000000	j3_phi=-999.000000	met=68.766129	nel=2.000000	nmu=0.000000
Diff:	n_jets-n_jets=-1.000000	jet_1_pt-jet_1_pt=-1.785688	jet_2_pt-jet_2_pt=-1029.629096	jet_2_eta-jet_2_eta=-1001.102051	j2_phi-jet_2_phi=-1000.103516	met-MET_pt=-17.944296

--- Event 3060 (DNA:two_jet -> n2p:two_jet/zero_to_one_jet) ---
DNA (two_jet):	event=3060.000000	run=1.000000	luminosityBlock=4.000000	n_jets=2.000000	n_b_jets=0.000000	jet_1_pt=41.751778	jet_1_eta=-3.854004	jet_2_pt=33.373178	jet_2_eta=3.108887	jet_2_phi=0.985718	jet_3_pt=-999.000000	jet_3_eta=-999.000000	jet_3_phi=-999.000000	MET_pt=23.019396	n_electrons=0.000000	n_muons=2.000000
n2p (zero_to_one_jet):	event=3060.000000	n_jets=1.000000	nbdfm=0.000000	jet_1_pt=40.831989	jet_1_eta=-3.854004	jet_2_pt=-999.000000	jet_2_eta=-999.000000	j2_phi=-999.000000	j3_pt=-999.000000	j3_eta=-999.000000	j3_phi=-999.000000	met=26.386423	nel=0.000000	nmu=2.000000
Diff:	n_jets-n_jets=-1.000000	jet_1_pt-jet_1_pt=-0.919788	jet_2_pt-jet_2_pt=-1032.373178	jet_2_eta-jet_2_eta=-1002.108887	j2_phi-jet_2_phi=-999.985718	met-MET_pt=3.367027

--- Event 3399 (DNA:two_jet -> n2p:two_jet/zero_to_one_jet) ---
DNA (two_jet):	event=3399.000000	run=1.000000	luminosityBlock=4.000000	n_jets=2.000000	n_b_jets=0.000000	jet_1_pt=60.247677	jet_1_eta=-1.379150	jet_2_pt=30.126020	jet_2_eta=4.082031	jet_2_phi=-1.893799	jet_3_pt=-999.000000	jet_3_eta=-999.000000	jet_3_phi=-999.000000	MET_pt=23.184556	n_electrons=0.000000	n_muons=2.000000
n2p (zero_to_one_jet):	event=3399.000000	n_jets=1.000000	nbdfm=0.000000	jet_1_pt=56.891140	jet_1_eta=-1.379150	jet_2_pt=-999.000000	jet_2_eta=-999.000000	j2_phi=-999.000000	j3_pt=-999.000000	j3_eta=-999.000000	j3_phi=-999.000000	met=20.382641	nel=0.000000	nmu=2.000000
Diff:	n_jets-n_jets=-1.000000	jet_1_pt-jet_1_pt=-3.356537	jet_2_pt-jet_2_pt=-1029.126020	jet_2_eta-jet_2_eta=-1003.082031	j2_phi-jet_2_phi=-997.106201	met-MET_pt=-2.801915

--- Event 5134 (DNA:two_jet -> n2p:two_jet/zero_to_one_jet) ---
DNA (two_jet):	event=5134.000000	run=1.000000	luminosityBlock=6.000000	n_jets=2.000000	n_b_jets=0.000000	jet_1_pt=48.704630	jet_1_eta=-3.320312	jet_2_pt=38.772661	jet_2_eta=3.898926	jet_2_phi=-2.989746	jet_3_pt=-999.000000	jet_3_eta=-999.000000	jet_3_phi=-999.000000	MET_pt=30.690738	n_electrons=0.000000	n_muons=2.000000
n2p (zero_to_one_jet):	event=5134.000000	n_jets=1.000000	nbdfm=0.000000	jet_1_pt=36.521297	jet_1_eta=3.898926	jet_2_pt=-999.000000	jet_2_eta=-999.000000	j2_phi=-999.000000	j3_pt=-999.000000	j3_eta=-999.000000	j3_phi=-999.000000	met=38.317680	nel=0.000000	nmu=2.000000
Diff:	n_jets-n_jets=-1.000000	jet_1_pt-jet_1_pt=-12.183333	jet_1_eta-jet_1_eta=7.219238	jet_2_pt-jet_2_pt=-1037.772661	jet_2_eta-jet_2_eta=-1002.898926	j2_phi-jet_2_phi=-996.010254	met-MET_pt=7.626942

--- Event 5309 (DNA:two_jet -> n2p:two_jet/zero_to_one_jet) ---
DNA (two_jet):	event=5309.000000	run=1.000000	luminosityBlock=6.000000	n_jets=2.000000	n_b_jets=0.000000	jet_1_pt=32.137629	jet_1_eta=1.227539	jet_2_pt=30.001692	jet_2_eta=3.264160	jet_2_phi=-2.794922	jet_3_pt=-999.000000	jet_3_eta=-999.000000	jet_3_phi=-999.000000	MET_pt=66.109593	n_electrons=2.000000	n_muons=0.000000
n2p (zero_to_one_jet):	event=5309.000000	n_jets=1.000000	nbdfm=0.000000	jet_1_pt=32.243011	jet_1_eta=1.227539	jet_2_pt=-999.000000	jet_2_eta=-999.000000	j2_phi=-999.000000	j3_pt=-999.000000	j3_eta=-999.000000	j3_phi=-999.000000	met=62.537289	nel=2.000000	nmu=0.000000
Diff:	n_jets-n_jets=-1.000000	jet_1_pt-jet_1_pt=0.105383	jet_2_pt-jet_2_pt=-1029.001692	jet_2_eta-jet_2_eta=-1002.264160	j2_phi-jet_2_phi=-996.205078	met-MET_pt=-3.572305

--- Event 5500 (DNA:two_jet -> n2p:two_jet/zero_to_one_jet) ---
DNA (two_jet):	event=5500.000000	run=1.000000	luminosityBlock=6.000000	n_jets=2.000000	n_b_jets=0.000000	jet_1_pt=36.501708	jet_1_eta=0.950439	jet_2_pt=32.007485	jet_2_eta=-3.851074	jet_2_phi=-0.199951	jet_3_pt=-999.000000	jet_3_eta=-999.000000	jet_3_phi=-999.000000	MET_pt=0.000000	n_electrons=0.000000	n_muons=2.000000
n2p (zero_to_one_jet):	event=5500.000000	n_jets=0.000000	nbdfm=0.000000	jet_1_pt=-999.000000	jet_1_eta=-999.000000	jet_2_pt=-999.000000	jet_2_eta=-999.000000	j2_phi=-999.000000	j3_pt=-999.000000	j3_eta=-999.000000	j3_phi=-999.000000	met=89.641113	nel=0.000000	nmu=2.000000
Diff:	n_jets-n_jets=-2.000000	jet_1_pt-jet_1_pt=-1035.501708	jet_1_eta-jet_1_eta=-999.950439	jet_2_pt-jet_2_pt=-1031.007485	jet_2_eta-jet_2_eta=-995.148926	j2_phi-jet_2_phi=-998.800049	met-MET_pt=89.641113

--- Event 6209 (DNA:two_jet -> n2p:two_jet/zero_to_one_jet) ---
DNA (two_jet):	event=6209.000000	run=1.000000	luminosityBlock=7.000000	n_jets=2.000000	n_b_jets=0.000000	jet_1_pt=32.134805	jet_1_eta=-1.088623	jet_2_pt=31.786932	jet_2_eta=3.969238	jet_2_phi=-1.930908	jet_3_pt=-999.000000	jet_3_eta=-999.000000	jet_3_phi=-999.000000	MET_pt=33.784245	n_electrons=0.000000	n_muons=2.000000
n2p (zero_to_one_jet):	event=6209.000000	n_jets=1.000000	nbdfm=0.000000	jet_1_pt=32.194565	jet_1_eta=-1.088623	jet_2_pt=-999.000000	jet_2_eta=-999.000000	j2_phi=-999.000000	j3_pt=-999.000000	j3_eta=-999.000000	j3_phi=-999.000000	met=31.514332	nel=0.000000	nmu=2.000000
Diff:	n_jets-n_jets=-1.000000	jet_1_pt-jet_1_pt=0.059760	jet_2_pt-jet_2_pt=-1030.786932	jet_2_eta-jet_2_eta=-1002.969238	j2_phi-jet_2_phi=-997.069092	met-MET_pt=-2.269914

--- Event 9300 (DNA:two_jet -> n2p:two_jet/zero_to_one_jet) ---
DNA (two_jet):	event=9300.000000	run=1.000000	luminosityBlock=10.000000	n_jets=2.000000	n_b_jets=0.000000	jet_1_pt=42.806271	jet_1_eta=1.519287	jet_2_pt=30.447986	jet_2_eta=-3.384277	jet_2_phi=0.448853	jet_3_pt=-999.000000	jet_3_eta=-999.000000	jet_3_phi=-999.000000	MET_pt=33.618046	n_electrons=2.000000	n_muons=0.000000
n2p (zero_to_one_jet):	event=9300.000000	n_jets=1.000000	nbdfm=0.000000	jet_1_pt=42.894707	jet_1_eta=1.519287	jet_2_pt=-999.000000	jet_2_eta=-999.000000	j2_phi=-999.000000	j3_pt=-999.000000	j3_eta=-999.000000	j3_phi=-999.000000	met=34.458931	nel=2.000000	nmu=0.000000
Diff:	n_jets-n_jets=-1.000000	jet_1_pt-jet_1_pt=0.088435	jet_2_pt-jet_2_pt=-1029.447986	jet_2_eta-jet_2_eta=-995.615723	j2_phi-jet_2_phi=-999.448853	met-MET_pt=0.840885

--- Event 9867 (DNA:two_jet -> n2p:two_jet/zero_to_one_jet) ---
DNA (two_jet):	event=9867.000000	run=1.000000	luminosityBlock=10.000000	n_jets=2.000000	n_b_jets=0.000000	jet_1_pt=67.406152	jet_1_eta=-0.273376	jet_2_pt=38.658148	jet_2_eta=2.441895	jet_2_phi=-0.997559	jet_3_pt=-999.000000	jet_3_eta=-999.000000	jet_3_phi=-999.000000	MET_pt=14.740715	n_electrons=2.000000	n_muons=0.000000
n2p (zero_to_one_jet):	event=9867.000000	n_jets=1.000000	nbdfm=0.000000	jet_1_pt=38.011024	jet_1_eta=2.441895	jet_2_pt=-999.000000	jet_2_eta=-999.000000	j2_phi=-999.000000	j3_pt=-999.000000	j3_eta=-999.000000	j3_phi=-999.000000	met=16.988363	nel=2.000000	nmu=0.000000
Diff:	n_jets-n_jets=-1.000000	jet_1_pt-jet_1_pt=-29.395128	jet_1_eta-jet_1_eta=2.715271	jet_2_pt-jet_2_pt=-1037.658148	jet_2_eta-jet_2_eta=-1001.441895	j2_phi-jet_2_phi=-998.002441	met-MET_pt=2.247649

--- Event 10041 (DNA:two_jet -> n2p:two_jet/zero_to_one_jet) ---
DNA (two_jet):	event=10041.000000	run=1.000000	luminosityBlock=11.000000	n_jets=2.000000	n_b_jets=0.000000	jet_1_pt=62.697745	jet_1_eta=-2.241699	jet_2_pt=30.757295	jet_2_eta=3.223145	jet_2_phi=-1.760498	jet_3_pt=-999.000000	jet_3_eta=-999.000000	jet_3_phi=-999.000000	MET_pt=15.396487	n_electrons=0.000000	n_muons=2.000000
n2p (zero_to_one_jet):	event=10041.000000	n_jets=1.000000	nbdfm=0.000000	jet_1_pt=62.295044	jet_1_eta=-2.241699	jet_2_pt=-999.000000	jet_2_eta=-999.000000	j2_phi=-999.000000	j3_pt=-999.000000	j3_eta=-999.000000	j3_phi=-999.000000	met=16.038473	nel=0.000000	nmu=2.000000
Diff:	n_jets-n_jets=-1.000000	jet_1_pt-jet_1_pt=-0.402701	jet_2_pt-jet_2_pt=-1029.757295	jet_2_eta-jet_2_eta=-1002.223145	j2_phi-jet_2_phi=-997.239502	met-MET_pt=0.641986

--- Event 10418 (DNA:two_jet -> n2p:two_jet/zero_to_one_jet) ---
DNA (two_jet):	event=10418.000000	run=1.000000	luminosityBlock=11.000000	n_jets=2.000000	n_b_jets=0.000000	jet_1_pt=56.907475	jet_1_eta=-0.740234	jet_2_pt=54.404002	jet_2_eta=2.783691	jet_2_phi=-0.852539	jet_3_pt=-999.000000	jet_3_eta=-999.000000	jet_3_phi=-999.000000	MET_pt=54.347522	n_electrons=0.000000	n_muons=2.000000
n2p (zero_to_one_jet):	event=10418.000000	n_jets=1.000000	nbdfm=0.000000	jet_1_pt=56.901546	jet_1_eta=-0.740234	jet_2_pt=-999.000000	jet_2_eta=-999.000000	j2_phi=-999.000000	j3_pt=-999.000000	j3_eta=-999.000000	j3_phi=-999.000000	met=47.925213	nel=0.000000	nmu=2.000000
Diff:	n_jets-n_jets=-1.000000	jet_1_pt-jet_1_pt=-0.005928	jet_2_pt-jet_2_pt=-1053.404002	jet_2_eta-jet_2_eta=-1001.783691	j2_phi-jet_2_phi=-998.147461	met-MET_pt=-6.422309

--- Event 11128 (DNA:two_jet -> n2p:two_jet/zero_to_one_jet) ---
DNA (two_jet):	event=11128.000000	run=1.000000	luminosityBlock=12.000000	n_jets=2.000000	n_b_jets=0.000000	jet_1_pt=51.061157	jet_1_eta=-2.523926	jet_2_pt=37.448206	jet_2_eta=-3.364746	jet_2_phi=1.019775	jet_3_pt=-999.000000	jet_3_eta=-999.000000	jet_3_phi=-999.000000	MET_pt=17.138049	n_electrons=2.000000	n_muons=0.000000
n2p (zero_to_one_jet):	event=11128.000000	n_jets=1.000000	nbdfm=0.000000	jet_1_pt=34.987305	jet_1_eta=-3.364746	jet_2_pt=-999.000000	jet_2_eta=-999.000000	j2_phi=-999.000000	j3_pt=-999.000000	j3_eta=-999.000000	j3_phi=-999.000000	met=19.430264	nel=2.000000	nmu=0.000000
Diff:	n_jets-n_jets=-1.000000	jet_1_pt-jet_1_pt=-16.073853	jet_1_eta-jet_1_eta=-0.840820	jet_2_pt-jet_2_pt=-1036.448206	jet_2_eta-jet_2_eta=-995.635254	j2_phi-jet_2_phi=-1000.019775	met-MET_pt=2.292214

--- Event 11266 (DNA:two_jet -> n2p:two_jet/zero_to_one_jet) ---
DNA (two_jet):	event=11266.000000	run=1.000000	luminosityBlock=12.000000	n_jets=3.000000	n_b_jets=0.000000	jet_1_pt=58.318607	jet_1_eta=1.108887	jet_2_pt=55.209542	jet_2_eta=2.170898	jet_2_phi=-0.563477	jet_3_pt=36.669129	jet_3_eta=3.215820	jet_3_phi=0.611328	MET_pt=66.745873	n_electrons=2.000000	n_muons=0.000000
n2p:	Event not found in two_jet or zero_to_one_jet

--- Event 12605 (DNA:two_jet -> n2p:two_jet/zero_to_one_jet) ---
DNA (two_jet):	event=12605.000000	run=1.000000	luminosityBlock=13.000000	n_jets=2.000000	n_b_jets=0.000000	jet_1_pt=46.029884	jet_1_eta=1.217773	jet_2_pt=35.258880	jet_2_eta=-3.439941	jet_2_phi=1.943115	jet_3_pt=-999.000000	jet_3_eta=-999.000000	jet_3_phi=-999.000000	MET_pt=30.287981	n_electrons=2.000000	n_muons=0.000000
n2p (zero_to_one_jet):	event=12605.000000	n_jets=1.000000	nbdfm=0.000000	jet_1_pt=46.127003	jet_1_eta=1.217773	jet_2_pt=-999.000000	jet_2_eta=-999.000000	j2_phi=-999.000000	j3_pt=-999.000000	j3_eta=-999.000000	j3_phi=-999.000000	met=23.692581	nel=2.000000	nmu=0.000000
Diff:	n_jets-n_jets=-1.000000	jet_1_pt-jet_1_pt=0.097119	jet_2_pt-jet_2_pt=-1034.258880	jet_2_eta-jet_2_eta=-995.560059	j2_phi-jet_2_phi=-1000.943115	met-MET_pt=-6.595400

--- Event 12763 (DNA:two_jet -> n2p:two_jet/zero_to_one_jet) ---
DNA (two_jet):	event=12763.000000	run=1.000000	luminosityBlock=13.000000	n_jets=2.000000	n_b_jets=0.000000	jet_1_pt=38.351175	jet_1_eta=-0.563965	jet_2_pt=30.164168	jet_2_eta=-3.353027	jet_2_phi=-2.182129	jet_3_pt=-999.000000	jet_3_eta=-999.000000	jet_3_phi=-999.000000	MET_pt=71.865113	n_electrons=2.000000	n_muons=0.000000
n2p (zero_to_one_jet):	event=12763.000000	n_jets=1.000000	nbdfm=0.000000	jet_1_pt=45.072742	jet_1_eta=-0.563965	jet_2_pt=-999.000000	jet_2_eta=-999.000000	j2_phi=-999.000000	j3_pt=-999.000000	j3_eta=-999.000000	j3_phi=-999.000000	met=65.632957	nel=2.000000	nmu=0.000000
Diff:	n_jets-n_jets=-1.000000	jet_1_pt-jet_1_pt=6.721567	jet_2_pt-jet_2_pt=-1029.164168	jet_2_eta-jet_2_eta=-995.646973	j2_phi-jet_2_phi=-996.817871	met-MET_pt=-6.232156

--- Event 13097 (DNA:two_jet -> n2p:two_jet/zero_to_one_jet) ---
DNA (two_jet):	event=13097.000000	run=1.000000	luminosityBlock=14.000000	n_jets=2.000000	n_b_jets=0.000000	jet_1_pt=34.390787	jet_1_eta=1.976318	jet_2_pt=32.734660	jet_2_eta=-4.200195	jet_2_phi=-0.829712	jet_3_pt=-999.000000	jet_3_eta=-999.000000	jet_3_phi=-999.000000	MET_pt=42.520218	n_electrons=0.000000	n_muons=2.000000
n2p (zero_to_one_jet):	event=13097.000000	n_jets=1.000000	nbdfm=0.000000	jet_1_pt=34.291538	jet_1_eta=1.976318	jet_2_pt=-999.000000	jet_2_eta=-999.000000	j2_phi=-999.000000	j3_pt=-999.000000	j3_eta=-999.000000	j3_phi=-999.000000	met=39.247257	nel=0.000000	nmu=2.000000
Diff:	n_jets-n_jets=-1.000000	jet_1_pt-jet_1_pt=-0.099249	jet_2_pt-jet_2_pt=-1031.734660	jet_2_eta-jet_2_eta=-994.799805	j2_phi-jet_2_phi=-998.170288	met-MET_pt=-3.272961

--- Event 13515 (DNA:two_jet -> n2p:two_jet/zero_to_one_jet) ---
DNA (two_jet):	event=13515.000000	run=1.000000	luminosityBlock=14.000000	n_jets=2.000000	n_b_jets=0.000000	jet_1_pt=72.359349	jet_1_eta=-4.217773	jet_2_pt=31.278903	jet_2_eta=3.438477	jet_2_phi=0.212036	jet_3_pt=-999.000000	jet_3_eta=-999.000000	jet_3_phi=-999.000000	MET_pt=95.814308	n_electrons=2.000000	n_muons=0.000000
n2p (zero_to_one_jet):	event=13515.000000	n_jets=1.000000	nbdfm=0.000000	jet_1_pt=70.676033	jet_1_eta=-4.217773	jet_2_pt=-999.000000	jet_2_eta=-999.000000	j2_phi=-999.000000	j3_pt=-999.000000	j3_eta=-999.000000	j3_phi=-999.000000	met=85.031548	nel=2.000000	nmu=0.000000
Diff:	n_jets-n_jets=-1.000000	jet_1_pt-jet_1_pt=-1.683316	jet_2_pt-jet_2_pt=-1030.278903	jet_2_eta-jet_2_eta=-1002.438477	j2_phi-jet_2_phi=-999.212036	met-MET_pt=-10.782760

--- Event 14311 (DNA:two_jet -> n2p:two_jet/zero_to_one_jet) ---
DNA (two_jet):	event=14311.000000	run=1.000000	luminosityBlock=15.000000	n_jets=2.000000	n_b_jets=0.000000	jet_1_pt=43.198970	jet_1_eta=2.273438	jet_2_pt=32.366910	jet_2_eta=3.918457	jet_2_phi=-1.957275	jet_3_pt=-999.000000	jet_3_eta=-999.000000	jet_3_phi=-999.000000	MET_pt=54.390527	n_electrons=2.000000	n_muons=0.000000
n2p (zero_to_one_jet):	event=14311.000000	n_jets=1.000000	nbdfm=0.000000	jet_1_pt=43.038059	jet_1_eta=2.273438	jet_2_pt=-999.000000	jet_2_eta=-999.000000	j2_phi=-999.000000	j3_pt=-999.000000	j3_eta=-999.000000	j3_phi=-999.000000	met=54.695923	nel=2.000000	nmu=0.000000
Diff:	n_jets-n_jets=-1.000000	jet_1_pt-jet_1_pt=-0.160910	jet_2_pt-jet_2_pt=-1031.366910	jet_2_eta-jet_2_eta=-1002.918457	j2_phi-jet_2_phi=-997.042725	met-MET_pt=0.305396

--- Event 15740 (DNA:two_jet -> n2p:two_jet/zero_to_one_jet) ---
DNA (two_jet):	event=15740.000000	run=1.000000	luminosityBlock=16.000000	n_jets=2.000000	n_b_jets=0.000000	jet_1_pt=74.077547	jet_1_eta=0.923706	jet_2_pt=31.769891	jet_2_eta=1.907715	jet_2_phi=-0.631226	jet_3_pt=-999.000000	jet_3_eta=-999.000000	jet_3_phi=-999.000000	MET_pt=7.492295	n_electrons=0.000000	n_muons=2.000000
n2p (zero_to_one_jet):	event=15740.000000	n_jets=1.000000	nbdfm=0.000000	jet_1_pt=74.069099	jet_1_eta=0.923706	jet_2_pt=-999.000000	jet_2_eta=-999.000000	j2_phi=-999.000000	j3_pt=-999.000000	j3_eta=-999.000000	j3_phi=-999.000000	met=6.568271	nel=0.000000	nmu=2.000000
Diff:	n_jets-n_jets=-1.000000	jet_1_pt-jet_1_pt=-0.008448	jet_2_pt-jet_2_pt=-1030.769891	jet_2_eta-jet_2_eta=-1000.907715	j2_phi-jet_2_phi=-998.368774	met-MET_pt=-0.924023

--- Event 16398 (DNA:two_jet -> n2p:two_jet/zero_to_one_jet) ---
DNA (two_jet):	event=16398.000000	run=1.000000	luminosityBlock=17.000000	n_jets=2.000000	n_b_jets=0.000000	jet_1_pt=34.018180	jet_1_eta=-3.246094	jet_2_pt=32.317048	jet_2_eta=-3.507812	jet_2_phi=-2.074707	jet_3_pt=-999.000000	jet_3_eta=-999.000000	jet_3_phi=-999.000000	MET_pt=25.743188	n_electrons=0.000000	n_muons=2.000000
n2p (zero_to_one_jet):	event=16398.000000	n_jets=1.000000	nbdfm=0.000000	jet_1_pt=30.214434	jet_1_eta=-3.246094	jet_2_pt=-999.000000	jet_2_eta=-999.000000	j2_phi=-999.000000	j3_pt=-999.000000	j3_eta=-999.000000	j3_phi=-999.000000	met=22.096615	nel=0.000000	nmu=2.000000
Diff:	n_jets-n_jets=-1.000000	jet_1_pt-jet_1_pt=-3.803746	jet_2_pt-jet_2_pt=-1031.317048	jet_2_eta-jet_2_eta=-995.492188	j2_phi-jet_2_phi=-996.925293	met-MET_pt=-3.646573

--- Event 16960 (DNA:two_jet -> n2p:two_jet/zero_to_one_jet) ---
DNA (two_jet):	event=16960.000000	run=1.000000	luminosityBlock=17.000000	n_jets=2.000000	n_b_jets=0.000000	jet_1_pt=60.156390	jet_1_eta=-0.204132	jet_2_pt=52.981860	jet_2_eta=2.801758	jet_2_phi=-0.099228	jet_3_pt=-999.000000	jet_3_eta=-999.000000	jet_3_phi=-999.000000	MET_pt=17.829906	n_electrons=0.000000	n_muons=2.000000
n2p (zero_to_one_jet):	event=16960.000000	n_jets=1.000000	nbdfm=0.000000	jet_1_pt=60.049015	jet_1_eta=-0.204132	jet_2_pt=-999.000000	jet_2_eta=-999.000000	j2_phi=-999.000000	j3_pt=-999.000000	j3_eta=-999.000000	j3_phi=-999.000000	met=17.902409	nel=0.000000	nmu=2.000000
Diff:	n_jets-n_jets=-1.000000	jet_1_pt-jet_1_pt=-0.107375	jet_2_pt-jet_2_pt=-1051.981860	jet_2_eta-jet_2_eta=-1001.801758	j2_phi-jet_2_phi=-998.900772	met-MET_pt=0.072502

--- Event 17147 (DNA:two_jet -> n2p:two_jet/zero_to_one_jet) ---
DNA (two_jet):	event=17147.000000	run=1.000000	luminosityBlock=18.000000	n_jets=2.000000	n_b_jets=0.000000	jet_1_pt=44.237413	jet_1_eta=2.252930	jet_2_pt=33.558102	jet_2_eta=3.272461	jet_2_phi=0.594971	jet_3_pt=-999.000000	jet_3_eta=-999.000000	jet_3_phi=-999.000000	MET_pt=36.898755	n_electrons=0.000000	n_muons=2.000000
n2p (zero_to_one_jet):	event=17147.000000	n_jets=1.000000	nbdfm=0.000000	jet_1_pt=44.062157	jet_1_eta=2.252930	jet_2_pt=-999.000000	jet_2_eta=-999.000000	j2_phi=-999.000000	j3_pt=-999.000000	j3_eta=-999.000000	j3_phi=-999.000000	met=31.528515	nel=0.000000	nmu=2.000000
Diff:	n_jets-n_jets=-1.000000	jet_1_pt-jet_1_pt=-0.175256	jet_2_pt-jet_2_pt=-1032.558102	jet_2_eta-jet_2_eta=-1002.272461	j2_phi-jet_2_phi=-999.594971	met-MET_pt=-5.370240

--- Event 18428 (DNA:two_jet -> n2p:two_jet/zero_to_one_jet) ---
DNA (two_jet):	event=18428.000000	run=1.000000	luminosityBlock=19.000000	n_jets=2.000000	n_b_jets=0.000000	jet_1_pt=52.292525	jet_1_eta=-1.687988	jet_2_pt=51.850230	jet_2_eta=-2.671387	jet_2_phi=-1.116943	jet_3_pt=-999.000000	jet_3_eta=-999.000000	jet_3_phi=-999.000000	MET_pt=64.135703	n_electrons=0.000000	n_muons=2.000000
n2p (zero_to_one_jet):	event=18428.000000	n_jets=1.000000	nbdfm=0.000000	jet_1_pt=52.238834	jet_1_eta=-1.687988	jet_2_pt=-999.000000	jet_2_eta=-999.000000	j2_phi=-999.000000	j3_pt=-999.000000	j3_eta=-999.000000	j3_phi=-999.000000	met=59.251411	nel=0.000000	nmu=2.000000
Diff:	n_jets-n_jets=-1.000000	jet_1_pt-jet_1_pt=-0.053691	jet_2_pt-jet_2_pt=-1050.850230	jet_2_eta-jet_2_eta=-996.328613	j2_phi-jet_2_phi=-997.883057	met-MET_pt=-4.884292

--- Event 18849 (DNA:two_jet -> n2p:two_jet/zero_to_one_jet) ---
DNA (two_jet):	event=18849.000000	run=1.000000	luminosityBlock=19.000000	n_jets=2.000000	n_b_jets=0.000000	jet_1_pt=55.743287	jet_1_eta=-2.533691	jet_2_pt=31.011986	jet_2_eta=4.091797	jet_2_phi=2.705566	jet_3_pt=-999.000000	jet_3_eta=-999.000000	jet_3_phi=-999.000000	MET_pt=45.309065	n_electrons=0.000000	n_muons=2.000000
n2p (zero_to_one_jet):	event=18849.000000	n_jets=1.000000	nbdfm=0.000000	jet_1_pt=54.003071	jet_1_eta=-2.533691	jet_2_pt=-999.000000	jet_2_eta=-999.000000	j2_phi=-999.000000	j3_pt=-999.000000	j3_eta=-999.000000	j3_phi=-999.000000	met=46.696545	nel=0.000000	nmu=2.000000
Diff:	n_jets-n_jets=-1.000000	jet_1_pt-jet_1_pt=-1.740216	jet_2_pt-jet_2_pt=-1030.011986	jet_2_eta-jet_2_eta=-1003.091797	j2_phi-jet_2_phi=-1001.705566	met-MET_pt=1.387480

--- Event 19936 (DNA:two_jet -> n2p:two_jet/zero_to_one_jet) ---
DNA (two_jet):	event=19936.000000	run=1.000000	luminosityBlock=20.000000	n_jets=3.000000	n_b_jets=0.000000	jet_1_pt=38.468228	jet_1_eta=-1.038330	jet_2_pt=34.866520	jet_2_eta=-0.748169	jet_2_phi=2.530762	jet_3_pt=30.662701	jet_3_eta=1.992188	jet_3_phi=2.607422	MET_pt=35.295730	n_electrons=2.000000	n_muons=0.000000
n2p:	Event not found in two_jet or zero_to_one_jet

--- Event 20677 (DNA:two_jet -> n2p:two_jet/zero_to_one_jet) ---
DNA (two_jet):	event=20677.000000	run=1.000000	luminosityBlock=21.000000	n_jets=2.000000	n_b_jets=0.000000	jet_1_pt=48.296486	jet_1_eta=-3.038086	jet_2_pt=37.278486	jet_2_eta=-1.768066	jet_2_phi=-1.550781	jet_3_pt=-999.000000	jet_3_eta=-999.000000	jet_3_phi=-999.000000	MET_pt=39.904252	n_electrons=2.000000	n_muons=0.000000
n2p (zero_to_one_jet):	event=20677.000000	n_jets=1.000000	nbdfm=0.000000	jet_1_pt=37.236732	jet_1_eta=-1.768066	jet_2_pt=-999.000000	jet_2_eta=-999.000000	j2_phi=-999.000000	j3_pt=-999.000000	j3_eta=-999.000000	j3_phi=-999.000000	met=20.129141	nel=2.000000	nmu=0.000000
Diff:	n_jets-n_jets=-1.000000	jet_1_pt-jet_1_pt=-11.059753	jet_1_eta-jet_1_eta=1.270020	jet_2_pt-jet_2_pt=-1036.278486	jet_2_eta-jet_2_eta=-997.231934	j2_phi-jet_2_phi=-997.449219	met-MET_pt=-19.775111

--- Event 21066 (DNA:two_jet -> n2p:two_jet/zero_to_one_jet) ---
DNA (two_jet):	event=21066.000000	run=1.000000	luminosityBlock=22.000000	n_jets=2.000000	n_b_jets=0.000000	jet_1_pt=50.075556	jet_1_eta=2.812012	jet_2_pt=41.476992	jet_2_eta=3.442383	jet_2_phi=-0.513184	jet_3_pt=-999.000000	jet_3_eta=-999.000000	jet_3_phi=-999.000000	MET_pt=17.246839	n_electrons=0.000000	n_muons=2.000000
n2p (zero_to_one_jet):	event=21066.000000	n_jets=1.000000	nbdfm=0.000000	jet_1_pt=38.872643	jet_1_eta=3.442383	jet_2_pt=-999.000000	jet_2_eta=-999.000000	j2_phi=-999.000000	j3_pt=-999.000000	j3_eta=-999.000000	j3_phi=-999.000000	met=21.165024	nel=0.000000	nmu=2.000000
Diff:	n_jets-n_jets=-1.000000	jet_1_pt-jet_1_pt=-11.202914	jet_1_eta-jet_1_eta=0.630371	jet_2_pt-jet_2_pt=-1040.476992	jet_2_eta-jet_2_eta=-1002.442383	j2_phi-jet_2_phi=-998.486816	met-MET_pt=3.918185

--- Event 22647 (DNA:two_jet -> n2p:two_jet/zero_to_one_jet) ---
DNA (two_jet):	event=22647.000000	run=1.000000	luminosityBlock=23.000000	n_jets=2.000000	n_b_jets=0.000000	jet_1_pt=60.919192	jet_1_eta=2.065918	jet_2_pt=38.328770	jet_2_eta=-2.319824	jet_2_phi=-0.104263	jet_3_pt=-999.000000	jet_3_eta=-999.000000	jet_3_phi=-999.000000	MET_pt=54.123965	n_electrons=2.000000	n_muons=0.000000
n2p:	Event not found in two_jet or zero_to_one_jet

--- Event 24399 (DNA:two_jet -> n2p:two_jet/zero_to_one_jet) ---
DNA (two_jet):	event=24399.000000	run=1.000000	luminosityBlock=25.000000	n_jets=2.000000	n_b_jets=0.000000	jet_1_pt=143.450995	jet_1_eta=3.798340	jet_2_pt=86.145914	jet_2_eta=2.398926	jet_2_phi=2.371094	jet_3_pt=-999.000000	jet_3_eta=-999.000000	jet_3_phi=-999.000000	MET_pt=8.844040	n_electrons=0.000000	n_muons=2.000000
n2p:	Event not found in two_jet or zero_to_one_jet

--- Event 24501 (DNA:two_jet -> n2p:two_jet/zero_to_one_jet) ---
DNA (two_jet):	event=24501.000000	run=1.000000	luminosityBlock=25.000000	n_jets=2.000000	n_b_jets=0.000000	jet_1_pt=63.799425	jet_1_eta=3.138672	jet_2_pt=33.752365	jet_2_eta=3.348145	jet_2_phi=-2.406738	jet_3_pt=-999.000000	jet_3_eta=-999.000000	jet_3_phi=-999.000000	MET_pt=24.857699	n_electrons=0.000000	n_muons=2.000000
n2p (zero_to_one_jet):	event=24501.000000	n_jets=1.000000	nbdfm=0.000000	jet_1_pt=43.966339	jet_1_eta=3.138672	jet_2_pt=-999.000000	jet_2_eta=-999.000000	j2_phi=-999.000000	j3_pt=-999.000000	j3_eta=-999.000000	j3_phi=-999.000000	met=17.316168	nel=0.000000	nmu=2.000000
Diff:	n_jets-n_jets=-1.000000	jet_1_pt-jet_1_pt=-19.833086	jet_2_pt-jet_2_pt=-1032.752365	jet_2_eta-jet_2_eta=-1002.348145	j2_phi-jet_2_phi=-996.593262	met-MET_pt=-7.541531

--- Event 25250 (DNA:two_jet -> n2p:two_jet/zero_to_one_jet) ---
DNA (two_jet):	event=25250.000000	run=1.000000	luminosityBlock=26.000000	n_jets=2.000000	n_b_jets=0.000000	jet_1_pt=70.585680	jet_1_eta=1.110107	jet_2_pt=30.398250	jet_2_eta=3.530273	jet_2_phi=0.436829	jet_3_pt=-999.000000	jet_3_eta=-999.000000	jet_3_phi=-999.000000	MET_pt=25.620814	n_electrons=2.000000	n_muons=0.000000
n2p (zero_to_one_jet):	event=25250.000000	n_jets=1.000000	nbdfm=0.000000	jet_1_pt=70.601105	jet_1_eta=1.110107	jet_2_pt=-999.000000	jet_2_eta=-999.000000	j2_phi=-999.000000	j3_pt=-999.000000	j3_eta=-999.000000	j3_phi=-999.000000	met=26.060667	nel=2.000000	nmu=0.000000
Diff:	n_jets-n_jets=-1.000000	jet_1_pt-jet_1_pt=0.015424	jet_2_pt-jet_2_pt=-1029.398250	jet_2_eta-jet_2_eta=-1002.530273	j2_phi-jet_2_phi=-999.436829	met-MET_pt=0.439853

--- Event 25717 (DNA:two_jet -> n2p:two_jet/zero_to_one_jet) ---
DNA (two_jet):	event=25717.000000	run=1.000000	luminosityBlock=26.000000	n_jets=2.000000	n_b_jets=0.000000	jet_1_pt=34.589000	jet_1_eta=3.406250	jet_2_pt=34.119115	jet_2_eta=4.421875	jet_2_phi=-1.310547	jet_3_pt=-999.000000	jet_3_eta=-999.000000	jet_3_phi=-999.000000	MET_pt=22.799850	n_electrons=2.000000	n_muons=0.000000
n2p (zero_to_one_jet):	event=25717.000000	n_jets=1.000000	nbdfm=0.000000	jet_1_pt=31.087721	jet_1_eta=4.421875	jet_2_pt=-999.000000	jet_2_eta=-999.000000	j2_phi=-999.000000	j3_pt=-999.000000	j3_eta=-999.000000	j3_phi=-999.000000	met=17.651066	nel=2.000000	nmu=0.000000
Diff:	n_jets-n_jets=-1.000000	jet_1_pt-jet_1_pt=-3.501279	jet_1_eta-jet_1_eta=1.015625	jet_2_pt-jet_2_pt=-1033.119115	jet_2_eta-jet_2_eta=-1003.421875	j2_phi-jet_2_phi=-997.689453	met-MET_pt=-5.148784

--- Event 28015 (DNA:two_jet -> n2p:two_jet/zero_to_one_jet) ---
DNA (two_jet):	event=28015.000000	run=1.000000	luminosityBlock=29.000000	n_jets=2.000000	n_b_jets=0.000000	jet_1_pt=36.181064	jet_1_eta=-0.795898	jet_2_pt=30.933658	jet_2_eta=-3.539062	jet_2_phi=0.436890	jet_3_pt=-999.000000	jet_3_eta=-999.000000	jet_3_phi=-999.000000	MET_pt=47.606569	n_electrons=2.000000	n_muons=0.000000
n2p (zero_to_one_jet):	event=28015.000000	n_jets=1.000000	nbdfm=0.000000	jet_1_pt=36.166264	jet_1_eta=-0.795898	jet_2_pt=-999.000000	jet_2_eta=-999.000000	j2_phi=-999.000000	j3_pt=-999.000000	j3_eta=-999.000000	j3_phi=-999.000000	met=54.342476	nel=2.000000	nmu=0.000000
Diff:	n_jets-n_jets=-1.000000	jet_1_pt-jet_1_pt=-0.014800	jet_2_pt-jet_2_pt=-1029.933658	jet_2_eta-jet_2_eta=-995.460938	j2_phi-jet_2_phi=-999.436890	met-MET_pt=6.735907

--- Event 28448 (DNA:two_jet -> n2p:two_jet/zero_to_one_jet) ---
DNA (two_jet):	event=28448.000000	run=1.000000	luminosityBlock=29.000000	n_jets=2.000000	n_b_jets=0.000000	jet_1_pt=36.135545	jet_1_eta=3.728516	jet_2_pt=34.763440	jet_2_eta=-3.344727	jet_2_phi=-1.582520	jet_3_pt=-999.000000	jet_3_eta=-999.000000	jet_3_phi=-999.000000	MET_pt=54.694728	n_electrons=2.000000	n_muons=0.000000
n2p (zero_to_one_jet):	event=28448.000000	n_jets=1.000000	nbdfm=0.000000	jet_1_pt=39.005096	jet_1_eta=-3.344727	jet_2_pt=-999.000000	jet_2_eta=-999.000000	j2_phi=-999.000000	j3_pt=-999.000000	j3_eta=-999.000000	j3_phi=-999.000000	met=49.495079	nel=2.000000	nmu=0.000000
Diff:	n_jets-n_jets=-1.000000	jet_1_pt-jet_1_pt=2.869551	jet_1_eta-jet_1_eta=-7.073242	jet_2_pt-jet_2_pt=-1033.763440	jet_2_eta-jet_2_eta=-995.655273	j2_phi-jet_2_phi=-997.417480	met-MET_pt=-5.199649

--- Event 29282 (DNA:two_jet -> n2p:two_jet/zero_to_one_jet) ---
DNA (two_jet):	event=29282.000000	run=1.000000	luminosityBlock=30.000000	n_jets=2.000000	n_b_jets=0.000000	jet_1_pt=99.281125	jet_1_eta=-2.119629	jet_2_pt=31.228086	jet_2_eta=-4.228516	jet_2_phi=-0.436401	jet_3_pt=-999.000000	jet_3_eta=-999.000000	jet_3_phi=-999.000000	MET_pt=22.172599	n_electrons=0.000000	n_muons=2.000000
n2p (zero_to_one_jet):	event=29282.000000	n_jets=1.000000	nbdfm=0.000000	jet_1_pt=98.552101	jet_1_eta=-2.119629	jet_2_pt=-999.000000	jet_2_eta=-999.000000	j2_phi=-999.000000	j3_pt=-999.000000	j3_eta=-999.000000	j3_phi=-999.000000	met=22.475121	nel=0.000000	nmu=2.000000
Diff:	n_jets-n_jets=-1.000000	jet_1_pt-jet_1_pt=-0.729024	jet_2_pt-jet_2_pt=-1030.228086	jet_2_eta-jet_2_eta=-994.771484	j2_phi-jet_2_phi=-998.563599	met-MET_pt=0.302521

--- Event 29434 (DNA:two_jet -> n2p:two_jet/zero_to_one_jet) ---
DNA (two_jet):	event=29434.000000	run=1.000000	luminosityBlock=30.000000	n_jets=2.000000	n_b_jets=0.000000	jet_1_pt=33.717035	jet_1_eta=-0.408203	jet_2_pt=30.945413	jet_2_eta=3.963379	jet_2_phi=1.794678	jet_3_pt=-999.000000	jet_3_eta=-999.000000	jet_3_phi=-999.000000	MET_pt=38.613508	n_electrons=0.000000	n_muons=2.000000
n2p (zero_to_one_jet):	event=29434.000000	n_jets=1.000000	nbdfm=0.000000	jet_1_pt=33.736309	jet_1_eta=-0.408203	jet_2_pt=-999.000000	jet_2_eta=-999.000000	j2_phi=-999.000000	j3_pt=-999.000000	j3_eta=-999.000000	j3_phi=-999.000000	met=39.475822	nel=0.000000	nmu=2.000000
Diff:	n_jets-n_jets=-1.000000	jet_1_pt-jet_1_pt=0.019274	jet_2_pt-jet_2_pt=-1029.945413	jet_2_eta-jet_2_eta=-1002.963379	j2_phi-jet_2_phi=-1000.794678	met-MET_pt=0.862315

--- Event 30626 (DNA:two_jet -> n2p:two_jet/zero_to_one_jet) ---
DNA (two_jet):	event=30626.000000	run=1.000000	luminosityBlock=31.000000	n_jets=2.000000	n_b_jets=0.000000	jet_1_pt=93.131054	jet_1_eta=-2.077637	jet_2_pt=31.000851	jet_2_eta=-1.179199	jet_2_phi=2.010742	jet_3_pt=-999.000000	jet_3_eta=-999.000000	jet_3_phi=-999.000000	MET_pt=28.854972	n_electrons=0.000000	n_muons=2.000000
n2p (zero_to_one_jet):	event=30626.000000	n_jets=1.000000	nbdfm=0.000000	jet_1_pt=92.470284	jet_1_eta=-2.077637	jet_2_pt=-999.000000	jet_2_eta=-999.000000	j2_phi=-999.000000	j3_pt=-999.000000	j3_eta=-999.000000	j3_phi=-999.000000	met=16.986214	nel=0.000000	nmu=2.000000
Diff:	n_jets-n_jets=-1.000000	jet_1_pt-jet_1_pt=-0.660770	jet_2_pt-jet_2_pt=-1030.000851	jet_2_eta-jet_2_eta=-997.820801	j2_phi-jet_2_phi=-1001.010742	met-MET_pt=-11.868759

--- Event 31168 (DNA:two_jet -> n2p:two_jet/zero_to_one_jet) ---
DNA (two_jet):	event=31168.000000	run=1.000000	luminosityBlock=32.000000	n_jets=2.000000	n_b_jets=0.000000	jet_1_pt=40.753977	jet_1_eta=1.030273	jet_2_pt=30.193579	jet_2_eta=4.317383	jet_2_phi=-1.184082	jet_3_pt=-999.000000	jet_3_eta=-999.000000	jet_3_phi=-999.000000	MET_pt=42.378617	n_electrons=2.000000	n_muons=0.000000
n2p (zero_to_one_jet):	event=31168.000000	n_jets=1.000000	nbdfm=0.000000	jet_1_pt=40.781895	jet_1_eta=1.030273	jet_2_pt=-999.000000	jet_2_eta=-999.000000	j2_phi=-999.000000	j3_pt=-999.000000	j3_eta=-999.000000	j3_phi=-999.000000	met=36.332714	nel=2.000000	nmu=0.000000
Diff:	n_jets-n_jets=-1.000000	jet_1_pt-jet_1_pt=0.027918	jet_2_pt-jet_2_pt=-1029.193579	jet_2_eta-jet_2_eta=-1003.317383	j2_phi-jet_2_phi=-997.815918	met-MET_pt=-6.045903

--- Event 31689 (DNA:two_jet -> n2p:two_jet/zero_to_one_jet) ---
DNA (two_jet):	event=31689.000000	run=1.000000	luminosityBlock=32.000000	n_jets=2.000000	n_b_jets=0.000000	jet_1_pt=34.085021	jet_1_eta=2.362793	jet_2_pt=30.206461	jet_2_eta=1.525879	jet_2_phi=1.894287	jet_3_pt=-999.000000	jet_3_eta=-999.000000	jet_3_phi=-999.000000	MET_pt=28.459272	n_electrons=2.000000	n_muons=0.000000
n2p (zero_to_one_jet):	event=31689.000000	n_jets=1.000000	nbdfm=0.000000	jet_1_pt=33.528675	jet_1_eta=2.362793	jet_2_pt=-999.000000	jet_2_eta=-999.000000	j2_phi=-999.000000	j3_pt=-999.000000	j3_eta=-999.000000	j3_phi=-999.000000	met=30.006329	nel=2.000000	nmu=0.000000
Diff:	n_jets-n_jets=-1.000000	jet_1_pt-jet_1_pt=-0.556346	jet_2_pt-jet_2_pt=-1029.206461	jet_2_eta-jet_2_eta=-1000.525879	j2_phi-jet_2_phi=-1000.894287	met-MET_pt=1.547056

--- Event 31707 (DNA:two_jet -> n2p:two_jet/zero_to_one_jet) ---
DNA (two_jet):	event=31707.000000	run=1.000000	luminosityBlock=32.000000	n_jets=2.000000	n_b_jets=0.000000	jet_1_pt=48.849547	jet_1_eta=0.511719	jet_2_pt=30.062981	jet_2_eta=-3.856445	jet_2_phi=2.470703	jet_3_pt=-999.000000	jet_3_eta=-999.000000	jet_3_phi=-999.000000	MET_pt=74.528524	n_electrons=2.000000	n_muons=0.000000
n2p (zero_to_one_jet):	event=31707.000000	n_jets=1.000000	nbdfm=0.000000	jet_1_pt=48.911640	jet_1_eta=0.511719	jet_2_pt=-999.000000	jet_2_eta=-999.000000	j2_phi=-999.000000	j3_pt=-999.000000	j3_eta=-999.000000	j3_phi=-999.000000	met=70.954292	nel=2.000000	nmu=0.000000
Diff:	n_jets-n_jets=-1.000000	jet_1_pt-jet_1_pt=0.062094	jet_2_pt-jet_2_pt=-1029.062981	jet_2_eta-jet_2_eta=-995.143555	j2_phi-jet_2_phi=-1001.470703	met-MET_pt=-3.574231

--- Event 31952 (DNA:two_jet -> n2p:two_jet/zero_to_one_jet) ---
DNA (two_jet):	event=31952.000000	run=1.000000	luminosityBlock=32.000000	n_jets=2.000000	n_b_jets=0.000000	jet_1_pt=146.519067	jet_1_eta=0.387756	jet_2_pt=30.043411	jet_2_eta=3.362793	jet_2_phi=0.343140	jet_3_pt=-999.000000	jet_3_eta=-999.000000	jet_3_phi=-999.000000	MET_pt=53.876615	n_electrons=0.000000	n_muons=2.000000
n2p (zero_to_one_jet):	event=31952.000000	n_jets=1.000000	nbdfm=0.000000	jet_1_pt=146.464020	jet_1_eta=0.387756	jet_2_pt=-999.000000	jet_2_eta=-999.000000	j2_phi=-999.000000	j3_pt=-999.000000	j3_eta=-999.000000	j3_phi=-999.000000	met=52.433739	nel=0.000000	nmu=2.000000
Diff:	n_jets-n_jets=-1.000000	jet_1_pt-jet_1_pt=-0.055047	jet_2_pt-jet_2_pt=-1029.043411	jet_2_eta-jet_2_eta=-1002.362793	j2_phi-jet_2_phi=-999.343140	met-MET_pt=-1.442877

--- Event 32023 (DNA:two_jet -> n2p:two_jet/zero_to_one_jet) ---
DNA (two_jet):	event=32023.000000	run=1.000000	luminosityBlock=33.000000	n_jets=2.000000	n_b_jets=0.000000	jet_1_pt=41.219048	jet_1_eta=1.313477	jet_2_pt=31.956964	jet_2_eta=-1.560547	jet_2_phi=-0.309937	jet_3_pt=-999.000000	jet_3_eta=-999.000000	jet_3_phi=-999.000000	MET_pt=44.686668	n_electrons=0.000000	n_muons=2.000000
n2p (zero_to_one_jet):	event=32023.000000	n_jets=1.000000	nbdfm=0.000000	jet_1_pt=41.427486	jet_1_eta=1.313477	jet_2_pt=-999.000000	jet_2_eta=-999.000000	j2_phi=-999.000000	j3_pt=-999.000000	j3_eta=-999.000000	j3_phi=-999.000000	met=47.484039	nel=0.000000	nmu=2.000000
Diff:	n_jets-n_jets=-1.000000	jet_1_pt-jet_1_pt=0.208439	jet_2_pt-jet_2_pt=-1030.956964	jet_2_eta-jet_2_eta=-997.439453	j2_phi-jet_2_phi=-998.690063	met-MET_pt=2.797372

--- Event 32142 (DNA:two_jet -> n2p:two_jet/zero_to_one_jet) ---
DNA (two_jet):	event=32142.000000	run=1.000000	luminosityBlock=33.000000	n_jets=2.000000	n_b_jets=0.000000	jet_1_pt=31.678512	jet_1_eta=-2.479004	jet_2_pt=30.050215	jet_2_eta=-4.553711	jet_2_phi=-1.516357	jet_3_pt=-999.000000	jet_3_eta=-999.000000	jet_3_phi=-999.000000	MET_pt=27.430037	n_electrons=0.000000	n_muons=2.000000
n2p (zero_to_one_jet):	event=32142.000000	n_jets=1.000000	nbdfm=0.000000	jet_1_pt=31.197498	jet_1_eta=-2.479004	jet_2_pt=-999.000000	jet_2_eta=-999.000000	j2_phi=-999.000000	j3_pt=-999.000000	j3_eta=-999.000000	j3_phi=-999.000000	met=25.950773	nel=0.000000	nmu=2.000000
Diff:	n_jets-n_jets=-1.000000	jet_1_pt-jet_1_pt=-0.481014	jet_2_pt-jet_2_pt=-1029.050215	jet_2_eta-jet_2_eta=-994.446289	j2_phi-jet_2_phi=-997.483643	met-MET_pt=-1.479263

--- Event 32652 (DNA:two_jet -> n2p:two_jet/zero_to_one_jet) ---
DNA (two_jet):	event=32652.000000	run=1.000000	luminosityBlock=33.000000	n_jets=2.000000	n_b_jets=0.000000	jet_1_pt=144.094207	jet_1_eta=1.083496	jet_2_pt=53.378387	jet_2_eta=2.658203	jet_2_phi=-0.070633	jet_3_pt=-999.000000	jet_3_eta=-999.000000	jet_3_phi=-999.000000	MET_pt=57.160691	n_electrons=2.000000	n_muons=0.000000
n2p (zero_to_one_jet):	event=32652.000000	n_jets=1.000000	nbdfm=0.000000	jet_1_pt=144.228699	jet_1_eta=1.083496	jet_2_pt=-999.000000	jet_2_eta=-999.000000	j2_phi=-999.000000	j3_pt=-999.000000	j3_eta=-999.000000	j3_phi=-999.000000	met=62.148163	nel=2.000000	nmu=0.000000
Diff:	n_jets-n_jets=-1.000000	jet_1_pt-jet_1_pt=0.134491	jet_2_pt-jet_2_pt=-1052.378387	jet_2_eta-jet_2_eta=-1001.658203	j2_phi-jet_2_phi=-998.929367	met-MET_pt=4.987472

--- Event 33116 (DNA:two_jet -> n2p:two_jet/zero_to_one_jet) ---
DNA (two_jet):	event=33116.000000	run=1.000000	luminosityBlock=34.000000	n_jets=2.000000	n_b_jets=0.000000	jet_1_pt=53.063897	jet_1_eta=-3.261230	jet_2_pt=39.967412	jet_2_eta=-4.021484	jet_2_phi=-2.939453	jet_3_pt=-999.000000	jet_3_eta=-999.000000	jet_3_phi=-999.000000	MET_pt=67.134183	n_electrons=0.000000	n_muons=2.000000
n2p (zero_to_one_jet):	event=33116.000000	n_jets=1.000000	nbdfm=0.000000	jet_1_pt=50.198586	jet_1_eta=-3.261230	jet_2_pt=-999.000000	jet_2_eta=-999.000000	j2_phi=-999.000000	j3_pt=-999.000000	j3_eta=-999.000000	j3_phi=-999.000000	met=49.570255	nel=0.000000	nmu=2.000000
Diff:	n_jets-n_jets=-1.000000	jet_1_pt-jet_1_pt=-2.865312	jet_2_pt-jet_2_pt=-1038.967412	jet_2_eta-jet_2_eta=-994.978516	j2_phi-jet_2_phi=-996.060547	met-MET_pt=-17.563928

--- Event 34783 (DNA:two_jet -> n2p:two_jet/zero_to_one_jet) ---
DNA (two_jet):	event=34783.000000	run=1.000000	luminosityBlock=35.000000	n_jets=2.000000	n_b_jets=0.000000	jet_1_pt=47.702435	jet_1_eta=2.088379	jet_2_pt=33.626239	jet_2_eta=0.920166	jet_2_phi=-1.187256	jet_3_pt=-999.000000	jet_3_eta=-999.000000	jet_3_phi=-999.000000	MET_pt=21.248890	n_electrons=2.000000	n_muons=0.000000
n2p:	Event not found in two_jet or zero_to_one_jet

--- Event 35179 (DNA:two_jet -> n2p:two_jet/zero_to_one_jet) ---
DNA (two_jet):	event=35179.000000	run=1.000000	luminosityBlock=36.000000	n_jets=2.000000	n_b_jets=0.000000	jet_1_pt=35.261564	jet_1_eta=-3.622070	jet_2_pt=30.810847	jet_2_eta=-3.681152	jet_2_phi=-2.812988	jet_3_pt=-999.000000	jet_3_eta=-999.000000	jet_3_phi=-999.000000	MET_pt=53.667865	n_electrons=2.000000	n_muons=0.000000
n2p (zero_to_one_jet):	event=35179.000000	n_jets=1.000000	nbdfm=0.000000	jet_1_pt=31.762764	jet_1_eta=-3.622070	jet_2_pt=-999.000000	jet_2_eta=-999.000000	j2_phi=-999.000000	j3_pt=-999.000000	j3_eta=-999.000000	j3_phi=-999.000000	met=52.973930	nel=2.000000	nmu=0.000000
Diff:	n_jets-n_jets=-1.000000	jet_1_pt-jet_1_pt=-3.498800	jet_2_pt-jet_2_pt=-1029.810847	jet_2_eta-jet_2_eta=-995.318848	j2_phi-jet_2_phi=-996.187012	met-MET_pt=-0.693935

--- Event 35256 (DNA:two_jet -> n2p:two_jet/zero_to_one_jet) ---
DNA (two_jet):	event=35256.000000	run=1.000000	luminosityBlock=36.000000	n_jets=2.000000	n_b_jets=0.000000	jet_1_pt=87.659704	jet_1_eta=2.673828	jet_2_pt=30.284309	jet_2_eta=3.322754	jet_2_phi=1.042236	jet_3_pt=-999.000000	jet_3_eta=-999.000000	jet_3_phi=-999.000000	MET_pt=79.148737	n_electrons=2.000000	n_muons=0.000000
n2p (zero_to_one_jet):	event=35256.000000	n_jets=1.000000	nbdfm=0.000000	jet_1_pt=81.136955	jet_1_eta=2.673828	jet_2_pt=-999.000000	jet_2_eta=-999.000000	j2_phi=-999.000000	j3_pt=-999.000000	j3_eta=-999.000000	j3_phi=-999.000000	met=70.132759	nel=2.000000	nmu=0.000000
Diff:	n_jets-n_jets=-1.000000	jet_1_pt-jet_1_pt=-6.522749	jet_2_pt-jet_2_pt=-1029.284309	jet_2_eta-jet_2_eta=-1002.322754	j2_phi-jet_2_phi=-1000.042236	met-MET_pt=-9.015978

--- Event 35730 (DNA:two_jet -> n2p:two_jet/zero_to_one_jet) ---
DNA (two_jet):	event=35730.000000	run=1.000000	luminosityBlock=36.000000	n_jets=2.000000	n_b_jets=0.000000	jet_1_pt=33.386545	jet_1_eta=1.550781	jet_2_pt=30.390530	jet_2_eta=-3.231445	jet_2_phi=1.236572	jet_3_pt=-999.000000	jet_3_eta=-999.000000	jet_3_phi=-999.000000	MET_pt=15.783552	n_electrons=2.000000	n_muons=0.000000
n2p (zero_to_one_jet):	event=35730.000000	n_jets=1.000000	nbdfm=0.000000	jet_1_pt=33.470249	jet_1_eta=1.550781	jet_2_pt=-999.000000	jet_2_eta=-999.000000	j2_phi=-999.000000	j3_pt=-999.000000	j3_eta=-999.000000	j3_phi=-999.000000	met=13.630731	nel=2.000000	nmu=0.000000
Diff:	n_jets-n_jets=-1.000000	jet_1_pt-jet_1_pt=0.083704	jet_2_pt-jet_2_pt=-1029.390530	jet_2_eta-jet_2_eta=-995.768555	j2_phi-jet_2_phi=-1000.236572	met-MET_pt=-2.152822

--- Event 36260 (DNA:two_jet -> n2p:two_jet/zero_to_one_jet) ---
DNA (two_jet):	event=36260.000000	run=1.000000	luminosityBlock=37.000000	n_jets=2.000000	n_b_jets=0.000000	jet_1_pt=38.873701	jet_1_eta=-3.335938	jet_2_pt=30.631880	jet_2_eta=-3.616699	jet_2_phi=1.554688	jet_3_pt=-999.000000	jet_3_eta=-999.000000	jet_3_phi=-999.000000	MET_pt=12.495059	n_electrons=2.000000	n_muons=0.000000
n2p (zero_to_one_jet):	event=36260.000000	n_jets=1.000000	nbdfm=0.000000	jet_1_pt=32.111141	jet_1_eta=-3.335938	jet_2_pt=-999.000000	jet_2_eta=-999.000000	j2_phi=-999.000000	j3_pt=-999.000000	j3_eta=-999.000000	j3_phi=-999.000000	met=17.222519	nel=2.000000	nmu=0.000000
Diff:	n_jets-n_jets=-1.000000	jet_1_pt-jet_1_pt=-6.762560	jet_2_pt-jet_2_pt=-1029.631880	jet_2_eta-jet_2_eta=-995.383301	j2_phi-jet_2_phi=-1000.554688	met-MET_pt=4.727459

--- Event 36592 (DNA:two_jet -> n2p:two_jet/zero_to_one_jet) ---
DNA (two_jet):	event=36592.000000	run=1.000000	luminosityBlock=37.000000	n_jets=2.000000	n_b_jets=0.000000	jet_1_pt=52.285060	jet_1_eta=-2.704590	jet_2_pt=41.776625	jet_2_eta=4.200195	jet_2_phi=-1.704102	jet_3_pt=-999.000000	jet_3_eta=-999.000000	jet_3_phi=-999.000000	MET_pt=20.877324	n_electrons=2.000000	n_muons=0.000000
n2p (zero_to_one_jet):	event=36592.000000	n_jets=1.000000	nbdfm=0.000000	jet_1_pt=39.212151	jet_1_eta=4.200195	jet_2_pt=-999.000000	jet_2_eta=-999.000000	j2_phi=-999.000000	j3_pt=-999.000000	j3_eta=-999.000000	j3_phi=-999.000000	met=16.329336	nel=2.000000	nmu=0.000000
Diff:	n_jets-n_jets=-1.000000	jet_1_pt-jet_1_pt=-13.072909	jet_1_eta-jet_1_eta=6.904785	jet_2_pt-jet_2_pt=-1040.776625	jet_2_eta-jet_2_eta=-1003.200195	j2_phi-jet_2_phi=-997.295898	met-MET_pt=-4.547988

--- Event 36608 (DNA:two_jet -> n2p:two_jet/zero_to_one_jet) ---
DNA (two_jet):	event=36608.000000	run=1.000000	luminosityBlock=37.000000	n_jets=2.000000	n_b_jets=0.000000	jet_1_pt=60.385561	jet_1_eta=4.212891	jet_2_pt=30.818471	jet_2_eta=4.207031	jet_2_phi=-2.183105	jet_3_pt=-999.000000	jet_3_eta=-999.000000	jet_3_phi=-999.000000	MET_pt=62.521539	n_electrons=0.000000	n_muons=2.000000
n2p (zero_to_one_jet):	event=36608.000000	n_jets=1.000000	nbdfm=0.000000	jet_1_pt=58.307865	jet_1_eta=4.212891	jet_2_pt=-999.000000	jet_2_eta=-999.000000	j2_phi=-999.000000	j3_pt=-999.000000	j3_eta=-999.000000	j3_phi=-999.000000	met=57.597336	nel=0.000000	nmu=2.000000
Diff:	n_jets-n_jets=-1.000000	jet_1_pt-jet_1_pt=-2.077696	jet_2_pt-jet_2_pt=-1029.818471	jet_2_eta-jet_2_eta=-1003.207031	j2_phi-jet_2_phi=-996.816895	met-MET_pt=-4.924203

--- Event 37234 (DNA:two_jet -> n2p:two_jet/zero_to_one_jet) ---
DNA (two_jet):	event=37234.000000	run=1.000000	luminosityBlock=38.000000	n_jets=2.000000	n_b_jets=0.000000	jet_1_pt=78.517106	jet_1_eta=-3.084961	jet_2_pt=30.591311	jet_2_eta=-4.098633	jet_2_phi=2.683105	jet_3_pt=-999.000000	jet_3_eta=-999.000000	jet_3_phi=-999.000000	MET_pt=64.274549	n_electrons=0.000000	n_muons=2.000000
n2p (zero_to_one_jet):	event=37234.000000	n_jets=1.000000	nbdfm=0.000000	jet_1_pt=73.297501	jet_1_eta=-3.084961	jet_2_pt=-999.000000	jet_2_eta=-999.000000	j2_phi=-999.000000	j3_pt=-999.000000	j3_eta=-999.000000	j3_phi=-999.000000	met=54.008381	nel=0.000000	nmu=2.000000
Diff:	n_jets-n_jets=-1.000000	jet_1_pt-jet_1_pt=-5.219605	jet_2_pt-jet_2_pt=-1029.591311	jet_2_eta-jet_2_eta=-994.901367	j2_phi-jet_2_phi=-1001.683105	met-MET_pt=-10.266168

--- Event 37784 (DNA:two_jet -> n2p:two_jet/zero_to_one_jet) ---
DNA (two_jet):	event=37784.000000	run=1.000000	luminosityBlock=38.000000	n_jets=2.000000	n_b_jets=0.000000	jet_1_pt=33.525795	jet_1_eta=4.438477	jet_2_pt=31.252702	jet_2_eta=-3.156250	jet_2_phi=3.047852	jet_3_pt=-999.000000	jet_3_eta=-999.000000	jet_3_phi=-999.000000	MET_pt=50.837919	n_electrons=2.000000	n_muons=0.000000
n2p (zero_to_one_jet):	event=37784.000000	n_jets=0.000000	nbdfm=0.000000	jet_1_pt=-999.000000	jet_1_eta=-999.000000	jet_2_pt=-999.000000	jet_2_eta=-999.000000	j2_phi=-999.000000	j3_pt=-999.000000	j3_eta=-999.000000	j3_phi=-999.000000	met=46.348518	nel=2.000000	nmu=0.000000
Diff:	n_jets-n_jets=-2.000000	jet_1_pt-jet_1_pt=-1032.525795	jet_1_eta-jet_1_eta=-1003.438477	jet_2_pt-jet_2_pt=-1030.252702	jet_2_eta-jet_2_eta=-995.843750	j2_phi-jet_2_phi=-1002.047852	met-MET_pt=-4.489400

--- Event 41186 (DNA:two_jet -> n2p:two_jet/zero_to_one_jet) ---
DNA (two_jet):	event=41186.000000	run=1.000000	luminosityBlock=42.000000	n_jets=2.000000	n_b_jets=0.000000	jet_1_pt=42.044613	jet_1_eta=3.750000	jet_2_pt=31.125391	jet_2_eta=3.546875	jet_2_phi=-1.609863	jet_3_pt=-999.000000	jet_3_eta=-999.000000	jet_3_phi=-999.000000	MET_pt=0.000000	n_electrons=0.000000	n_muons=2.000000
n2p (zero_to_one_jet):	event=41186.000000	n_jets=1.000000	nbdfm=0.000000	jet_1_pt=35.084705	jet_1_eta=3.750000	jet_2_pt=-999.000000	jet_2_eta=-999.000000	j2_phi=-999.000000	j3_pt=-999.000000	j3_eta=-999.000000	j3_phi=-999.000000	met=17.266424	nel=0.000000	nmu=2.000000
Diff:	n_jets-n_jets=-1.000000	jet_1_pt-jet_1_pt=-6.959908	jet_2_pt-jet_2_pt=-1030.125391	jet_2_eta-jet_2_eta=-1002.546875	j2_phi-jet_2_phi=-997.390137	met-MET_pt=17.266424

--- Event 41547 (DNA:two_jet -> n2p:two_jet/zero_to_one_jet) ---
DNA (two_jet):	event=41547.000000	run=1.000000	luminosityBlock=42.000000	n_jets=2.000000	n_b_jets=0.000000	jet_1_pt=33.341157	jet_1_eta=-0.623901	jet_2_pt=31.509634	jet_2_eta=3.832031	jet_2_phi=-1.041016	jet_3_pt=-999.000000	jet_3_eta=-999.000000	jet_3_phi=-999.000000	MET_pt=24.307141	n_electrons=0.000000	n_muons=2.000000
n2p (zero_to_one_jet):	event=41547.000000	n_jets=1.000000	nbdfm=0.000000	jet_1_pt=33.341991	jet_1_eta=-0.623901	jet_2_pt=-999.000000	jet_2_eta=-999.000000	j2_phi=-999.000000	j3_pt=-999.000000	j3_eta=-999.000000	j3_phi=-999.000000	met=22.376057	nel=0.000000	nmu=2.000000
Diff:	n_jets-n_jets=-1.000000	jet_1_pt-jet_1_pt=0.000834	jet_2_pt-jet_2_pt=-1030.509634	jet_2_eta-jet_2_eta=-1002.832031	j2_phi-jet_2_phi=-997.958984	met-MET_pt=-1.931084

--- Event 41665 (DNA:two_jet -> n2p:two_jet/zero_to_one_jet) ---
DNA (two_jet):	event=41665.000000	run=1.000000	luminosityBlock=42.000000	n_jets=2.000000	n_b_jets=0.000000	jet_1_pt=41.019230	jet_1_eta=0.282288	jet_2_pt=30.882074	jet_2_eta=4.051758	jet_2_phi=1.529785	jet_3_pt=-999.000000	jet_3_eta=-999.000000	jet_3_phi=-999.000000	MET_pt=79.997405	n_electrons=2.000000	n_muons=0.000000
n2p (zero_to_one_jet):	event=41665.000000	n_jets=1.000000	nbdfm=0.000000	jet_1_pt=41.035480	jet_1_eta=0.282288	jet_2_pt=-999.000000	jet_2_eta=-999.000000	j2_phi=-999.000000	j3_pt=-999.000000	j3_eta=-999.000000	j3_phi=-999.000000	met=73.347710	nel=2.000000	nmu=0.000000
Diff:	n_jets-n_jets=-1.000000	jet_1_pt-jet_1_pt=0.016250	jet_2_pt-jet_2_pt=-1029.882074	jet_2_eta-jet_2_eta=-1003.051758	j2_phi-jet_2_phi=-1000.529785	met-MET_pt=-6.649695

--- Event 42434 (DNA:two_jet -> n2p:two_jet/zero_to_one_jet) ---
DNA (two_jet):	event=42434.000000	run=1.000000	luminosityBlock=43.000000	n_jets=3.000000	n_b_jets=0.000000	jet_1_pt=114.223080	jet_1_eta=0.469543	jet_2_pt=35.279623	jet_2_eta=1.184570	jet_2_phi=-0.368103	jet_3_pt=34.010084	jet_3_eta=3.540039	jet_3_phi=-0.305481	MET_pt=32.677090	n_electrons=2.000000	n_muons=0.000000
n2p:	Event not found in two_jet or zero_to_one_jet

--- Event 42558 (DNA:two_jet -> n2p:two_jet/zero_to_one_jet) ---
DNA (two_jet):	event=42558.000000	run=1.000000	luminosityBlock=43.000000	n_jets=2.000000	n_b_jets=0.000000	jet_1_pt=55.348977	jet_1_eta=0.929688	jet_2_pt=30.699075	jet_2_eta=-3.696777	jet_2_phi=1.758545	jet_3_pt=-999.000000	jet_3_eta=-999.000000	jet_3_phi=-999.000000	MET_pt=24.167977	n_electrons=0.000000	n_muons=2.000000
n2p (zero_to_one_jet):	event=42558.000000	n_jets=1.000000	nbdfm=0.000000	jet_1_pt=55.339046	jet_1_eta=0.929688	jet_2_pt=-999.000000	jet_2_eta=-999.000000	j2_phi=-999.000000	j3_pt=-999.000000	j3_eta=-999.000000	j3_phi=-999.000000	met=23.524370	nel=0.000000	nmu=2.000000
Diff:	n_jets-n_jets=-1.000000	jet_1_pt-jet_1_pt=-0.009930	jet_2_pt-jet_2_pt=-1029.699075	jet_2_eta-jet_2_eta=-995.303223	j2_phi-jet_2_phi=-1000.758545	met-MET_pt=-0.643606

--- Event 43090 (DNA:two_jet -> n2p:two_jet/zero_to_one_jet) ---
DNA (two_jet):	event=43090.000000	run=1.000000	luminosityBlock=44.000000	n_jets=2.000000	n_b_jets=0.000000	jet_1_pt=35.156551	jet_1_eta=-0.978760	jet_2_pt=30.595503	jet_2_eta=-3.305664	jet_2_phi=1.353271	jet_3_pt=-999.000000	jet_3_eta=-999.000000	jet_3_phi=-999.000000	MET_pt=65.367642	n_electrons=2.000000	n_muons=0.000000
n2p (zero_to_one_jet):	event=43090.000000	n_jets=1.000000	nbdfm=0.000000	jet_1_pt=35.173607	jet_1_eta=-0.978760	jet_2_pt=-999.000000	jet_2_eta=-999.000000	j2_phi=-999.000000	j3_pt=-999.000000	j3_eta=-999.000000	j3_phi=-999.000000	met=61.520954	nel=2.000000	nmu=0.000000
Diff:	n_jets-n_jets=-1.000000	jet_1_pt-jet_1_pt=0.017056	jet_2_pt-jet_2_pt=-1029.595503	jet_2_eta-jet_2_eta=-995.694336	j2_phi-jet_2_phi=-1000.353271	met-MET_pt=-3.846688

--- Event 43488 (DNA:two_jet -> n2p:two_jet/zero_to_one_jet) ---
DNA (two_jet):	event=43488.000000	run=1.000000	luminosityBlock=44.000000	n_jets=2.000000	n_b_jets=0.000000	jet_1_pt=34.689099	jet_1_eta=-3.527832	jet_2_pt=31.127919	jet_2_eta=-3.174805	jet_2_phi=-0.567139	jet_3_pt=-999.000000	jet_3_eta=-999.000000	jet_3_phi=-999.000000	MET_pt=20.455786	n_electrons=0.000000	n_muons=2.000000
n2p (zero_to_one_jet):	event=43488.000000	n_jets=1.000000	nbdfm=0.000000	jet_1_pt=35.367435	jet_1_eta=-3.527832	jet_2_pt=-999.000000	jet_2_eta=-999.000000	j2_phi=-999.000000	j3_pt=-999.000000	j3_eta=-999.000000	j3_phi=-999.000000	met=16.623089	nel=0.000000	nmu=2.000000
Diff:	n_jets-n_jets=-1.000000	jet_1_pt-jet_1_pt=0.678336	jet_2_pt-jet_2_pt=-1030.127919	jet_2_eta-jet_2_eta=-995.825195	j2_phi-jet_2_phi=-998.432861	met-MET_pt=-3.832697

--- Event 43500 (DNA:two_jet -> n2p:two_jet/zero_to_one_jet) ---
DNA (two_jet):	event=43500.000000	run=1.000000	luminosityBlock=44.000000	n_jets=2.000000	n_b_jets=0.000000	jet_1_pt=41.600075	jet_1_eta=-1.526611	jet_2_pt=30.390963	jet_2_eta=4.203125	jet_2_phi=0.087921	jet_3_pt=-999.000000	jet_3_eta=-999.000000	jet_3_phi=-999.000000	MET_pt=9.374635	n_electrons=2.000000	n_muons=0.000000
n2p (zero_to_one_jet):	event=43500.000000	n_jets=1.000000	nbdfm=0.000000	jet_1_pt=41.683922	jet_1_eta=-1.526611	jet_2_pt=-999.000000	jet_2_eta=-999.000000	j2_phi=-999.000000	j3_pt=-999.000000	j3_eta=-999.000000	j3_phi=-999.000000	met=12.613856	nel=2.000000	nmu=0.000000
Diff:	n_jets-n_jets=-1.000000	jet_1_pt-jet_1_pt=0.083846	jet_2_pt-jet_2_pt=-1029.390963	jet_2_eta-jet_2_eta=-1003.203125	j2_phi-jet_2_phi=-999.087921	met-MET_pt=3.239222

--- Event 44444 (DNA:two_jet -> n2p:two_jet/zero_to_one_jet) ---
DNA (two_jet):	event=44444.000000	run=1.000000	luminosityBlock=45.000000	n_jets=2.000000	n_b_jets=0.000000	jet_1_pt=38.501484	jet_1_eta=-3.138672	jet_2_pt=34.456673	jet_2_eta=0.249146	jet_2_phi=1.330078	jet_3_pt=-999.000000	jet_3_eta=-999.000000	jet_3_phi=-999.000000	MET_pt=43.277598	n_electrons=2.000000	n_muons=0.000000
n2p (zero_to_one_jet):	event=44444.000000	n_jets=1.000000	nbdfm=0.000000	jet_1_pt=34.453438	jet_1_eta=0.249146	jet_2_pt=-999.000000	jet_2_eta=-999.000000	j2_phi=-999.000000	j3_pt=-999.000000	j3_eta=-999.000000	j3_phi=-999.000000	met=41.209011	nel=2.000000	nmu=0.000000
Diff:	n_jets-n_jets=-1.000000	jet_1_pt-jet_1_pt=-4.048046	jet_1_eta-jet_1_eta=3.387817	jet_2_pt-jet_2_pt=-1033.456673	jet_2_eta-jet_2_eta=-999.249146	j2_phi-jet_2_phi=-1000.330078	met-MET_pt=-2.068587

--- Event 44578 (DNA:two_jet -> n2p:two_jet/zero_to_one_jet) ---
DNA (two_jet):	event=44578.000000	run=1.000000	luminosityBlock=45.000000	n_jets=2.000000	n_b_jets=0.000000	jet_1_pt=118.447099	jet_1_eta=-2.216797	jet_2_pt=34.327284	jet_2_eta=-3.493164	jet_2_phi=-1.699707	jet_3_pt=-999.000000	jet_3_eta=-999.000000	jet_3_phi=-999.000000	MET_pt=14.229382	n_electrons=2.000000	n_muons=0.000000
n2p (zero_to_one_jet):	event=44578.000000	n_jets=1.000000	nbdfm=0.000000	jet_1_pt=117.225784	jet_1_eta=-2.216797	jet_2_pt=-999.000000	jet_2_eta=-999.000000	j2_phi=-999.000000	j3_pt=-999.000000	j3_eta=-999.000000	j3_phi=-999.000000	met=14.241158	nel=2.000000	nmu=0.000000
Diff:	n_jets-n_jets=-1.000000	jet_1_pt-jet_1_pt=-1.221315	jet_2_pt-jet_2_pt=-1033.327284	jet_2_eta-jet_2_eta=-995.506836	j2_phi-jet_2_phi=-997.300293	met-MET_pt=0.011776

--- Event 45322 (DNA:two_jet -> n2p:two_jet/zero_to_one_jet) ---
DNA (two_jet):	event=45322.000000	run=1.000000	luminosityBlock=46.000000	n_jets=2.000000	n_b_jets=0.000000	jet_1_pt=70.519821	jet_1_eta=2.673340	jet_2_pt=58.174674	jet_2_eta=2.260742	jet_2_phi=-0.868774	jet_3_pt=-999.000000	jet_3_eta=-999.000000	jet_3_phi=-999.000000	MET_pt=3.788227	n_electrons=2.000000	n_muons=0.000000
n2p (zero_to_one_jet):	event=45322.000000	n_jets=1.000000	nbdfm=0.000000	jet_1_pt=64.333427	jet_1_eta=2.673340	jet_2_pt=-999.000000	jet_2_eta=-999.000000	j2_phi=-999.000000	j3_pt=-999.000000	j3_eta=-999.000000	j3_phi=-999.000000	met=1.218629	nel=2.000000	nmu=0.000000
Diff:	n_jets-n_jets=-1.000000	jet_1_pt-jet_1_pt=-6.186394	jet_2_pt-jet_2_pt=-1057.174674	jet_2_eta-jet_2_eta=-1001.260742	j2_phi-jet_2_phi=-998.131226	met-MET_pt=-2.569597

--- Event 45906 (DNA:two_jet -> n2p:two_jet/zero_to_one_jet) ---
DNA (two_jet):	event=45906.000000	run=1.000000	luminosityBlock=46.000000	n_jets=2.000000	n_b_jets=0.000000	jet_1_pt=159.733697	jet_1_eta=1.791260	jet_2_pt=33.222386	jet_2_eta=-3.146973	jet_2_phi=-2.705566	jet_3_pt=-999.000000	jet_3_eta=-999.000000	jet_3_phi=-999.000000	MET_pt=20.841276	n_electrons=2.000000	n_muons=0.000000
n2p (zero_to_one_jet):	event=45906.000000	n_jets=1.000000	nbdfm=0.000000	jet_1_pt=159.330185	jet_1_eta=1.791260	jet_2_pt=-999.000000	jet_2_eta=-999.000000	j2_phi=-999.000000	j3_pt=-999.000000	j3_eta=-999.000000	j3_phi=-999.000000	met=17.505768	nel=2.000000	nmu=0.000000
Diff:	n_jets-n_jets=-1.000000	jet_1_pt-jet_1_pt=-0.403512	jet_2_pt-jet_2_pt=-1032.222386	jet_2_eta-jet_2_eta=-995.853027	j2_phi-jet_2_phi=-996.294434	met-MET_pt=-3.335509

--- Event 46396 (DNA:two_jet -> n2p:two_jet/zero_to_one_jet) ---
DNA (two_jet):	event=46396.000000	run=1.000000	luminosityBlock=47.000000	n_jets=2.000000	n_b_jets=0.000000	jet_1_pt=74.653452	jet_1_eta=2.761230	jet_2_pt=47.733741	jet_2_eta=-3.087402	jet_2_phi=0.527588	jet_3_pt=-999.000000	jet_3_eta=-999.000000	jet_3_phi=-999.000000	MET_pt=30.839201	n_electrons=2.000000	n_muons=0.000000
n2p (zero_to_one_jet):	event=46396.000000	n_jets=1.000000	nbdfm=0.000000	jet_1_pt=66.464897	jet_1_eta=2.761230	jet_2_pt=-999.000000	jet_2_eta=-999.000000	j2_phi=-999.000000	j3_pt=-999.000000	j3_eta=-999.000000	j3_phi=-999.000000	met=49.537720	nel=2.000000	nmu=0.000000
Diff:	n_jets-n_jets=-1.000000	jet_1_pt-jet_1_pt=-8.188555	jet_2_pt-jet_2_pt=-1046.733741	jet_2_eta-jet_2_eta=-995.912598	j2_phi-jet_2_phi=-999.527588	met-MET_pt=18.698518

--- Event 46632 (DNA:two_jet -> n2p:two_jet/zero_to_one_jet) ---
DNA (two_jet):	event=46632.000000	run=1.000000	luminosityBlock=47.000000	n_jets=2.000000	n_b_jets=0.000000	jet_1_pt=61.679293	jet_1_eta=-2.738281	jet_2_pt=48.896776	jet_2_eta=-2.143066	jet_2_phi=0.845581	jet_3_pt=-999.000000	jet_3_eta=-999.000000	jet_3_phi=-999.000000	MET_pt=40.707574	n_electrons=0.000000	n_muons=2.000000
n2p (zero_to_one_jet):	event=46632.000000	n_jets=1.000000	nbdfm=0.000000	jet_1_pt=48.696457	jet_1_eta=-2.143066	jet_2_pt=-999.000000	jet_2_eta=-999.000000	j2_phi=-999.000000	j3_pt=-999.000000	j3_eta=-999.000000	j3_phi=-999.000000	met=15.903971	nel=0.000000	nmu=2.000000
Diff:	n_jets-n_jets=-1.000000	jet_1_pt-jet_1_pt=-12.982836	jet_1_eta-jet_1_eta=0.595215	jet_2_pt-jet_2_pt=-1047.896776	jet_2_eta-jet_2_eta=-996.856934	j2_phi-jet_2_phi=-999.845581	met-MET_pt=-24.803603

--- Event 48816 (DNA:two_jet -> n2p:two_jet/zero_to_one_jet) ---
DNA (two_jet):	event=48816.000000	run=1.000000	luminosityBlock=49.000000	n_jets=2.000000	n_b_jets=0.000000	jet_1_pt=80.232068	jet_1_eta=1.878662	jet_2_pt=32.215937	jet_2_eta=4.152344	jet_2_phi=-1.870361	jet_3_pt=-999.000000	jet_3_eta=-999.000000	jet_3_phi=-999.000000	MET_pt=26.397240	n_electrons=0.000000	n_muons=2.000000
n2p (zero_to_one_jet):	event=48816.000000	n_jets=1.000000	nbdfm=0.000000	jet_1_pt=80.005905	jet_1_eta=1.878662	jet_2_pt=-999.000000	jet_2_eta=-999.000000	j2_phi=-999.000000	j3_pt=-999.000000	j3_eta=-999.000000	j3_phi=-999.000000	met=18.664366	nel=0.000000	nmu=2.000000
Diff:	n_jets-n_jets=-1.000000	jet_1_pt-jet_1_pt=-0.226163	jet_2_pt-jet_2_pt=-1031.215937	jet_2_eta-jet_2_eta=-1003.152344	j2_phi-jet_2_phi=-997.129639	met-MET_pt=-7.732874

--- Event 49819 (DNA:two_jet -> n2p:two_jet/zero_to_one_jet) ---
DNA (two_jet):	event=49819.000000	run=1.000000	luminosityBlock=50.000000	n_jets=2.000000	n_b_jets=0.000000	jet_1_pt=47.035726	jet_1_eta=-0.554565	jet_2_pt=34.702010	jet_2_eta=4.311523	jet_2_phi=2.414551	jet_3_pt=-999.000000	jet_3_eta=-999.000000	jet_3_phi=-999.000000	MET_pt=20.347446	n_electrons=2.000000	n_muons=0.000000
n2p (zero_to_one_jet):	event=49819.000000	n_jets=1.000000	nbdfm=0.000000	jet_1_pt=47.040089	jet_1_eta=-0.554565	jet_2_pt=-999.000000	jet_2_eta=-999.000000	j2_phi=-999.000000	j3_pt=-999.000000	j3_eta=-999.000000	j3_phi=-999.000000	met=23.391832	nel=2.000000	nmu=0.000000
Diff:	n_jets-n_jets=-1.000000	jet_1_pt-jet_1_pt=0.004363	jet_2_pt-jet_2_pt=-1033.702010	jet_2_eta-jet_2_eta=-1003.311523	j2_phi-jet_2_phi=-1001.414551	met-MET_pt=3.044387

--- Event 50311 (DNA:two_jet -> n2p:two_jet/zero_to_one_jet) ---
DNA (two_jet):	event=50311.000000	run=1.000000	luminosityBlock=51.000000	n_jets=2.000000	n_b_jets=0.000000	jet_1_pt=35.663462	jet_1_eta=-3.583984	jet_2_pt=31.461413	jet_2_eta=-0.012283	jet_2_phi=-0.275879	jet_3_pt=-999.000000	jet_3_eta=-999.000000	jet_3_phi=-999.000000	MET_pt=44.916579	n_electrons=2.000000	n_muons=0.000000
n2p (zero_to_one_jet):	event=50311.000000	n_jets=1.000000	nbdfm=0.000000	jet_1_pt=31.493071	jet_1_eta=-0.012283	jet_2_pt=-999.000000	jet_2_eta=-999.000000	j2_phi=-999.000000	j3_pt=-999.000000	j3_eta=-999.000000	j3_phi=-999.000000	met=55.359440	nel=2.000000	nmu=0.000000
Diff:	n_jets-n_jets=-1.000000	jet_1_pt-jet_1_pt=-4.170391	jet_1_eta-jet_1_eta=3.571701	jet_2_pt-jet_2_pt=-1030.461413	jet_2_eta-jet_2_eta=-998.987717	j2_phi-jet_2_phi=-998.724121	met-MET_pt=10.442860

--- Event 50420 (DNA:two_jet -> n2p:two_jet/zero_to_one_jet) ---
DNA (two_jet):	event=50420.000000	run=1.000000	luminosityBlock=51.000000	n_jets=2.000000	n_b_jets=0.000000	jet_1_pt=38.339265	jet_1_eta=1.313477	jet_2_pt=35.631705	jet_2_eta=-1.814453	jet_2_phi=-0.844360	jet_3_pt=-999.000000	jet_3_eta=-999.000000	jet_3_phi=-999.000000	MET_pt=27.327527	n_electrons=2.000000	n_muons=0.000000
n2p (zero_to_one_jet):	event=50420.000000	n_jets=1.000000	nbdfm=0.000000	jet_1_pt=38.443050	jet_1_eta=1.313477	jet_2_pt=-999.000000	jet_2_eta=-999.000000	j2_phi=-999.000000	j3_pt=-999.000000	j3_eta=-999.000000	j3_phi=-999.000000	met=29.060701	nel=2.000000	nmu=0.000000
Diff:	n_jets-n_jets=-1.000000	jet_1_pt-jet_1_pt=0.103785	jet_2_pt-jet_2_pt=-1034.631705	jet_2_eta-jet_2_eta=-997.185547	j2_phi-jet_2_phi=-998.155640	met-MET_pt=1.733175

--- Event 50799 (DNA:two_jet -> n2p:two_jet/zero_to_one_jet) ---
DNA (two_jet):	event=50799.000000	run=1.000000	luminosityBlock=51.000000	n_jets=2.000000	n_b_jets=0.000000	jet_1_pt=100.891984	jet_1_eta=3.631348	jet_2_pt=30.456578	jet_2_eta=-3.391602	jet_2_phi=-1.220459	jet_3_pt=-999.000000	jet_3_eta=-999.000000	jet_3_phi=-999.000000	MET_pt=34.436946	n_electrons=0.000000	n_muons=2.000000
n2p (zero_to_one_jet):	event=50799.000000	n_jets=1.000000	nbdfm=0.000000	jet_1_pt=99.908356	jet_1_eta=3.631348	jet_2_pt=-999.000000	jet_2_eta=-999.000000	j2_phi=-999.000000	j3_pt=-999.000000	j3_eta=-999.000000	j3_phi=-999.000000	met=28.545996	nel=0.000000	nmu=2.000000
Diff:	n_jets-n_jets=-1.000000	jet_1_pt-jet_1_pt=-0.983628	jet_2_pt-jet_2_pt=-1029.456578	jet_2_eta-jet_2_eta=-995.608398	j2_phi-jet_2_phi=-997.779541	met-MET_pt=-5.890951

--- Event 51400 (DNA:two_jet -> n2p:two_jet/zero_to_one_jet) ---
DNA (two_jet):	event=51400.000000	run=1.000000	luminosityBlock=52.000000	n_jets=2.000000	n_b_jets=0.000000	jet_1_pt=34.163315	jet_1_eta=-3.169434	jet_2_pt=32.359769	jet_2_eta=-4.262695	jet_2_phi=-1.548584	jet_3_pt=-999.000000	jet_3_eta=-999.000000	jet_3_phi=-999.000000	MET_pt=0.000000	n_electrons=2.000000	n_muons=0.000000
n2p (zero_to_one_jet):	event=51400.000000	n_jets=0.000000	nbdfm=0.000000	jet_1_pt=-999.000000	jet_1_eta=-999.000000	jet_2_pt=-999.000000	jet_2_eta=-999.000000	j2_phi=-999.000000	j3_pt=-999.000000	j3_eta=-999.000000	j3_phi=-999.000000	met=74.429169	nel=2.000000	nmu=0.000000
Diff:	n_jets-n_jets=-2.000000	jet_1_pt-jet_1_pt=-1033.163315	jet_1_eta-jet_1_eta=-995.830566	jet_2_pt-jet_2_pt=-1031.359769	jet_2_eta-jet_2_eta=-994.737305	j2_phi-jet_2_phi=-997.451416	met-MET_pt=74.429169

--- Event 52977 (DNA:two_jet -> n2p:two_jet/zero_to_one_jet) ---
DNA (two_jet):	event=52977.000000	run=1.000000	luminosityBlock=53.000000	n_jets=2.000000	n_b_jets=0.000000	jet_1_pt=55.768899	jet_1_eta=0.147675	jet_2_pt=32.042893	jet_2_eta=4.578125	jet_2_phi=0.396667	jet_3_pt=-999.000000	jet_3_eta=-999.000000	jet_3_phi=-999.000000	MET_pt=33.954969	n_electrons=2.000000	n_muons=0.000000
n2p (zero_to_one_jet):	event=52977.000000	n_jets=1.000000	nbdfm=0.000000	jet_1_pt=55.763851	jet_1_eta=0.147675	jet_2_pt=-999.000000	jet_2_eta=-999.000000	j2_phi=-999.000000	j3_pt=-999.000000	j3_eta=-999.000000	j3_phi=-999.000000	met=30.724602	nel=2.000000	nmu=0.000000
Diff:	n_jets-n_jets=-1.000000	jet_1_pt-jet_1_pt=-0.005048	jet_2_pt-jet_2_pt=-1031.042893	jet_2_eta-jet_2_eta=-1003.578125	j2_phi-jet_2_phi=-999.396667	met-MET_pt=-3.230368

--- Event 53864 (DNA:two_jet -> n2p:two_jet/zero_to_one_jet) ---
DNA (two_jet):	event=53864.000000	run=1.000000	luminosityBlock=54.000000	n_jets=2.000000	n_b_jets=0.000000	jet_1_pt=44.877488	jet_1_eta=3.898438	jet_2_pt=31.143834	jet_2_eta=-3.186523	jet_2_phi=-2.007812	jet_3_pt=-999.000000	jet_3_eta=-999.000000	jet_3_phi=-999.000000	MET_pt=19.482122	n_electrons=0.000000	n_muons=2.000000
n2p (zero_to_one_jet):	event=53864.000000	n_jets=1.000000	nbdfm=0.000000	jet_1_pt=45.200859	jet_1_eta=3.898438	jet_2_pt=-999.000000	jet_2_eta=-999.000000	j2_phi=-999.000000	j3_pt=-999.000000	j3_eta=-999.000000	j3_phi=-999.000000	met=19.834675	nel=0.000000	nmu=2.000000
Diff:	n_jets-n_jets=-1.000000	jet_1_pt-jet_1_pt=0.323371	jet_2_pt-jet_2_pt=-1030.143834	jet_2_eta-jet_2_eta=-995.813477	j2_phi-jet_2_phi=-996.992188	met-MET_pt=0.352552

--- Event 54116 (DNA:two_jet -> n2p:two_jet/zero_to_one_jet) ---
DNA (two_jet):	event=54116.000000	run=1.000000	luminosityBlock=55.000000	n_jets=2.000000	n_b_jets=0.000000	jet_1_pt=51.792909	jet_1_eta=-4.438477	jet_2_pt=30.164034	jet_2_eta=3.613281	jet_2_phi=1.878418	jet_3_pt=-999.000000	jet_3_eta=-999.000000	jet_3_phi=-999.000000	MET_pt=59.103444	n_electrons=0.000000	n_muons=2.000000
n2p (zero_to_one_jet):	event=54116.000000	n_jets=1.000000	nbdfm=0.000000	jet_1_pt=44.883488	jet_1_eta=-4.438477	jet_2_pt=-999.000000	jet_2_eta=-999.000000	j2_phi=-999.000000	j3_pt=-999.000000	j3_eta=-999.000000	j3_phi=-999.000000	met=42.631615	nel=0.000000	nmu=2.000000
Diff:	n_jets-n_jets=-1.000000	jet_1_pt-jet_1_pt=-6.909421	jet_2_pt-jet_2_pt=-1029.164034	jet_2_eta-jet_2_eta=-1002.613281	j2_phi-jet_2_phi=-1000.878418	met-MET_pt=-16.471829

--- Event 54215 (DNA:two_jet -> n2p:two_jet/zero_to_one_jet) ---
DNA (two_jet):	event=54215.000000	run=1.000000	luminosityBlock=55.000000	n_jets=2.000000	n_b_jets=0.000000	jet_1_pt=37.923456	jet_1_eta=0.394714	jet_2_pt=31.401692	jet_2_eta=0.035385	jet_2_phi=2.976562	jet_3_pt=-999.000000	jet_3_eta=-999.000000	jet_3_phi=-999.000000	MET_pt=44.270625	n_electrons=0.000000	n_muons=2.000000
n2p:	Event not found in two_jet or zero_to_one_jet

--- Event 55252 (DNA:two_jet -> n2p:two_jet/zero_to_one_jet) ---
DNA (two_jet):	event=55252.000000	run=1.000000	luminosityBlock=56.000000	n_jets=2.000000	n_b_jets=0.000000	jet_1_pt=121.584360	jet_1_eta=-2.038086	jet_2_pt=30.086558	jet_2_eta=-4.138672	jet_2_phi=-1.013672	jet_3_pt=-999.000000	jet_3_eta=-999.000000	jet_3_phi=-999.000000	MET_pt=37.561458	n_electrons=0.000000	n_muons=2.000000
n2p (zero_to_one_jet):	event=55252.000000	n_jets=1.000000	nbdfm=0.000000	jet_1_pt=120.785675	jet_1_eta=-2.038086	jet_2_pt=-999.000000	jet_2_eta=-999.000000	j2_phi=-999.000000	j3_pt=-999.000000	j3_eta=-999.000000	j3_phi=-999.000000	met=33.948738	nel=0.000000	nmu=2.000000
Diff:	n_jets-n_jets=-1.000000	jet_1_pt-jet_1_pt=-0.798685	jet_2_pt-jet_2_pt=-1029.086558	jet_2_eta-jet_2_eta=-994.861328	j2_phi-jet_2_phi=-997.986328	met-MET_pt=-3.612720

--- Event 55371 (DNA:two_jet -> n2p:two_jet/zero_to_one_jet) ---
DNA (two_jet):	event=55371.000000	run=1.000000	luminosityBlock=56.000000	n_jets=2.000000	n_b_jets=0.000000	jet_1_pt=50.443926	jet_1_eta=-2.590332	jet_2_pt=34.461982	jet_2_eta=3.703125	jet_2_phi=-0.038559	jet_3_pt=-999.000000	jet_3_eta=-999.000000	jet_3_phi=-999.000000	MET_pt=39.207967	n_electrons=0.000000	n_muons=2.000000
n2p (zero_to_one_jet):	event=55371.000000	n_jets=1.000000	nbdfm=0.000000	jet_1_pt=33.038307	jet_1_eta=3.703125	jet_2_pt=-999.000000	jet_2_eta=-999.000000	j2_phi=-999.000000	j3_pt=-999.000000	j3_eta=-999.000000	j3_phi=-999.000000	met=38.719898	nel=0.000000	nmu=2.000000
Diff:	n_jets-n_jets=-1.000000	jet_1_pt-jet_1_pt=-17.405619	jet_1_eta-jet_1_eta=6.293457	jet_2_pt-jet_2_pt=-1033.461982	jet_2_eta-jet_2_eta=-1002.703125	j2_phi-jet_2_phi=-998.961441	met-MET_pt=-0.488069

--- Event 55939 (DNA:two_jet -> n2p:two_jet/zero_to_one_jet) ---
DNA (two_jet):	event=55939.000000	run=1.000000	luminosityBlock=56.000000	n_jets=2.000000	n_b_jets=0.000000	jet_1_pt=51.203216	jet_1_eta=-2.703613	jet_2_pt=40.906507	jet_2_eta=0.183563	jet_2_phi=-1.885742	jet_3_pt=-999.000000	jet_3_eta=-999.000000	jet_3_phi=-999.000000	MET_pt=0.000000	n_electrons=2.000000	n_muons=0.000000
n2p (zero_to_one_jet):	event=55939.000000	n_jets=1.000000	nbdfm=0.000000	jet_1_pt=40.910107	jet_1_eta=0.183563	jet_2_pt=-999.000000	jet_2_eta=-999.000000	j2_phi=-999.000000	j3_pt=-999.000000	j3_eta=-999.000000	j3_phi=-999.000000	met=32.998863	nel=2.000000	nmu=0.000000
Diff:	n_jets-n_jets=-1.000000	jet_1_pt-jet_1_pt=-10.293109	jet_1_eta-jet_1_eta=2.887177	jet_2_pt-jet_2_pt=-1039.906507	jet_2_eta-jet_2_eta=-999.183563	j2_phi-jet_2_phi=-997.114258	met-MET_pt=32.998863

--- Event 56053 (DNA:two_jet -> n2p:two_jet/zero_to_one_jet) ---
DNA (two_jet):	event=56053.000000	run=1.000000	luminosityBlock=57.000000	n_jets=2.000000	n_b_jets=0.000000	jet_1_pt=126.756052	jet_1_eta=3.231445	jet_2_pt=30.889958	jet_2_eta=-3.564941	jet_2_phi=-2.370605	jet_3_pt=-999.000000	jet_3_eta=-999.000000	jet_3_phi=-999.000000	MET_pt=16.010315	n_electrons=0.000000	n_muons=2.000000
n2p (zero_to_one_jet):	event=56053.000000	n_jets=1.000000	nbdfm=0.000000	jet_1_pt=125.920418	jet_1_eta=3.231445	jet_2_pt=-999.000000	jet_2_eta=-999.000000	j2_phi=-999.000000	j3_pt=-999.000000	j3_eta=-999.000000	j3_phi=-999.000000	met=12.679980	nel=0.000000	nmu=2.000000
Diff:	n_jets-n_jets=-1.000000	jet_1_pt-jet_1_pt=-0.835634	jet_2_pt-jet_2_pt=-1029.889958	jet_2_eta-jet_2_eta=-995.435059	j2_phi-jet_2_phi=-996.629395	met-MET_pt=-3.330335

--- Event 56670 (DNA:two_jet -> n2p:two_jet/zero_to_one_jet) ---
DNA (two_jet):	event=56670.000000	run=1.000000	luminosityBlock=57.000000	n_jets=2.000000	n_b_jets=0.000000	jet_1_pt=72.447586	jet_1_eta=2.770996	jet_2_pt=31.001576	jet_2_eta=-3.689941	jet_2_phi=0.786133	jet_3_pt=-999.000000	jet_3_eta=-999.000000	jet_3_phi=-999.000000	MET_pt=14.016634	n_electrons=0.000000	n_muons=2.000000
n2p (zero_to_one_jet):	event=56670.000000	n_jets=1.000000	nbdfm=0.000000	jet_1_pt=66.314438	jet_1_eta=2.770996	jet_2_pt=-999.000000	jet_2_eta=-999.000000	j2_phi=-999.000000	j3_pt=-999.000000	j3_eta=-999.000000	j3_phi=-999.000000	met=6.179528	nel=0.000000	nmu=2.000000
Diff:	n_jets-n_jets=-1.000000	jet_1_pt-jet_1_pt=-6.133148	jet_2_pt-jet_2_pt=-1030.001576	jet_2_eta-jet_2_eta=-995.310059	j2_phi-jet_2_phi=-999.786133	met-MET_pt=-7.837106

--- Event 56931 (DNA:two_jet -> n2p:two_jet/zero_to_one_jet) ---
DNA (two_jet):	event=56931.000000	run=1.000000	luminosityBlock=57.000000	n_jets=3.000000	n_b_jets=0.000000	jet_1_pt=97.734662	jet_1_eta=-1.318848	jet_2_pt=64.865866	jet_2_eta=-1.433838	jet_2_phi=0.780273	jet_3_pt=52.415967	jet_3_eta=-0.969849	jet_3_phi=-1.244385	MET_pt=83.612716	n_electrons=2.000000	n_muons=0.000000
n2p:	Event not found in two_jet or zero_to_one_jet

--- Event 58772 (DNA:two_jet -> n2p:two_jet/zero_to_one_jet) ---
DNA (two_jet):	event=58772.000000	run=1.000000	luminosityBlock=59.000000	n_jets=2.000000	n_b_jets=0.000000	jet_1_pt=36.590327	jet_1_eta=-0.238708	jet_2_pt=31.282305	jet_2_eta=1.838867	jet_2_phi=2.029297	jet_3_pt=-999.000000	jet_3_eta=-999.000000	jet_3_phi=-999.000000	MET_pt=44.692180	n_electrons=2.000000	n_muons=0.000000
n2p:	Event not found in two_jet or zero_to_one_jet

--- Event 59666 (DNA:two_jet -> n2p:two_jet/zero_to_one_jet) ---
DNA (two_jet):	event=59666.000000	run=1.000000	luminosityBlock=60.000000	n_jets=2.000000	n_b_jets=0.000000	jet_1_pt=34.022060	jet_1_eta=-3.999023	jet_2_pt=31.914470	jet_2_eta=3.789062	jet_2_phi=-2.311035	jet_3_pt=-999.000000	jet_3_eta=-999.000000	jet_3_phi=-999.000000	MET_pt=30.206442	n_electrons=0.000000	n_muons=2.000000
n2p (zero_to_one_jet):	event=59666.000000	n_jets=1.000000	nbdfm=0.000000	jet_1_pt=31.944496	jet_1_eta=-3.999023	jet_2_pt=-999.000000	jet_2_eta=-999.000000	j2_phi=-999.000000	j3_pt=-999.000000	j3_eta=-999.000000	j3_phi=-999.000000	met=29.593344	nel=0.000000	nmu=2.000000
Diff:	n_jets-n_jets=-1.000000	jet_1_pt-jet_1_pt=-2.077564	jet_2_pt-jet_2_pt=-1030.914470	jet_2_eta-jet_2_eta=-1002.789062	j2_phi-jet_2_phi=-996.688965	met-MET_pt=-0.613098

--- Event 59705 (DNA:two_jet -> n2p:two_jet/zero_to_one_jet) ---
DNA (two_jet):	event=59705.000000	run=1.000000	luminosityBlock=60.000000	n_jets=2.000000	n_b_jets=0.000000	jet_1_pt=57.019703	jet_1_eta=-1.044922	jet_2_pt=45.298584	jet_2_eta=-1.546631	jet_2_phi=-1.868652	jet_3_pt=-999.000000	jet_3_eta=-999.000000	jet_3_phi=-999.000000	MET_pt=80.096804	n_electrons=0.000000	n_muons=2.000000
n2p:	Event not found in two_jet or zero_to_one_jet

--- Event 60403 (DNA:two_jet -> n2p:two_jet/zero_to_one_jet) ---
DNA (two_jet):	event=60403.000000	run=1.000000	luminosityBlock=61.000000	n_jets=2.000000	n_b_jets=0.000000	jet_1_pt=37.608498	jet_1_eta=-3.261719	jet_2_pt=31.233218	jet_2_eta=-3.356934	jet_2_phi=2.923828	jet_3_pt=-999.000000	jet_3_eta=-999.000000	jet_3_phi=-999.000000	MET_pt=42.091763	n_electrons=2.000000	n_muons=0.000000
n2p (zero_to_one_jet):	event=60403.000000	n_jets=1.000000	nbdfm=0.000000	jet_1_pt=34.479977	jet_1_eta=-3.261719	jet_2_pt=-999.000000	jet_2_eta=-999.000000	j2_phi=-999.000000	j3_pt=-999.000000	j3_eta=-999.000000	j3_phi=-999.000000	met=44.518116	nel=2.000000	nmu=0.000000
Diff:	n_jets-n_jets=-1.000000	jet_1_pt-jet_1_pt=-3.128521	jet_2_pt-jet_2_pt=-1030.233218	jet_2_eta-jet_2_eta=-995.643066	j2_phi-jet_2_phi=-1001.923828	met-MET_pt=2.426353

--- Event 60471 (DNA:two_jet -> n2p:two_jet/zero_to_one_jet) ---
DNA (two_jet):	event=60471.000000	run=1.000000	luminosityBlock=61.000000	n_jets=3.000000	n_b_jets=0.000000	jet_1_pt=55.914740	jet_1_eta=1.135010	jet_2_pt=36.361091	jet_2_eta=3.398438	jet_2_phi=2.879883	jet_3_pt=31.447702	jet_3_eta=3.916504	jet_3_phi=-3.017578	MET_pt=70.943342	n_electrons=2.000000	n_muons=0.000000
n2p (zero_to_one_jet):	event=60471.000000	n_jets=1.000000	nbdfm=0.000000	jet_1_pt=55.959908	jet_1_eta=1.135010	jet_2_pt=-999.000000	jet_2_eta=-999.000000	j2_phi=-999.000000	j3_pt=-999.000000	j3_eta=-999.000000	j3_phi=-999.000000	met=54.443691	nel=2.000000	nmu=0.000000
Diff:	n_jets-n_jets=-2.000000	jet_1_pt-jet_1_pt=0.045167	jet_2_pt-jet_2_pt=-1035.361091	jet_2_eta-jet_2_eta=-1002.398438	j2_phi-jet_2_phi=-1001.879883	j3_pt-jet_3_pt=-1030.447702	j3_eta-jet_3_eta=-1002.916504	j3_phi-jet_3_phi=-995.982422	met-MET_pt=-16.499651

--- Event 61215 (DNA:two_jet -> n2p:two_jet/zero_to_one_jet) ---
DNA (two_jet):	event=61215.000000	run=1.000000	luminosityBlock=62.000000	n_jets=2.000000	n_b_jets=0.000000	jet_1_pt=33.875698	jet_1_eta=1.032715	jet_2_pt=31.232100	jet_2_eta=3.691895	jet_2_phi=2.654297	jet_3_pt=-999.000000	jet_3_eta=-999.000000	jet_3_phi=-999.000000	MET_pt=33.672177	n_electrons=0.000000	n_muons=2.000000
n2p (zero_to_one_jet):	event=61215.000000	n_jets=1.000000	nbdfm=0.000000	jet_1_pt=33.911793	jet_1_eta=1.032715	jet_2_pt=-999.000000	jet_2_eta=-999.000000	j2_phi=-999.000000	j3_pt=-999.000000	j3_eta=-999.000000	j3_phi=-999.000000	met=29.556602	nel=0.000000	nmu=2.000000
Diff:	n_jets-n_jets=-1.000000	jet_1_pt-jet_1_pt=0.036094	jet_2_pt-jet_2_pt=-1030.232100	jet_2_eta-jet_2_eta=-1002.691895	j2_phi-jet_2_phi=-1001.654297	met-MET_pt=-4.115575

--- Event 62377 (DNA:two_jet -> n2p:two_jet/zero_to_one_jet) ---
DNA (two_jet):	event=62377.000000	run=1.000000	luminosityBlock=63.000000	n_jets=2.000000	n_b_jets=0.000000	jet_1_pt=53.068965	jet_1_eta=-2.668945	jet_2_pt=43.807067	jet_2_eta=3.145996	jet_2_phi=-0.654663	jet_3_pt=-999.000000	jet_3_eta=-999.000000	jet_3_phi=-999.000000	MET_pt=24.252445	n_electrons=0.000000	n_muons=2.000000
n2p (zero_to_one_jet):	event=62377.000000	n_jets=1.000000	nbdfm=0.000000	jet_1_pt=40.751923	jet_1_eta=3.145996	jet_2_pt=-999.000000	jet_2_eta=-999.000000	j2_phi=-999.000000	j3_pt=-999.000000	j3_eta=-999.000000	j3_phi=-999.000000	met=17.000410	nel=0.000000	nmu=2.000000
Diff:	n_jets-n_jets=-1.000000	jet_1_pt-jet_1_pt=-12.317043	jet_1_eta-jet_1_eta=5.814941	jet_2_pt-jet_2_pt=-1042.807067	jet_2_eta-jet_2_eta=-1002.145996	j2_phi-jet_2_phi=-998.345337	met-MET_pt=-7.252035

--- Event 63267 (DNA:two_jet -> n2p:two_jet/zero_to_one_jet) ---
DNA (two_jet):	event=63267.000000	run=1.000000	luminosityBlock=64.000000	n_jets=2.000000	n_b_jets=0.000000	jet_1_pt=37.896511	jet_1_eta=0.699341	jet_2_pt=32.529433	jet_2_eta=-3.588379	jet_2_phi=-1.086670	jet_3_pt=-999.000000	jet_3_eta=-999.000000	jet_3_phi=-999.000000	MET_pt=36.380945	n_electrons=0.000000	n_muons=2.000000
n2p (zero_to_one_jet):	event=63267.000000	n_jets=1.000000	nbdfm=0.000000	jet_1_pt=37.913094	jet_1_eta=0.699341	jet_2_pt=-999.000000	jet_2_eta=-999.000000	j2_phi=-999.000000	j3_pt=-999.000000	j3_eta=-999.000000	j3_phi=-999.000000	met=32.053406	nel=0.000000	nmu=2.000000
Diff:	n_jets-n_jets=-1.000000	jet_1_pt-jet_1_pt=0.016582	jet_2_pt-jet_2_pt=-1031.529433	jet_2_eta-jet_2_eta=-995.411621	j2_phi-jet_2_phi=-997.913330	met-MET_pt=-4.327540

--- Event 63694 (DNA:two_jet -> n2p:two_jet/zero_to_one_jet) ---
DNA (two_jet):	event=63694.000000	run=1.000000	luminosityBlock=64.000000	n_jets=2.000000	n_b_jets=0.000000	jet_1_pt=63.384329	jet_1_eta=1.799072	jet_2_pt=30.181884	jet_2_eta=3.395020	jet_2_phi=2.304199	jet_3_pt=-999.000000	jet_3_eta=-999.000000	jet_3_phi=-999.000000	MET_pt=59.895970	n_electrons=0.000000	n_muons=2.000000
n2p (zero_to_one_jet):	event=63694.000000	n_jets=1.000000	nbdfm=0.000000	jet_1_pt=63.269253	jet_1_eta=1.799072	jet_2_pt=-999.000000	jet_2_eta=-999.000000	j2_phi=-999.000000	j3_pt=-999.000000	j3_eta=-999.000000	j3_phi=-999.000000	met=57.603142	nel=0.000000	nmu=2.000000
Diff:	n_jets-n_jets=-1.000000	jet_1_pt-jet_1_pt=-0.115076	jet_2_pt-jet_2_pt=-1029.181884	jet_2_eta-jet_2_eta=-1002.395020	j2_phi-jet_2_phi=-1001.304199	met-MET_pt=-2.292828

--- Event 64971 (DNA:two_jet -> n2p:two_jet/zero_to_one_jet) ---
DNA (two_jet):	event=64971.000000	run=1.000000	luminosityBlock=65.000000	n_jets=2.000000	n_b_jets=0.000000	jet_1_pt=38.631447	jet_1_eta=3.816895	jet_2_pt=33.495469	jet_2_eta=4.090820	jet_2_phi=-0.550537	jet_3_pt=-999.000000	jet_3_eta=-999.000000	jet_3_phi=-999.000000	MET_pt=62.948849	n_electrons=0.000000	n_muons=2.000000
n2p (zero_to_one_jet):	event=64971.000000	n_jets=1.000000	nbdfm=0.000000	jet_1_pt=36.433079	jet_1_eta=3.816895	jet_2_pt=-999.000000	jet_2_eta=-999.000000	j2_phi=-999.000000	j3_pt=-999.000000	j3_eta=-999.000000	j3_phi=-999.000000	met=55.955059	nel=0.000000	nmu=2.000000
Diff:	n_jets-n_jets=-1.000000	jet_1_pt-jet_1_pt=-2.198368	jet_2_pt-jet_2_pt=-1032.495469	jet_2_eta-jet_2_eta=-1003.090820	j2_phi-jet_2_phi=-998.449463	met-MET_pt=-6.993790

--- Event 66557 (DNA:two_jet -> n2p:two_jet/zero_to_one_jet) ---
DNA (two_jet):	event=66557.000000	run=1.000000	luminosityBlock=67.000000	n_jets=2.000000	n_b_jets=0.000000	jet_1_pt=32.521663	jet_1_eta=1.645996	jet_2_pt=31.121569	jet_2_eta=0.627319	jet_2_phi=-0.868286	jet_3_pt=-999.000000	jet_3_eta=-999.000000	jet_3_phi=-999.000000	MET_pt=50.493729	n_electrons=0.000000	n_muons=2.000000
n2p (zero_to_one_jet):	event=66557.000000	n_jets=1.000000	nbdfm=0.000000	jet_1_pt=32.416779	jet_1_eta=1.645996	jet_2_pt=-999.000000	jet_2_eta=-999.000000	j2_phi=-999.000000	j3_pt=-999.000000	j3_eta=-999.000000	j3_phi=-999.000000	met=52.523567	nel=0.000000	nmu=2.000000
Diff:	n_jets-n_jets=-1.000000	jet_1_pt-jet_1_pt=-0.104885	jet_2_pt-jet_2_pt=-1030.121569	jet_2_eta-jet_2_eta=-999.627319	j2_phi-jet_2_phi=-998.131714	met-MET_pt=2.029838

--- Event 68441 (DNA:two_jet -> n2p:two_jet/zero_to_one_jet) ---
DNA (two_jet):	event=68441.000000	run=1.000000	luminosityBlock=69.000000	n_jets=2.000000	n_b_jets=0.000000	jet_1_pt=61.196849	jet_1_eta=0.550659	jet_2_pt=31.211890	jet_2_eta=-3.183594	jet_2_phi=1.038818	jet_3_pt=-999.000000	jet_3_eta=-999.000000	jet_3_phi=-999.000000	MET_pt=22.354192	n_electrons=0.000000	n_muons=2.000000
n2p (zero_to_one_jet):	event=68441.000000	n_jets=1.000000	nbdfm=0.000000	jet_1_pt=61.221615	jet_1_eta=0.550659	jet_2_pt=-999.000000	jet_2_eta=-999.000000	j2_phi=-999.000000	j3_pt=-999.000000	j3_eta=-999.000000	j3_phi=-999.000000	met=23.629452	nel=0.000000	nmu=2.000000
Diff:	n_jets-n_jets=-1.000000	jet_1_pt-jet_1_pt=0.024766	jet_2_pt-jet_2_pt=-1030.211890	jet_2_eta-jet_2_eta=-995.816406	j2_phi-jet_2_phi=-1000.038818	met-MET_pt=1.275260

--- Event 68621 (DNA:two_jet -> n2p:two_jet/zero_to_one_jet) ---
DNA (two_jet):	event=68621.000000	run=1.000000	luminosityBlock=69.000000	n_jets=2.000000	n_b_jets=0.000000	jet_1_pt=46.241214	jet_1_eta=1.906738	jet_2_pt=31.245349	jet_2_eta=-3.943848	jet_2_phi=-2.004395	jet_3_pt=-999.000000	jet_3_eta=-999.000000	jet_3_phi=-999.000000	MET_pt=0.000000	n_electrons=2.000000	n_muons=0.000000
n2p (zero_to_one_jet):	event=68621.000000	n_jets=1.000000	nbdfm=0.000000	jet_1_pt=46.142647	jet_1_eta=1.906738	jet_2_pt=-999.000000	jet_2_eta=-999.000000	j2_phi=-999.000000	j3_pt=-999.000000	j3_eta=-999.000000	j3_phi=-999.000000	met=30.752125	nel=2.000000	nmu=0.000000
Diff:	n_jets-n_jets=-1.000000	jet_1_pt-jet_1_pt=-0.098567	jet_2_pt-jet_2_pt=-1030.245349	jet_2_eta-jet_2_eta=-995.056152	j2_phi-jet_2_phi=-996.995605	met-MET_pt=30.752125

--- Event 68808 (DNA:two_jet -> n2p:two_jet/zero_to_one_jet) ---
DNA (two_jet):	event=68808.000000	run=1.000000	luminosityBlock=69.000000	n_jets=2.000000	n_b_jets=0.000000	jet_1_pt=42.406991	jet_1_eta=-3.439941	jet_2_pt=30.335815	jet_2_eta=3.459473	jet_2_phi=1.309570	jet_3_pt=-999.000000	jet_3_eta=-999.000000	jet_3_phi=-999.000000	MET_pt=36.891032	n_electrons=0.000000	n_muons=2.000000
n2p (zero_to_one_jet):	event=68808.000000	n_jets=1.000000	nbdfm=0.000000	jet_1_pt=39.874313	jet_1_eta=-3.439941	jet_2_pt=-999.000000	jet_2_eta=-999.000000	j2_phi=-999.000000	j3_pt=-999.000000	j3_eta=-999.000000	j3_phi=-999.000000	met=29.843447	nel=0.000000	nmu=2.000000
Diff:	n_jets-n_jets=-1.000000	jet_1_pt-jet_1_pt=-2.532677	jet_2_pt-jet_2_pt=-1029.335815	jet_2_eta-jet_2_eta=-1002.459473	j2_phi-jet_2_phi=-1000.309570	met-MET_pt=-7.047586

--- Event 69294 (DNA:two_jet -> n2p:two_jet/zero_to_one_jet) ---
DNA (two_jet):	event=69294.000000	run=1.000000	luminosityBlock=70.000000	n_jets=2.000000	n_b_jets=0.000000	jet_1_pt=68.120821	jet_1_eta=-2.716797	jet_2_pt=59.334686	jet_2_eta=-2.819336	jet_2_phi=2.826660	jet_3_pt=-999.000000	jet_3_eta=-999.000000	jet_3_phi=-999.000000	MET_pt=31.731833	n_electrons=0.000000	n_muons=2.000000
n2p (zero_to_one_jet):	event=69294.000000	n_jets=1.000000	nbdfm=0.000000	jet_1_pt=62.361446	jet_1_eta=-2.716797	jet_2_pt=-999.000000	jet_2_eta=-999.000000	j2_phi=-999.000000	j3_pt=-999.000000	j3_eta=-999.000000	j3_phi=-999.000000	met=26.490623	nel=0.000000	nmu=2.000000
Diff:	n_jets-n_jets=-1.000000	jet_1_pt-jet_1_pt=-5.759375	jet_2_pt-jet_2_pt=-1058.334686	jet_2_eta-jet_2_eta=-996.180664	j2_phi-jet_2_phi=-1001.826660	met-MET_pt=-5.241210

--- Event 69511 (DNA:two_jet -> n2p:two_jet/zero_to_one_jet) ---
DNA (two_jet):	event=69511.000000	run=1.000000	luminosityBlock=70.000000	n_jets=2.000000	n_b_jets=0.000000	jet_1_pt=47.314758	jet_1_eta=-3.895020	jet_2_pt=30.456936	jet_2_eta=3.733887	jet_2_phi=-2.880371	jet_3_pt=-999.000000	jet_3_eta=-999.000000	jet_3_phi=-999.000000	MET_pt=35.113420	n_electrons=0.000000	n_muons=2.000000
n2p (zero_to_one_jet):	event=69511.000000	n_jets=1.000000	nbdfm=0.000000	jet_1_pt=45.715382	jet_1_eta=-3.895020	jet_2_pt=-999.000000	jet_2_eta=-999.000000	j2_phi=-999.000000	j3_pt=-999.000000	j3_eta=-999.000000	j3_phi=-999.000000	met=30.675196	nel=0.000000	nmu=2.000000
Diff:	n_jets-n_jets=-1.000000	jet_1_pt-jet_1_pt=-1.599376	jet_2_pt-jet_2_pt=-1029.456936	jet_2_eta-jet_2_eta=-1002.733887	j2_phi-jet_2_phi=-996.119629	met-MET_pt=-4.438225

--- Event 69965 (DNA:two_jet -> n2p:two_jet/zero_to_one_jet) ---
DNA (two_jet):	event=69965.000000	run=1.000000	luminosityBlock=70.000000	n_jets=2.000000	n_b_jets=0.000000	jet_1_pt=62.224178	jet_1_eta=3.962402	jet_2_pt=48.767299	jet_2_eta=2.078125	jet_2_phi=2.814941	jet_3_pt=-999.000000	jet_3_eta=-999.000000	jet_3_phi=-999.000000	MET_pt=0.000000	n_electrons=2.000000	n_muons=0.000000
n2p:	Event not found in two_jet or zero_to_one_jet

--- Event 70238 (DNA:two_jet -> n2p:two_jet/zero_to_one_jet) ---
DNA (two_jet):	event=70238.000000	run=1.000000	luminosityBlock=71.000000	n_jets=2.000000	n_b_jets=0.000000	jet_1_pt=48.097322	jet_1_eta=-1.435547	jet_2_pt=38.760358	jet_2_eta=1.641113	jet_2_phi=-0.250732	jet_3_pt=-999.000000	jet_3_eta=-999.000000	jet_3_phi=-999.000000	MET_pt=25.214451	n_electrons=2.000000	n_muons=0.000000
n2p:	Event not found in two_jet or zero_to_one_jet

--- Event 70417 (DNA:two_jet -> n2p:two_jet/zero_to_one_jet) ---
DNA (two_jet):	event=70417.000000	run=1.000000	luminosityBlock=71.000000	n_jets=2.000000	n_b_jets=0.000000	jet_1_pt=33.584192	jet_1_eta=-0.877808	jet_2_pt=30.063219	jet_2_eta=3.368652	jet_2_phi=-0.958252	jet_3_pt=-999.000000	jet_3_eta=-999.000000	jet_3_phi=-999.000000	MET_pt=22.746269	n_electrons=0.000000	n_muons=2.000000
n2p (zero_to_one_jet):	event=70417.000000	n_jets=1.000000	nbdfm=0.000000	jet_1_pt=33.512623	jet_1_eta=-0.877808	jet_2_pt=-999.000000	jet_2_eta=-999.000000	j2_phi=-999.000000	j3_pt=-999.000000	j3_eta=-999.000000	j3_phi=-999.000000	met=22.885130	nel=0.000000	nmu=2.000000
Diff:	n_jets-n_jets=-1.000000	jet_1_pt-jet_1_pt=-0.071569	jet_2_pt-jet_2_pt=-1029.063219	jet_2_eta-jet_2_eta=-1002.368652	j2_phi-jet_2_phi=-998.041748	met-MET_pt=0.138861

--- Event 70541 (DNA:two_jet -> n2p:two_jet/zero_to_one_jet) ---
DNA (two_jet):	event=70541.000000	run=1.000000	luminosityBlock=71.000000	n_jets=2.000000	n_b_jets=0.000000	jet_1_pt=131.133503	jet_1_eta=-0.871826	jet_2_pt=30.551141	jet_2_eta=-0.778687	jet_2_phi=-2.572266	jet_3_pt=-999.000000	jet_3_eta=-999.000000	jet_3_phi=-999.000000	MET_pt=66.101191	n_electrons=0.000000	n_muons=2.000000
n2p (zero_to_one_jet):	event=70541.000000	n_jets=1.000000	nbdfm=0.000000	jet_1_pt=131.146317	jet_1_eta=-0.871826	jet_2_pt=-999.000000	jet_2_eta=-999.000000	j2_phi=-999.000000	j3_pt=-999.000000	j3_eta=-999.000000	j3_phi=-999.000000	met=66.035866	nel=0.000000	nmu=2.000000
Diff:	n_jets-n_jets=-1.000000	jet_1_pt-jet_1_pt=0.012814	jet_2_pt-jet_2_pt=-1029.551141	jet_2_eta-jet_2_eta=-998.221313	j2_phi-jet_2_phi=-996.427734	met-MET_pt=-0.065326

--- Event 71155 (DNA:two_jet -> n2p:two_jet/zero_to_one_jet) ---
DNA (two_jet):	event=71155.000000	run=1.000000	luminosityBlock=72.000000	n_jets=2.000000	n_b_jets=0.000000	jet_1_pt=51.483613	jet_1_eta=-2.549316	jet_2_pt=38.833200	jet_2_eta=1.853271	jet_2_phi=-1.625732	jet_3_pt=-999.000000	jet_3_eta=-999.000000	jet_3_phi=-999.000000	MET_pt=15.713566	n_electrons=2.000000	n_muons=0.000000
n2p (zero_to_one_jet):	event=71155.000000	n_jets=1.000000	nbdfm=0.000000	jet_1_pt=38.758102	jet_1_eta=1.853271	jet_2_pt=-999.000000	jet_2_eta=-999.000000	j2_phi=-999.000000	j3_pt=-999.000000	j3_eta=-999.000000	j3_phi=-999.000000	met=15.470640	nel=2.000000	nmu=0.000000
Diff:	n_jets-n_jets=-1.000000	jet_1_pt-jet_1_pt=-12.725511	jet_1_eta-jet_1_eta=4.402588	jet_2_pt-jet_2_pt=-1037.833200	jet_2_eta-jet_2_eta=-1000.853271	j2_phi-jet_2_phi=-997.374268	met-MET_pt=-0.242926

--- Event 71578 (DNA:two_jet -> n2p:two_jet/zero_to_one_jet) ---
DNA (two_jet):	event=71578.000000	run=1.000000	luminosityBlock=72.000000	n_jets=2.000000	n_b_jets=0.000000	jet_1_pt=52.427611	jet_1_eta=0.210602	jet_2_pt=30.005048	jet_2_eta=-0.810059	jet_2_phi=-2.659668	jet_3_pt=-999.000000	jet_3_eta=-999.000000	jet_3_phi=-999.000000	MET_pt=18.041071	n_electrons=0.000000	n_muons=2.000000
n2p (zero_to_one_jet):	event=71578.000000	n_jets=1.000000	nbdfm=0.000000	jet_1_pt=52.444069	jet_1_eta=0.210602	jet_2_pt=-999.000000	jet_2_eta=-999.000000	j2_phi=-999.000000	j3_pt=-999.000000	j3_eta=-999.000000	j3_phi=-999.000000	met=18.133167	nel=0.000000	nmu=2.000000
Diff:	n_jets-n_jets=-1.000000	jet_1_pt-jet_1_pt=0.016457	jet_2_pt-jet_2_pt=-1029.005048	jet_2_eta-jet_2_eta=-998.189941	j2_phi-jet_2_phi=-996.340332	met-MET_pt=0.092096

--- Event 72010 (DNA:two_jet -> n2p:two_jet/zero_to_one_jet) ---
DNA (two_jet):	event=72010.000000	run=1.000000	luminosityBlock=73.000000	n_jets=2.000000	n_b_jets=0.000000	jet_1_pt=60.277974	jet_1_eta=2.769531	jet_2_pt=38.896957	jet_2_eta=1.164062	jet_2_phi=-2.187500	jet_3_pt=-999.000000	jet_3_eta=-999.000000	jet_3_phi=-999.000000	MET_pt=111.503350	n_electrons=0.000000	n_muons=2.000000
n2p (zero_to_one_jet):	event=72010.000000	n_jets=1.000000	nbdfm=0.000000	jet_1_pt=39.009197	jet_1_eta=1.164062	jet_2_pt=-999.000000	jet_2_eta=-999.000000	j2_phi=-999.000000	j3_pt=-999.000000	j3_eta=-999.000000	j3_phi=-999.000000	met=84.312111	nel=0.000000	nmu=2.000000
Diff:	n_jets-n_jets=-1.000000	jet_1_pt-jet_1_pt=-21.268777	jet_1_eta-jet_1_eta=-1.605469	jet_2_pt-jet_2_pt=-1037.896957	jet_2_eta-jet_2_eta=-1000.164062	j2_phi-jet_2_phi=-996.812500	met-MET_pt=-27.191240

--- Event 72303 (DNA:two_jet -> n2p:two_jet/zero_to_one_jet) ---
DNA (two_jet):	event=72303.000000	run=1.000000	luminosityBlock=73.000000	n_jets=2.000000	n_b_jets=0.000000	jet_1_pt=39.470099	jet_1_eta=-1.570801	jet_2_pt=35.059109	jet_2_eta=3.407715	jet_2_phi=2.363770	jet_3_pt=-999.000000	jet_3_eta=-999.000000	jet_3_phi=-999.000000	MET_pt=62.409805	n_electrons=2.000000	n_muons=0.000000
n2p:	Event not found in two_jet or zero_to_one_jet

--- Event 73312 (DNA:two_jet -> n2p:two_jet/zero_to_one_jet) ---
DNA (two_jet):	event=73312.000000	run=1.000000	luminosityBlock=74.000000	n_jets=2.000000	n_b_jets=0.000000	jet_1_pt=36.392373	jet_1_eta=-0.441650	jet_2_pt=31.978314	jet_2_eta=-3.499512	jet_2_phi=1.352051	jet_3_pt=-999.000000	jet_3_eta=-999.000000	jet_3_phi=-999.000000	MET_pt=51.662557	n_electrons=0.000000	n_muons=2.000000
n2p (zero_to_one_jet):	event=73312.000000	n_jets=1.000000	nbdfm=0.000000	jet_1_pt=36.398945	jet_1_eta=-0.441650	jet_2_pt=-999.000000	jet_2_eta=-999.000000	j2_phi=-999.000000	j3_pt=-999.000000	j3_eta=-999.000000	j3_phi=-999.000000	met=48.989746	nel=0.000000	nmu=2.000000
Diff:	n_jets-n_jets=-1.000000	jet_1_pt-jet_1_pt=0.006572	jet_2_pt-jet_2_pt=-1030.978314	jet_2_eta-jet_2_eta=-995.500488	j2_phi-jet_2_phi=-1000.352051	met-MET_pt=-2.672811

--- Event 75131 (DNA:two_jet -> n2p:two_jet/zero_to_one_jet) ---
DNA (two_jet):	event=75131.000000	run=1.000000	luminosityBlock=76.000000	n_jets=2.000000	n_b_jets=0.000000	jet_1_pt=57.746919	jet_1_eta=-2.783691	jet_2_pt=31.217312	jet_2_eta=-4.422852	jet_2_phi=0.961670	jet_3_pt=-999.000000	jet_3_eta=-999.000000	jet_3_phi=-999.000000	MET_pt=0.000000	n_electrons=0.000000	n_muons=2.000000
n2p (zero_to_one_jet):	event=75131.000000	n_jets=1.000000	nbdfm=0.000000	jet_1_pt=52.591846	jet_1_eta=-2.783691	jet_2_pt=-999.000000	jet_2_eta=-999.000000	j2_phi=-999.000000	j3_pt=-999.000000	j3_eta=-999.000000	j3_phi=-999.000000	met=47.500523	nel=0.000000	nmu=2.000000
Diff:	n_jets-n_jets=-1.000000	jet_1_pt-jet_1_pt=-5.155072	jet_2_pt-jet_2_pt=-1030.217312	jet_2_eta-jet_2_eta=-994.577148	j2_phi-jet_2_phi=-999.961670	met-MET_pt=47.500523

--- Event 76580 (DNA:two_jet -> n2p:two_jet/zero_to_one_jet) ---
DNA (two_jet):	event=76580.000000	run=1.000000	luminosityBlock=77.000000	n_jets=2.000000	n_b_jets=0.000000	jet_1_pt=41.139329	jet_1_eta=1.116699	jet_2_pt=30.474474	jet_2_eta=0.012360	jet_2_phi=-0.209778	jet_3_pt=-999.000000	jet_3_eta=-999.000000	jet_3_phi=-999.000000	MET_pt=32.066982	n_electrons=2.000000	n_muons=0.000000
n2p (zero_to_one_jet):	event=76580.000000	n_jets=1.000000	nbdfm=0.000000	jet_1_pt=34.481407	jet_1_eta=0.012360	jet_2_pt=-999.000000	jet_2_eta=-999.000000	j2_phi=-999.000000	j3_pt=-999.000000	j3_eta=-999.000000	j3_phi=-999.000000	met=35.588211	nel=2.000000	nmu=0.000000
Diff:	n_jets-n_jets=-1.000000	jet_1_pt-jet_1_pt=-6.657922	jet_1_eta-jet_1_eta=-1.104340	jet_2_pt-jet_2_pt=-1029.474474	jet_2_eta-jet_2_eta=-999.012360	j2_phi-jet_2_phi=-998.790222	met-MET_pt=3.521229

--- Event 79119 (DNA:two_jet -> n2p:two_jet/zero_to_one_jet) ---
DNA (two_jet):	event=79119.000000	run=1.000000	luminosityBlock=80.000000	n_jets=2.000000	n_b_jets=0.000000	jet_1_pt=54.599990	jet_1_eta=-1.163086	jet_2_pt=37.239936	jet_2_eta=-3.095215	jet_2_phi=0.189056	jet_3_pt=-999.000000	jet_3_eta=-999.000000	jet_3_phi=-999.000000	MET_pt=127.685974	n_electrons=0.000000	n_muons=2.000000
n2p:	Event not found in two_jet or zero_to_one_jet

--- Event 80029 (DNA:two_jet -> n2p:two_jet/zero_to_one_jet) ---
DNA (two_jet):	event=80029.000000	run=1.000000	luminosityBlock=81.000000	n_jets=2.000000	n_b_jets=0.000000	jet_1_pt=90.573324	jet_1_eta=1.138916	jet_2_pt=51.495504	jet_2_eta=3.415039	jet_2_phi=0.517578	jet_3_pt=-999.000000	jet_3_eta=-999.000000	jet_3_phi=-999.000000	MET_pt=45.558854	n_electrons=0.000000	n_muons=2.000000
n2p (zero_to_one_jet):	event=80029.000000	n_jets=1.000000	nbdfm=0.000000	jet_1_pt=49.093155	jet_1_eta=3.415039	jet_2_pt=-999.000000	jet_2_eta=-999.000000	j2_phi=-999.000000	j3_pt=-999.000000	j3_eta=-999.000000	j3_phi=-999.000000	met=44.408783	nel=0.000000	nmu=2.000000
Diff:	n_jets-n_jets=-1.000000	jet_1_pt-jet_1_pt=-41.480169	jet_1_eta-jet_1_eta=2.276123	jet_2_pt-jet_2_pt=-1050.495504	jet_2_eta-jet_2_eta=-1002.415039	j2_phi-jet_2_phi=-999.517578	met-MET_pt=-1.150071

--- Event 80211 (DNA:two_jet -> n2p:two_jet/zero_to_one_jet) ---
DNA (two_jet):	event=80211.000000	run=1.000000	luminosityBlock=81.000000	n_jets=2.000000	n_b_jets=0.000000	jet_1_pt=41.254184	jet_1_eta=4.001953	jet_2_pt=32.206886	jet_2_eta=-3.332520	jet_2_phi=-3.004883	jet_3_pt=-999.000000	jet_3_eta=-999.000000	jet_3_phi=-999.000000	MET_pt=0.000000	n_electrons=0.000000	n_muons=2.000000
n2p (zero_to_one_jet):	event=80211.000000	n_jets=1.000000	nbdfm=0.000000	jet_1_pt=35.481796	jet_1_eta=4.001953	jet_2_pt=-999.000000	jet_2_eta=-999.000000	j2_phi=-999.000000	j3_pt=-999.000000	j3_eta=-999.000000	j3_phi=-999.000000	met=18.191889	nel=0.000000	nmu=2.000000
Diff:	n_jets-n_jets=-1.000000	jet_1_pt-jet_1_pt=-5.772388	jet_2_pt-jet_2_pt=-1031.206886	jet_2_eta-jet_2_eta=-995.667480	j2_phi-jet_2_phi=-995.995117	met-MET_pt=18.191889

--- Event 80256 (DNA:two_jet -> n2p:two_jet/zero_to_one_jet) ---
DNA (two_jet):	event=80256.000000	run=1.000000	luminosityBlock=81.000000	n_jets=2.000000	n_b_jets=0.000000	jet_1_pt=47.186854	jet_1_eta=-0.337402	jet_2_pt=32.506751	jet_2_eta=-3.884766	jet_2_phi=0.611694	jet_3_pt=-999.000000	jet_3_eta=-999.000000	jet_3_phi=-999.000000	MET_pt=54.014889	n_electrons=2.000000	n_muons=0.000000
n2p (zero_to_one_jet):	event=80256.000000	n_jets=1.000000	nbdfm=0.000000	jet_1_pt=47.225357	jet_1_eta=-0.337402	jet_2_pt=-999.000000	jet_2_eta=-999.000000	j2_phi=-999.000000	j3_pt=-999.000000	j3_eta=-999.000000	j3_phi=-999.000000	met=49.296436	nel=2.000000	nmu=0.000000
Diff:	n_jets-n_jets=-1.000000	jet_1_pt-jet_1_pt=0.038503	jet_2_pt-jet_2_pt=-1031.506751	jet_2_eta-jet_2_eta=-995.115234	j2_phi-jet_2_phi=-999.611694	met-MET_pt=-4.718452

--- Event 81015 (DNA:two_jet -> n2p:two_jet/zero_to_one_jet) ---
DNA (two_jet):	event=81015.000000	run=1.000000	luminosityBlock=82.000000	n_jets=2.000000	n_b_jets=0.000000	jet_1_pt=52.344005	jet_1_eta=1.183594	jet_2_pt=32.528524	jet_2_eta=3.726562	jet_2_phi=-1.349609	jet_3_pt=-999.000000	jet_3_eta=-999.000000	jet_3_phi=-999.000000	MET_pt=112.059054	n_electrons=0.000000	n_muons=2.000000
n2p:	Event not found in two_jet or zero_to_one_jet

--- Event 81735 (DNA:two_jet -> n2p:two_jet/zero_to_one_jet) ---
DNA (two_jet):	event=81735.000000	run=1.000000	luminosityBlock=82.000000	n_jets=2.000000	n_b_jets=0.000000	jet_1_pt=87.978843	jet_1_eta=-0.825684	jet_2_pt=34.894081	jet_2_eta=-2.396484	jet_2_phi=-0.646240	jet_3_pt=-999.000000	jet_3_eta=-999.000000	jet_3_phi=-999.000000	MET_pt=25.310619	n_electrons=2.000000	n_muons=0.000000
n2p (zero_to_one_jet):	event=81735.000000	n_jets=1.000000	nbdfm=0.000000	jet_1_pt=87.968987	jet_1_eta=-0.825684	jet_2_pt=-999.000000	jet_2_eta=-999.000000	j2_phi=-999.000000	j3_pt=-999.000000	j3_eta=-999.000000	j3_phi=-999.000000	met=25.436783	nel=2.000000	nmu=0.000000
Diff:	n_jets-n_jets=-1.000000	jet_1_pt-jet_1_pt=-0.009856	jet_2_pt-jet_2_pt=-1033.894081	jet_2_eta-jet_2_eta=-996.603516	j2_phi-jet_2_phi=-998.353760	met-MET_pt=0.126164

--- Event 81942 (DNA:two_jet -> n2p:two_jet/zero_to_one_jet) ---
DNA (two_jet):	event=81942.000000	run=1.000000	luminosityBlock=82.000000	n_jets=2.000000	n_b_jets=0.000000	jet_1_pt=33.277048	jet_1_eta=-3.613770	jet_2_pt=32.659710	jet_2_eta=-2.034668	jet_2_phi=0.998169	jet_3_pt=-999.000000	jet_3_eta=-999.000000	jet_3_phi=-999.000000	MET_pt=27.065129	n_electrons=2.000000	n_muons=0.000000
n2p (zero_to_one_jet):	event=81942.000000	n_jets=1.000000	nbdfm=0.000000	jet_1_pt=32.584961	jet_1_eta=-2.034668	jet_2_pt=-999.000000	jet_2_eta=-999.000000	j2_phi=-999.000000	j3_pt=-999.000000	j3_eta=-999.000000	j3_phi=-999.000000	met=20.703939	nel=2.000000	nmu=0.000000
Diff:	n_jets-n_jets=-1.000000	jet_1_pt-jet_1_pt=-0.692087	jet_1_eta-jet_1_eta=1.579102	jet_2_pt-jet_2_pt=-1031.659710	jet_2_eta-jet_2_eta=-996.965332	j2_phi-jet_2_phi=-999.998169	met-MET_pt=-6.361190

--- Event 82636 (DNA:two_jet -> n2p:two_jet/zero_to_one_jet) ---
DNA (two_jet):	event=82636.000000	run=1.000000	luminosityBlock=83.000000	n_jets=2.000000	n_b_jets=0.000000	jet_1_pt=84.174225	jet_1_eta=-1.555908	jet_2_pt=49.373733	jet_2_eta=1.017822	jet_2_phi=-2.200195	jet_3_pt=-999.000000	jet_3_eta=-999.000000	jet_3_phi=-999.000000	MET_pt=21.458502	n_electrons=0.000000	n_muons=2.000000
n2p (zero_to_one_jet):	event=82636.000000	n_jets=1.000000	nbdfm=0.000000	jet_1_pt=49.391754	jet_1_eta=1.017822	jet_2_pt=-999.000000	jet_2_eta=-999.000000	j2_phi=-999.000000	j3_pt=-999.000000	j3_eta=-999.000000	j3_phi=-999.000000	met=21.495714	nel=0.000000	nmu=2.000000
Diff:	n_jets-n_jets=-1.000000	jet_1_pt-jet_1_pt=-34.782471	jet_1_eta-jet_1_eta=2.573730	jet_2_pt-jet_2_pt=-1048.373733	jet_2_eta-jet_2_eta=-1000.017822	j2_phi-jet_2_phi=-996.799805	met-MET_pt=0.037212

--- Event 84282 (DNA:two_jet -> n2p:two_jet/zero_to_one_jet) ---
DNA (two_jet):	event=84282.000000	run=1.000000	luminosityBlock=85.000000	n_jets=2.000000	n_b_jets=0.000000	jet_1_pt=37.558829	jet_1_eta=-3.447266	jet_2_pt=30.131900	jet_2_eta=0.701904	jet_2_phi=-1.667969	jet_3_pt=-999.000000	jet_3_eta=-999.000000	jet_3_phi=-999.000000	MET_pt=21.100567	n_electrons=2.000000	n_muons=0.000000
n2p (zero_to_one_jet):	event=84282.000000	n_jets=1.000000	nbdfm=0.000000	jet_1_pt=35.088638	jet_1_eta=-3.447266	jet_2_pt=-999.000000	jet_2_eta=-999.000000	j2_phi=-999.000000	j3_pt=-999.000000	j3_eta=-999.000000	j3_phi=-999.000000	met=22.784079	nel=2.000000	nmu=0.000000
Diff:	n_jets-n_jets=-1.000000	jet_1_pt-jet_1_pt=-2.470191	jet_2_pt-jet_2_pt=-1029.131900	jet_2_eta-jet_2_eta=-999.701904	j2_phi-jet_2_phi=-997.332031	met-MET_pt=1.683512

--- Event 84510 (DNA:two_jet -> n2p:two_jet/zero_to_one_jet) ---
DNA (two_jet):	event=84510.000000	run=1.000000	luminosityBlock=85.000000	n_jets=2.000000	n_b_jets=0.000000	jet_1_pt=55.015567	jet_1_eta=3.123535	jet_2_pt=51.541360	jet_2_eta=-2.145508	jet_2_phi=2.344238	jet_3_pt=-999.000000	jet_3_eta=-999.000000	jet_3_phi=-999.000000	MET_pt=84.274949	n_electrons=2.000000	n_muons=0.000000
n2p (zero_to_one_jet):	event=84510.000000	n_jets=1.000000	nbdfm=0.000000	jet_1_pt=43.161907	jet_1_eta=3.123535	jet_2_pt=-999.000000	jet_2_eta=-999.000000	j2_phi=-999.000000	j3_pt=-999.000000	j3_eta=-999.000000	j3_phi=-999.000000	met=69.810181	nel=2.000000	nmu=0.000000
Diff:	n_jets-n_jets=-1.000000	jet_1_pt-jet_1_pt=-11.853660	jet_2_pt-jet_2_pt=-1050.541360	jet_2_eta-jet_2_eta=-996.854492	j2_phi-jet_2_phi=-1001.344238	met-MET_pt=-14.464768

--- Event 85052 (DNA:two_jet -> n2p:two_jet/zero_to_one_jet) ---
DNA (two_jet):	event=85052.000000	run=1.000000	luminosityBlock=86.000000	n_jets=2.000000	n_b_jets=0.000000	jet_1_pt=79.197469	jet_1_eta=-1.323242	jet_2_pt=40.214275	jet_2_eta=-1.795166	jet_2_phi=1.764160	jet_3_pt=-999.000000	jet_3_eta=-999.000000	jet_3_phi=-999.000000	MET_pt=69.739181	n_electrons=0.000000	n_muons=2.000000
n2p (zero_to_one_jet):	event=85052.000000	n_jets=1.000000	nbdfm=0.000000	jet_1_pt=40.168430	jet_1_eta=-1.795166	jet_2_pt=-999.000000	jet_2_eta=-999.000000	j2_phi=-999.000000	j3_pt=-999.000000	j3_eta=-999.000000	j3_phi=-999.000000	met=67.505951	nel=0.000000	nmu=2.000000
Diff:	n_jets-n_jets=-1.000000	jet_1_pt-jet_1_pt=-39.029039	jet_1_eta-jet_1_eta=-0.471924	jet_2_pt-jet_2_pt=-1039.214275	jet_2_eta-jet_2_eta=-997.204834	j2_phi-jet_2_phi=-1000.764160	met-MET_pt=-2.233230

--- Event 85399 (DNA:two_jet -> n2p:two_jet/zero_to_one_jet) ---
DNA (two_jet):	event=85399.000000	run=1.000000	luminosityBlock=86.000000	n_jets=2.000000	n_b_jets=0.000000	jet_1_pt=55.905188	jet_1_eta=1.756348	jet_2_pt=30.520852	jet_2_eta=3.687012	jet_2_phi=-1.658936	jet_3_pt=-999.000000	jet_3_eta=-999.000000	jet_3_phi=-999.000000	MET_pt=19.781949	n_electrons=0.000000	n_muons=2.000000
n2p (zero_to_one_jet):	event=85399.000000	n_jets=1.000000	nbdfm=0.000000	jet_1_pt=55.797054	jet_1_eta=1.756348	jet_2_pt=-999.000000	jet_2_eta=-999.000000	j2_phi=-999.000000	j3_pt=-999.000000	j3_eta=-999.000000	j3_phi=-999.000000	met=19.665329	nel=0.000000	nmu=2.000000
Diff:	n_jets-n_jets=-1.000000	jet_1_pt-jet_1_pt=-0.108134	jet_2_pt-jet_2_pt=-1029.520852	jet_2_eta-jet_2_eta=-1002.687012	j2_phi-jet_2_phi=-997.341064	met-MET_pt=-0.116620

--- Event 86407 (DNA:two_jet -> n2p:two_jet/zero_to_one_jet) ---
DNA (two_jet):	event=86407.000000	run=1.000000	luminosityBlock=87.000000	n_jets=2.000000	n_b_jets=0.000000	jet_1_pt=34.047605	jet_1_eta=-0.599609	jet_2_pt=31.982589	jet_2_eta=1.663086	jet_2_phi=1.183594	jet_3_pt=-999.000000	jet_3_eta=-999.000000	jet_3_phi=-999.000000	MET_pt=4.950462	n_electrons=2.000000	n_muons=0.000000
n2p:	Event not found in two_jet or zero_to_one_jet

--- Event 87613 (DNA:two_jet -> n2p:two_jet/zero_to_one_jet) ---
DNA (two_jet):	event=87613.000000	run=1.000000	luminosityBlock=88.000000	n_jets=2.000000	n_b_jets=0.000000	jet_1_pt=32.624432	jet_1_eta=-3.385254	jet_2_pt=30.233218	jet_2_eta=4.671875	jet_2_phi=-1.052246	jet_3_pt=-999.000000	jet_3_eta=-999.000000	jet_3_phi=-999.000000	MET_pt=63.808129	n_electrons=2.000000	n_muons=0.000000
n2p (zero_to_one_jet):	event=87613.000000	n_jets=0.000000	nbdfm=0.000000	jet_1_pt=-999.000000	jet_1_eta=-999.000000	jet_2_pt=-999.000000	jet_2_eta=-999.000000	j2_phi=-999.000000	j3_pt=-999.000000	j3_eta=-999.000000	j3_phi=-999.000000	met=38.653118	nel=2.000000	nmu=0.000000
Diff:	n_jets-n_jets=-2.000000	jet_1_pt-jet_1_pt=-1031.624432	jet_1_eta-jet_1_eta=-995.614746	jet_2_pt-jet_2_pt=-1029.233218	jet_2_eta-jet_2_eta=-1003.671875	j2_phi-jet_2_phi=-997.947754	met-MET_pt=-25.155011

--- Event 89771 (DNA:two_jet -> n2p:two_jet/zero_to_one_jet) ---
DNA (two_jet):	event=89771.000000	run=1.000000	luminosityBlock=90.000000	n_jets=2.000000	n_b_jets=0.000000	jet_1_pt=32.729407	jet_1_eta=0.092422	jet_2_pt=30.441553	jet_2_eta=-3.795898	jet_2_phi=2.653809	jet_3_pt=-999.000000	jet_3_eta=-999.000000	jet_3_phi=-999.000000	MET_pt=23.595479	n_electrons=0.000000	n_muons=2.000000
n2p (zero_to_one_jet):	event=89771.000000	n_jets=1.000000	nbdfm=0.000000	jet_1_pt=32.725018	jet_1_eta=0.092422	jet_2_pt=-999.000000	jet_2_eta=-999.000000	j2_phi=-999.000000	j3_pt=-999.000000	j3_eta=-999.000000	j3_phi=-999.000000	met=32.928299	nel=0.000000	nmu=2.000000
Diff:	n_jets-n_jets=-1.000000	jet_1_pt-jet_1_pt=-0.004389	jet_2_pt-jet_2_pt=-1029.441553	jet_2_eta-jet_2_eta=-995.204102	j2_phi-jet_2_phi=-1001.653809	met-MET_pt=9.332820

--- Event 94148 (DNA:two_jet -> n2p:two_jet/zero_to_one_jet) ---
DNA (two_jet):	event=94148.000000	run=1.000000	luminosityBlock=95.000000	n_jets=2.000000	n_b_jets=0.000000	jet_1_pt=128.830351	jet_1_eta=2.306152	jet_2_pt=30.884844	jet_2_eta=4.198242	jet_2_phi=2.008301	jet_3_pt=-999.000000	jet_3_eta=-999.000000	jet_3_phi=-999.000000	MET_pt=0.000000	n_electrons=0.000000	n_muons=2.000000
n2p (zero_to_one_jet):	event=94148.000000	n_jets=1.000000	nbdfm=0.000000	jet_1_pt=127.575699	jet_1_eta=2.306152	jet_2_pt=-999.000000	jet_2_eta=-999.000000	j2_phi=-999.000000	j3_pt=-999.000000	j3_eta=-999.000000	j3_phi=-999.000000	met=17.451601	nel=0.000000	nmu=2.000000
Diff:	n_jets-n_jets=-1.000000	jet_1_pt-jet_1_pt=-1.254652	jet_2_pt-jet_2_pt=-1029.884844	jet_2_eta-jet_2_eta=-1003.198242	j2_phi-jet_2_phi=-1001.008301	met-MET_pt=17.451601

--- Event 95272 (DNA:two_jet -> n2p:two_jet/zero_to_one_jet) ---
DNA (two_jet):	event=95272.000000	run=1.000000	luminosityBlock=96.000000	n_jets=2.000000	n_b_jets=0.000000	jet_1_pt=73.490585	jet_1_eta=0.449646	jet_2_pt=32.690482	jet_2_eta=3.340820	jet_2_phi=1.996582	jet_3_pt=-999.000000	jet_3_eta=-999.000000	jet_3_phi=-999.000000	MET_pt=22.995447	n_electrons=0.000000	n_muons=2.000000
n2p (zero_to_one_jet):	event=95272.000000	n_jets=1.000000	nbdfm=0.000000	jet_1_pt=73.493782	jet_1_eta=0.449646	jet_2_pt=-999.000000	jet_2_eta=-999.000000	j2_phi=-999.000000	j3_pt=-999.000000	j3_eta=-999.000000	j3_phi=-999.000000	met=20.982573	nel=0.000000	nmu=2.000000
Diff:	n_jets-n_jets=-1.000000	jet_1_pt-jet_1_pt=0.003197	jet_2_pt-jet_2_pt=-1031.690482	jet_2_eta-jet_2_eta=-1002.340820	j2_phi-jet_2_phi=-1000.996582	met-MET_pt=-2.012875

--- Event 95659 (DNA:two_jet -> n2p:two_jet/zero_to_one_jet) ---
DNA (two_jet):	event=95659.000000	run=1.000000	luminosityBlock=96.000000	n_jets=2.000000	n_b_jets=0.000000	jet_1_pt=47.824276	jet_1_eta=1.722900	jet_2_pt=31.181566	jet_2_eta=4.152344	jet_2_phi=1.354736	jet_3_pt=-999.000000	jet_3_eta=-999.000000	jet_3_phi=-999.000000	MET_pt=23.851501	n_electrons=0.000000	n_muons=2.000000
n2p (zero_to_one_jet):	event=95659.000000	n_jets=1.000000	nbdfm=0.000000	jet_1_pt=47.762501	jet_1_eta=1.722900	jet_2_pt=-999.000000	jet_2_eta=-999.000000	j2_phi=-999.000000	j3_pt=-999.000000	j3_eta=-999.000000	j3_phi=-999.000000	met=25.063818	nel=0.000000	nmu=2.000000
Diff:	n_jets-n_jets=-1.000000	jet_1_pt-jet_1_pt=-0.061775	jet_2_pt-jet_2_pt=-1030.181566	jet_2_eta-jet_2_eta=-1003.152344	j2_phi-jet_2_phi=-1000.354736	met-MET_pt=1.212317

--- Event 97870 (DNA:two_jet -> n2p:two_jet/zero_to_one_jet) ---
DNA (two_jet):	event=97870.000000	run=1.000000	luminosityBlock=98.000000	n_jets=2.000000	n_b_jets=0.000000	jet_1_pt=188.957481	jet_1_eta=-1.307861	jet_2_pt=53.686956	jet_2_eta=-2.844238	jet_2_phi=-1.654541	jet_3_pt=-999.000000	jet_3_eta=-999.000000	jet_3_phi=-999.000000	MET_pt=25.795115	n_electrons=0.000000	n_muons=2.000000
n2p (zero_to_one_jet):	event=97870.000000	n_jets=1.000000	nbdfm=0.000000	jet_1_pt=188.776505	jet_1_eta=-1.307861	jet_2_pt=-999.000000	jet_2_eta=-999.000000	j2_phi=-999.000000	j3_pt=-999.000000	j3_eta=-999.000000	j3_phi=-999.000000	met=43.809315	nel=0.000000	nmu=2.000000
Diff:	n_jets-n_jets=-1.000000	jet_1_pt-jet_1_pt=-0.180976	jet_2_pt-jet_2_pt=-1052.686956	jet_2_eta-jet_2_eta=-996.155762	j2_phi-jet_2_phi=-997.345459	met-MET_pt=18.014200

--- Event 97879 (DNA:two_jet -> n2p:two_jet/zero_to_one_jet) ---
DNA (two_jet):	event=97879.000000	run=1.000000	luminosityBlock=98.000000	n_jets=2.000000	n_b_jets=0.000000	jet_1_pt=91.225582	jet_1_eta=1.269043	jet_2_pt=54.194128	jet_2_eta=-2.766602	jet_2_phi=2.963379	jet_3_pt=-999.000000	jet_3_eta=-999.000000	jet_3_phi=-999.000000	MET_pt=26.742660	n_electrons=2.000000	n_muons=0.000000
n2p (zero_to_one_jet):	event=97879.000000	n_jets=1.000000	nbdfm=0.000000	jet_1_pt=91.123787	jet_1_eta=1.269043	jet_2_pt=-999.000000	jet_2_eta=-999.000000	j2_phi=-999.000000	j3_pt=-999.000000	j3_eta=-999.000000	j3_phi=-999.000000	met=31.057941	nel=2.000000	nmu=0.000000
Diff:	n_jets-n_jets=-1.000000	jet_1_pt-jet_1_pt=-0.101795	jet_2_pt-jet_2_pt=-1053.194128	jet_2_eta-jet_2_eta=-996.233398	j2_phi-jet_2_phi=-1001.963379	met-MET_pt=4.315281

--- Event 98920 (DNA:two_jet -> n2p:two_jet/zero_to_one_jet) ---
DNA (two_jet):	event=98920.000000	run=1.000000	luminosityBlock=99.000000	n_jets=2.000000	n_b_jets=0.000000	jet_1_pt=83.022225	jet_1_eta=-0.209656	jet_2_pt=41.040958	jet_2_eta=3.312500	jet_2_phi=0.429565	jet_3_pt=-999.000000	jet_3_eta=-999.000000	jet_3_phi=-999.000000	MET_pt=23.101419	n_electrons=2.000000	n_muons=0.000000
n2p:	Event not found in two_jet or zero_to_one_jet

--- Event 99043 (DNA:two_jet -> n2p:two_jet/zero_to_one_jet) ---
DNA (two_jet):	event=99043.000000	run=1.000000	luminosityBlock=100.000000	n_jets=2.000000	n_b_jets=0.000000	jet_1_pt=42.138049	jet_1_eta=-1.098633	jet_2_pt=31.472082	jet_2_eta=2.484863	jet_2_phi=0.857056	jet_3_pt=-999.000000	jet_3_eta=-999.000000	jet_3_phi=-999.000000	MET_pt=0.000000	n_electrons=2.000000	n_muons=0.000000
n2p (zero_to_one_jet):	event=99043.000000	n_jets=1.000000	nbdfm=0.000000	jet_1_pt=42.169624	jet_1_eta=-1.098633	jet_2_pt=-999.000000	jet_2_eta=-999.000000	j2_phi=-999.000000	j3_pt=-999.000000	j3_eta=-999.000000	j3_phi=-999.000000	met=27.284544	nel=2.000000	nmu=0.000000
Diff:	n_jets-n_jets=-1.000000	jet_1_pt-jet_1_pt=0.031575	jet_2_pt-jet_2_pt=-1030.472082	jet_2_eta-jet_2_eta=-1001.484863	j2_phi-jet_2_phi=-999.857056	met-MET_pt=27.284544

--- Event 99137 (DNA:two_jet -> n2p:two_jet/zero_to_one_jet) ---
DNA (two_jet):	event=99137.000000	run=1.000000	luminosityBlock=100.000000	n_jets=2.000000	n_b_jets=0.000000	jet_1_pt=53.535894	jet_1_eta=2.762207	jet_2_pt=36.359397	jet_2_eta=-0.719238	jet_2_phi=-0.076035	jet_3_pt=-999.000000	jet_3_eta=-999.000000	jet_3_phi=-999.000000	MET_pt=11.326964	n_electrons=2.000000	n_muons=0.000000
n2p (zero_to_one_jet):	event=99137.000000	n_jets=1.000000	nbdfm=0.000000	jet_1_pt=36.368736	jet_1_eta=-0.719238	jet_2_pt=-999.000000	jet_2_eta=-999.000000	j2_phi=-999.000000	j3_pt=-999.000000	j3_eta=-999.000000	j3_phi=-999.000000	met=16.754269	nel=2.000000	nmu=0.000000
Diff:	n_jets-n_jets=-1.000000	jet_1_pt-jet_1_pt=-17.167157	jet_1_eta-jet_1_eta=-3.481445	jet_2_pt-jet_2_pt=-1035.359397	jet_2_eta-jet_2_eta=-998.280762	j2_phi-jet_2_phi=-998.923965	met-MET_pt=5.427304

--- Event 99382 (DNA:two_jet -> n2p:two_jet/zero_to_one_jet) ---
DNA (two_jet):	event=99382.000000	run=1.000000	luminosityBlock=100.000000	n_jets=2.000000	n_b_jets=0.000000	jet_1_pt=31.277308	jet_1_eta=-2.286133	jet_2_pt=30.076355	jet_2_eta=-3.854004	jet_2_phi=-2.099609	jet_3_pt=-999.000000	jet_3_eta=-999.000000	jet_3_phi=-999.000000	MET_pt=75.892722	n_electrons=2.000000	n_muons=0.000000
n2p (zero_to_one_jet):	event=99382.000000	n_jets=1.000000	nbdfm=0.000000	jet_1_pt=31.266205	jet_1_eta=-2.286133	jet_2_pt=-999.000000	jet_2_eta=-999.000000	j2_phi=-999.000000	j3_pt=-999.000000	j3_eta=-999.000000	j3_phi=-999.000000	met=72.054878	nel=2.000000	nmu=0.000000
Diff:	n_jets-n_jets=-1.000000	jet_1_pt-jet_1_pt=-0.011103	jet_2_pt-jet_2_pt=-1029.076355	jet_2_eta-jet_2_eta=-995.145996	j2_phi-jet_2_phi=-996.900391	met-MET_pt=-3.837843

--- Event 100886 (DNA:two_jet -> n2p:two_jet/zero_to_one_jet) ---
DNA (two_jet):	event=100886.000000	run=1.000000	luminosityBlock=101.000000	n_jets=2.000000	n_b_jets=0.000000	jet_1_pt=72.039237	jet_1_eta=1.359375	jet_2_pt=36.580641	jet_2_eta=3.489258	jet_2_phi=0.915527	jet_3_pt=-999.000000	jet_3_eta=-999.000000	jet_3_phi=-999.000000	MET_pt=50.512601	n_electrons=2.000000	n_muons=0.000000
n2p:	Event not found in two_jet or zero_to_one_jet

--- Event 102744 (DNA:two_jet -> n2p:two_jet/zero_to_one_jet) ---
DNA (two_jet):	event=102744.000000	run=1.000000	luminosityBlock=103.000000	n_jets=2.000000	n_b_jets=0.000000	jet_1_pt=51.461172	jet_1_eta=3.269043	jet_2_pt=33.982101	jet_2_eta=4.607422	jet_2_phi=-0.908325	jet_3_pt=-999.000000	jet_3_eta=-999.000000	jet_3_phi=-999.000000	MET_pt=47.993264	n_electrons=0.000000	n_muons=2.000000
n2p (zero_to_one_jet):	event=102744.000000	n_jets=1.000000	nbdfm=0.000000	jet_1_pt=48.628326	jet_1_eta=3.269043	jet_2_pt=-999.000000	jet_2_eta=-999.000000	j2_phi=-999.000000	j3_pt=-999.000000	j3_eta=-999.000000	j3_phi=-999.000000	met=36.712105	nel=0.000000	nmu=2.000000
Diff:	n_jets-n_jets=-1.000000	jet_1_pt-jet_1_pt=-2.832846	jet_2_pt-jet_2_pt=-1032.982101	jet_2_eta-jet_2_eta=-1003.607422	j2_phi-jet_2_phi=-998.091675	met-MET_pt=-11.281159

--- Event 102966 (DNA:two_jet -> n2p:two_jet/zero_to_one_jet) ---
DNA (two_jet):	event=102966.000000	run=1.000000	luminosityBlock=103.000000	n_jets=2.000000	n_b_jets=0.000000	jet_1_pt=66.380843	jet_1_eta=0.040749	jet_2_pt=53.166273	jet_2_eta=-2.804688	jet_2_phi=-2.374512	jet_3_pt=-999.000000	jet_3_eta=-999.000000	jet_3_phi=-999.000000	MET_pt=18.639221	n_electrons=0.000000	n_muons=2.000000
n2p (zero_to_one_jet):	event=102966.000000	n_jets=1.000000	nbdfm=0.000000	jet_1_pt=66.386597	jet_1_eta=0.040749	jet_2_pt=-999.000000	jet_2_eta=-999.000000	j2_phi=-999.000000	j3_pt=-999.000000	j3_eta=-999.000000	j3_phi=-999.000000	met=18.823153	nel=0.000000	nmu=2.000000
Diff:	n_jets-n_jets=-1.000000	jet_1_pt-jet_1_pt=0.005754	jet_2_pt-jet_2_pt=-1052.166273	jet_2_eta-jet_2_eta=-996.195312	j2_phi-jet_2_phi=-996.625488	met-MET_pt=0.183932

--- Event 103536 (DNA:two_jet -> n2p:two_jet/zero_to_one_jet) ---
DNA (two_jet):	event=103536.000000	run=1.000000	luminosityBlock=104.000000	n_jets=2.000000	n_b_jets=0.000000	jet_1_pt=62.725226	jet_1_eta=-2.512695	jet_2_pt=31.445935	jet_2_eta=2.033691	jet_2_phi=-3.067871	jet_3_pt=-999.000000	jet_3_eta=-999.000000	jet_3_phi=-999.000000	MET_pt=19.323007	n_electrons=0.000000	n_muons=2.000000
n2p:	Event not found in two_jet or zero_to_one_jet

--- Event 103745 (DNA:two_jet -> n2p:two_jet/zero_to_one_jet) ---
DNA (two_jet):	event=103745.000000	run=1.000000	luminosityBlock=104.000000	n_jets=2.000000	n_b_jets=0.000000	jet_1_pt=40.352405	jet_1_eta=3.010254	jet_2_pt=31.622665	jet_2_eta=2.297363	jet_2_phi=-1.960693	jet_3_pt=-999.000000	jet_3_eta=-999.000000	jet_3_phi=-999.000000	MET_pt=42.623280	n_electrons=2.000000	n_muons=0.000000
n2p (zero_to_one_jet):	event=103745.000000	n_jets=1.000000	nbdfm=0.000000	jet_1_pt=31.626108	jet_1_eta=2.297363	jet_2_pt=-999.000000	jet_2_eta=-999.000000	j2_phi=-999.000000	j3_pt=-999.000000	j3_eta=-999.000000	j3_phi=-999.000000	met=36.960129	nel=2.000000	nmu=0.000000
Diff:	n_jets-n_jets=-1.000000	jet_1_pt-jet_1_pt=-8.726297	jet_1_eta-jet_1_eta=-0.712891	jet_2_pt-jet_2_pt=-1030.622665	jet_2_eta-jet_2_eta=-1001.297363	j2_phi-jet_2_phi=-997.039307	met-MET_pt=-5.663151

--- Event 104377 (DNA:two_jet -> n2p:two_jet/zero_to_one_jet) ---
DNA (two_jet):	event=104377.000000	run=1.000000	luminosityBlock=105.000000	n_jets=2.000000	n_b_jets=0.000000	jet_1_pt=53.874841	jet_1_eta=2.661621	jet_2_pt=39.457658	jet_2_eta=1.304199	jet_2_phi=1.371582	jet_3_pt=-999.000000	jet_3_eta=-999.000000	jet_3_phi=-999.000000	MET_pt=24.323334	n_electrons=0.000000	n_muons=2.000000
n2p (zero_to_one_jet):	event=104377.000000	n_jets=1.000000	nbdfm=0.000000	jet_1_pt=39.531712	jet_1_eta=1.304199	jet_2_pt=-999.000000	jet_2_eta=-999.000000	j2_phi=-999.000000	j3_pt=-999.000000	j3_eta=-999.000000	j3_phi=-999.000000	met=19.781258	nel=0.000000	nmu=2.000000
Diff:	n_jets-n_jets=-1.000000	jet_1_pt-jet_1_pt=-14.343129	jet_1_eta-jet_1_eta=-1.357422	jet_2_pt-jet_2_pt=-1038.457658	jet_2_eta-jet_2_eta=-1000.304199	j2_phi-jet_2_phi=-1000.371582	met-MET_pt=-4.542076

--- Event 104798 (DNA:two_jet -> n2p:two_jet/zero_to_one_jet) ---
DNA (two_jet):	event=104798.000000	run=1.000000	luminosityBlock=105.000000	n_jets=2.000000	n_b_jets=0.000000	jet_1_pt=50.233986	jet_1_eta=-2.726562	jet_2_pt=36.522295	jet_2_eta=-0.795898	jet_2_phi=2.229980	jet_3_pt=-999.000000	jet_3_eta=-999.000000	jet_3_phi=-999.000000	MET_pt=53.140334	n_electrons=0.000000	n_muons=2.000000
n2p (zero_to_one_jet):	event=104798.000000	n_jets=1.000000	nbdfm=0.000000	jet_1_pt=38.303261	jet_1_eta=-0.795898	jet_2_pt=-999.000000	jet_2_eta=-999.000000	j2_phi=-999.000000	j3_pt=-999.000000	j3_eta=-999.000000	j3_phi=-999.000000	met=55.812046	nel=0.000000	nmu=2.000000
Diff:	n_jets-n_jets=-1.000000	jet_1_pt-jet_1_pt=-11.930726	jet_1_eta-jet_1_eta=1.930664	jet_2_pt-jet_2_pt=-1035.522295	jet_2_eta-jet_2_eta=-998.204102	j2_phi-jet_2_phi=-1001.229980	met-MET_pt=2.671712

--- Event 105144 (DNA:two_jet -> n2p:two_jet/zero_to_one_jet) ---
DNA (two_jet):	event=105144.000000	run=1.000000	luminosityBlock=106.000000	n_jets=2.000000	n_b_jets=0.000000	jet_1_pt=64.617707	jet_1_eta=-0.340820	jet_2_pt=33.635022	jet_2_eta=3.962891	jet_2_phi=0.481445	jet_3_pt=-999.000000	jet_3_eta=-999.000000	jet_3_phi=-999.000000	MET_pt=17.157816	n_electrons=0.000000	n_muons=2.000000
n2p (zero_to_one_jet):	event=105144.000000	n_jets=1.000000	nbdfm=0.000000	jet_1_pt=64.497498	jet_1_eta=-0.340820	jet_2_pt=-999.000000	jet_2_eta=-999.000000	j2_phi=-999.000000	j3_pt=-999.000000	j3_eta=-999.000000	j3_phi=-999.000000	met=17.397226	nel=0.000000	nmu=2.000000
Diff:	n_jets-n_jets=-1.000000	jet_1_pt-jet_1_pt=-0.120209	jet_2_pt-jet_2_pt=-1032.635022	jet_2_eta-jet_2_eta=-1002.962891	j2_phi-jet_2_phi=-999.481445	met-MET_pt=0.239411

--- Event 105748 (DNA:two_jet -> n2p:two_jet/zero_to_one_jet) ---
DNA (two_jet):	event=105748.000000	run=1.000000	luminosityBlock=106.000000	n_jets=2.000000	n_b_jets=0.000000	jet_1_pt=54.207927	jet_1_eta=2.737793	jet_2_pt=37.223210	jet_2_eta=4.074219	jet_2_phi=0.753052	jet_3_pt=-999.000000	jet_3_eta=-999.000000	jet_3_phi=-999.000000	MET_pt=0.000000	n_electrons=0.000000	n_muons=2.000000
n2p (zero_to_one_jet):	event=105748.000000	n_jets=1.000000	nbdfm=0.000000	jet_1_pt=34.818474	jet_1_eta=4.074219	jet_2_pt=-999.000000	jet_2_eta=-999.000000	j2_phi=-999.000000	j3_pt=-999.000000	j3_eta=-999.000000	j3_phi=-999.000000	met=40.269760	nel=0.000000	nmu=2.000000
Diff:	n_jets-n_jets=-1.000000	jet_1_pt-jet_1_pt=-19.389453	jet_1_eta-jet_1_eta=1.336426	jet_2_pt-jet_2_pt=-1036.223210	jet_2_eta-jet_2_eta=-1003.074219	j2_phi-jet_2_phi=-999.753052	met-MET_pt=40.269760

--- Event 108925 (DNA:two_jet -> n2p:two_jet/zero_to_one_jet) ---
DNA (two_jet):	event=108925.000000	run=1.000000	luminosityBlock=109.000000	n_jets=2.000000	n_b_jets=0.000000	jet_1_pt=40.035428	jet_1_eta=4.133789	jet_2_pt=33.158370	jet_2_eta=-3.332520	jet_2_phi=-3.001953	jet_3_pt=-999.000000	jet_3_eta=-999.000000	jet_3_phi=-999.000000	MET_pt=21.335984	n_electrons=2.000000	n_muons=0.000000
n2p (zero_to_one_jet):	event=108925.000000	n_jets=1.000000	nbdfm=0.000000	jet_1_pt=30.954975	jet_1_eta=-3.332520	jet_2_pt=-999.000000	jet_2_eta=-999.000000	j2_phi=-999.000000	j3_pt=-999.000000	j3_eta=-999.000000	j3_phi=-999.000000	met=30.270460	nel=2.000000	nmu=0.000000
Diff:	n_jets-n_jets=-1.000000	jet_1_pt-jet_1_pt=-9.080452	jet_1_eta-jet_1_eta=-7.466309	jet_2_pt-jet_2_pt=-1032.158370	jet_2_eta-jet_2_eta=-995.667480	j2_phi-jet_2_phi=-995.998047	met-MET_pt=8.934476

--- Event 112043 (DNA:two_jet -> n2p:two_jet/zero_to_one_jet) ---
DNA (two_jet):	event=112043.000000	run=1.000000	luminosityBlock=113.000000	n_jets=2.000000	n_b_jets=0.000000	jet_1_pt=34.588703	jet_1_eta=-0.192932	jet_2_pt=32.533347	jet_2_eta=-3.187988	jet_2_phi=2.314453	jet_3_pt=-999.000000	jet_3_eta=-999.000000	jet_3_phi=-999.000000	MET_pt=28.298168	n_electrons=0.000000	n_muons=2.000000
n2p (zero_to_one_jet):	event=112043.000000	n_jets=1.000000	nbdfm=0.000000	jet_1_pt=34.600117	jet_1_eta=-0.192932	jet_2_pt=-999.000000	jet_2_eta=-999.000000	j2_phi=-999.000000	j3_pt=-999.000000	j3_eta=-999.000000	j3_phi=-999.000000	met=26.105679	nel=0.000000	nmu=2.000000
Diff:	n_jets-n_jets=-1.000000	jet_1_pt-jet_1_pt=0.011414	jet_2_pt-jet_2_pt=-1031.533347	jet_2_eta-jet_2_eta=-995.812012	j2_phi-jet_2_phi=-1001.314453	met-MET_pt=-2.192489

--- Event 113269 (DNA:two_jet -> n2p:two_jet/zero_to_one_jet) ---
DNA (two_jet):	event=113269.000000	run=1.000000	luminosityBlock=114.000000	n_jets=3.000000	n_b_jets=0.000000	jet_1_pt=58.380640	jet_1_eta=-0.062683	jet_2_pt=38.846568	jet_2_eta=0.542114	jet_2_phi=1.240723	jet_3_pt=31.068702	jet_3_eta=-1.216797	jet_3_phi=1.755371	MET_pt=32.468086	n_electrons=2.000000	n_muons=0.000000
n2p:	Event not found in two_jet or zero_to_one_jet

--- Event 113703 (DNA:two_jet -> n2p:two_jet/zero_to_one_jet) ---
DNA (two_jet):	event=113703.000000	run=1.000000	luminosityBlock=114.000000	n_jets=2.000000	n_b_jets=0.000000	jet_1_pt=58.471751	jet_1_eta=0.840942	jet_2_pt=31.294167	jet_2_eta=4.027344	jet_2_phi=3.054199	jet_3_pt=-999.000000	jet_3_eta=-999.000000	jet_3_phi=-999.000000	MET_pt=27.578661	n_electrons=0.000000	n_muons=2.000000
n2p (zero_to_one_jet):	event=113703.000000	n_jets=1.000000	nbdfm=0.000000	jet_1_pt=58.464584	jet_1_eta=0.840942	jet_2_pt=-999.000000	jet_2_eta=-999.000000	j2_phi=-999.000000	j3_pt=-999.000000	j3_eta=-999.000000	j3_phi=-999.000000	met=22.452374	nel=0.000000	nmu=2.000000
Diff:	n_jets-n_jets=-1.000000	jet_1_pt-jet_1_pt=-0.007167	jet_2_pt-jet_2_pt=-1030.294167	jet_2_eta-jet_2_eta=-1003.027344	j2_phi-jet_2_phi=-1002.054199	met-MET_pt=-5.126287

--- Event 115157 (DNA:two_jet -> n2p:two_jet/zero_to_one_jet) ---
DNA (two_jet):	event=115157.000000	run=1.000000	luminosityBlock=116.000000	n_jets=2.000000	n_b_jets=0.000000	jet_1_pt=33.608602	jet_1_eta=-3.205078	jet_2_pt=30.708447	jet_2_eta=2.013184	jet_2_phi=-2.174316	jet_3_pt=-999.000000	jet_3_eta=-999.000000	jet_3_phi=-999.000000	MET_pt=66.529459	n_electrons=2.000000	n_muons=0.000000
n2p (zero_to_one_jet):	event=115157.000000	n_jets=1.000000	nbdfm=0.000000	jet_1_pt=30.624498	jet_1_eta=2.013184	jet_2_pt=-999.000000	jet_2_eta=-999.000000	j2_phi=-999.000000	j3_pt=-999.000000	j3_eta=-999.000000	j3_phi=-999.000000	met=57.039078	nel=2.000000	nmu=0.000000
Diff:	n_jets-n_jets=-1.000000	jet_1_pt-jet_1_pt=-2.984103	jet_1_eta-jet_1_eta=5.218262	jet_2_pt-jet_2_pt=-1029.708447	jet_2_eta-jet_2_eta=-1001.013184	j2_phi-jet_2_phi=-996.825684	met-MET_pt=-9.490381

--- Event 115272 (DNA:two_jet -> n2p:two_jet/zero_to_one_jet) ---
DNA (two_jet):	event=115272.000000	run=1.000000	luminosityBlock=116.000000	n_jets=2.000000	n_b_jets=0.000000	jet_1_pt=139.467592	jet_1_eta=0.018932	jet_2_pt=30.164697	jet_2_eta=-3.720215	jet_2_phi=1.658936	jet_3_pt=-999.000000	jet_3_eta=-999.000000	jet_3_phi=-999.000000	MET_pt=24.692858	n_electrons=0.000000	n_muons=2.000000
n2p (zero_to_one_jet):	event=115272.000000	n_jets=1.000000	nbdfm=0.000000	jet_1_pt=139.457657	jet_1_eta=0.018932	jet_2_pt=-999.000000	jet_2_eta=-999.000000	j2_phi=-999.000000	j3_pt=-999.000000	j3_eta=-999.000000	j3_phi=-999.000000	met=22.843710	nel=0.000000	nmu=2.000000
Diff:	n_jets-n_jets=-1.000000	jet_1_pt-jet_1_pt=-0.009935	jet_2_pt-jet_2_pt=-1029.164697	jet_2_eta-jet_2_eta=-995.279785	j2_phi-jet_2_phi=-1000.658936	met-MET_pt=-1.849148

--- Event 116341 (DNA:two_jet -> n2p:two_jet/zero_to_one_jet) ---
DNA (two_jet):	event=116341.000000	run=1.000000	luminosityBlock=117.000000	n_jets=2.000000	n_b_jets=0.000000	jet_1_pt=45.244749	jet_1_eta=-0.713379	jet_2_pt=30.038199	jet_2_eta=-2.411133	jet_2_phi=-0.673950	jet_3_pt=-999.000000	jet_3_eta=-999.000000	jet_3_phi=-999.000000	MET_pt=9.441184	n_electrons=0.000000	n_muons=2.000000
n2p (zero_to_one_jet):	event=116341.000000	n_jets=1.000000	nbdfm=0.000000	jet_1_pt=45.246864	jet_1_eta=-0.713379	jet_2_pt=-999.000000	jet_2_eta=-999.000000	j2_phi=-999.000000	j3_pt=-999.000000	j3_eta=-999.000000	j3_phi=-999.000000	met=7.894859	nel=0.000000	nmu=2.000000
Diff:	n_jets-n_jets=-1.000000	jet_1_pt-jet_1_pt=0.002115	jet_2_pt-jet_2_pt=-1029.038199	jet_2_eta-jet_2_eta=-996.588867	j2_phi-jet_2_phi=-998.326050	met-MET_pt=-1.546325

--- Event 116896 (DNA:two_jet -> n2p:two_jet/zero_to_one_jet) ---
DNA (two_jet):	event=116896.000000	run=1.000000	luminosityBlock=117.000000	n_jets=2.000000	n_b_jets=0.000000	jet_1_pt=86.107952	jet_1_eta=2.838867	jet_2_pt=32.303630	jet_2_eta=-4.083984	jet_2_phi=-1.084473	jet_3_pt=-999.000000	jet_3_eta=-999.000000	jet_3_phi=-999.000000	MET_pt=21.006404	n_electrons=0.000000	n_muons=2.000000
n2p (zero_to_one_jet):	event=116896.000000	n_jets=1.000000	nbdfm=0.000000	jet_1_pt=79.793953	jet_1_eta=2.838867	jet_2_pt=-999.000000	jet_2_eta=-999.000000	j2_phi=-999.000000	j3_pt=-999.000000	j3_eta=-999.000000	j3_phi=-999.000000	met=8.648310	nel=0.000000	nmu=2.000000
Diff:	n_jets-n_jets=-1.000000	jet_1_pt-jet_1_pt=-6.313999	jet_2_pt-jet_2_pt=-1031.303630	jet_2_eta-jet_2_eta=-994.916016	j2_phi-jet_2_phi=-997.915527	met-MET_pt=-12.358094

--- Event 117048 (DNA:two_jet -> n2p:two_jet/zero_to_one_jet) ---
DNA (two_jet):	event=117048.000000	run=1.000000	luminosityBlock=118.000000	n_jets=2.000000	n_b_jets=0.000000	jet_1_pt=34.430858	jet_1_eta=0.967041	jet_2_pt=30.479626	jet_2_eta=3.265625	jet_2_phi=2.792480	jet_3_pt=-999.000000	jet_3_eta=-999.000000	jet_3_phi=-999.000000	MET_pt=15.409281	n_electrons=2.000000	n_muons=0.000000
n2p (zero_to_one_jet):	event=117048.000000	n_jets=1.000000	nbdfm=0.000000	jet_1_pt=34.467194	jet_1_eta=0.967041	jet_2_pt=-999.000000	jet_2_eta=-999.000000	j2_phi=-999.000000	j3_pt=-999.000000	j3_eta=-999.000000	j3_phi=-999.000000	met=17.257624	nel=2.000000	nmu=0.000000
Diff:	n_jets-n_jets=-1.000000	jet_1_pt-jet_1_pt=0.036335	jet_2_pt-jet_2_pt=-1029.479626	jet_2_eta-jet_2_eta=-1002.265625	j2_phi-jet_2_phi=-1001.792480	met-MET_pt=1.848343

--- Event 117642 (DNA:two_jet -> n2p:two_jet/zero_to_one_jet) ---
DNA (two_jet):	event=117642.000000	run=1.000000	luminosityBlock=118.000000	n_jets=2.000000	n_b_jets=0.000000	jet_1_pt=32.386616	jet_1_eta=-1.963135	jet_2_pt=31.374394	jet_2_eta=4.023438	jet_2_phi=-2.101074	jet_3_pt=-999.000000	jet_3_eta=-999.000000	jet_3_phi=-999.000000	MET_pt=8.605593	n_electrons=0.000000	n_muons=2.000000
n2p (zero_to_one_jet):	event=117642.000000	n_jets=1.000000	nbdfm=0.000000	jet_1_pt=32.312553	jet_1_eta=-1.963135	jet_2_pt=-999.000000	jet_2_eta=-999.000000	j2_phi=-999.000000	j3_pt=-999.000000	j3_eta=-999.000000	j3_phi=-999.000000	met=8.615889	nel=0.000000	nmu=2.000000
Diff:	n_jets-n_jets=-1.000000	jet_1_pt-jet_1_pt=-0.074062	jet_2_pt-jet_2_pt=-1030.374394	jet_2_eta-jet_2_eta=-1003.023438	j2_phi-jet_2_phi=-996.898926	met-MET_pt=0.010295

--- Event 118416 (DNA:two_jet -> n2p:two_jet/zero_to_one_jet) ---
DNA (two_jet):	event=118416.000000	run=1.000000	luminosityBlock=119.000000	n_jets=2.000000	n_b_jets=0.000000	jet_1_pt=39.843318	jet_1_eta=1.120850	jet_2_pt=31.213770	jet_2_eta=4.181641	jet_2_phi=1.208252	jet_3_pt=-999.000000	jet_3_eta=-999.000000	jet_3_phi=-999.000000	MET_pt=35.033641	n_electrons=0.000000	n_muons=2.000000
n2p (zero_to_one_jet):	event=118416.000000	n_jets=1.000000	nbdfm=0.000000	jet_1_pt=39.884483	jet_1_eta=1.120850	jet_2_pt=-999.000000	jet_2_eta=-999.000000	j2_phi=-999.000000	j3_pt=-999.000000	j3_eta=-999.000000	j3_phi=-999.000000	met=32.899147	nel=0.000000	nmu=2.000000
Diff:	n_jets-n_jets=-1.000000	jet_1_pt-jet_1_pt=0.041165	jet_2_pt-jet_2_pt=-1030.213770	jet_2_eta-jet_2_eta=-1003.181641	j2_phi-jet_2_phi=-1000.208252	met-MET_pt=-2.134494

--- Event 118504 (DNA:two_jet -> n2p:two_jet/zero_to_one_jet) ---
DNA (two_jet):	event=118504.000000	run=1.000000	luminosityBlock=119.000000	n_jets=2.000000	n_b_jets=0.000000	jet_1_pt=34.652993	jet_1_eta=0.730713	jet_2_pt=34.432142	jet_2_eta=4.099609	jet_2_phi=2.841309	jet_3_pt=-999.000000	jet_3_eta=-999.000000	jet_3_phi=-999.000000	MET_pt=21.560468	n_electrons=2.000000	n_muons=0.000000
n2p (zero_to_one_jet):	event=118504.000000	n_jets=1.000000	nbdfm=0.000000	jet_1_pt=34.668388	jet_1_eta=0.730713	jet_2_pt=-999.000000	jet_2_eta=-999.000000	j2_phi=-999.000000	j3_pt=-999.000000	j3_eta=-999.000000	j3_phi=-999.000000	met=16.868130	nel=2.000000	nmu=0.000000
Diff:	n_jets-n_jets=-1.000000	jet_1_pt-jet_1_pt=0.015395	jet_2_pt-jet_2_pt=-1033.432142	jet_2_eta-jet_2_eta=-1003.099609	j2_phi-jet_2_phi=-1001.841309	met-MET_pt=-4.692339

--- Event 120170 (DNA:two_jet -> n2p:two_jet/zero_to_one_jet) ---
DNA (two_jet):	event=120170.000000	run=1.000000	luminosityBlock=121.000000	n_jets=2.000000	n_b_jets=0.000000	jet_1_pt=48.033524	jet_1_eta=-2.040527	jet_2_pt=31.325881	jet_2_eta=-3.015137	jet_2_phi=-2.128418	jet_3_pt=-999.000000	jet_3_eta=-999.000000	jet_3_phi=-999.000000	MET_pt=80.055360	n_electrons=2.000000	n_muons=0.000000
n2p (zero_to_one_jet):	event=120170.000000	n_jets=1.000000	nbdfm=0.000000	jet_1_pt=47.878963	jet_1_eta=-2.040527	jet_2_pt=-999.000000	jet_2_eta=-999.000000	j2_phi=-999.000000	j3_pt=-999.000000	j3_eta=-999.000000	j3_phi=-999.000000	met=76.812103	nel=2.000000	nmu=0.000000
Diff:	n_jets-n_jets=-1.000000	jet_1_pt-jet_1_pt=-0.154561	jet_2_pt-jet_2_pt=-1030.325881	jet_2_eta-jet_2_eta=-995.984863	j2_phi-jet_2_phi=-996.871582	met-MET_pt=-3.243256

--- Event 121262 (DNA:two_jet -> n2p:two_jet/zero_to_one_jet) ---
DNA (two_jet):	event=121262.000000	run=1.000000	luminosityBlock=122.000000	n_jets=2.000000	n_b_jets=0.000000	jet_1_pt=62.640779	jet_1_eta=0.124664	jet_2_pt=32.877751	jet_2_eta=3.610840	jet_2_phi=-1.416748	jet_3_pt=-999.000000	jet_3_eta=-999.000000	jet_3_phi=-999.000000	MET_pt=27.776491	n_electrons=0.000000	n_muons=2.000000
n2p (zero_to_one_jet):	event=121262.000000	n_jets=1.000000	nbdfm=0.000000	jet_1_pt=62.636223	jet_1_eta=0.124664	jet_2_pt=-999.000000	jet_2_eta=-999.000000	j2_phi=-999.000000	j3_pt=-999.000000	j3_eta=-999.000000	j3_phi=-999.000000	met=27.471823	nel=0.000000	nmu=2.000000
Diff:	n_jets-n_jets=-1.000000	jet_1_pt-jet_1_pt=-0.004556	jet_2_pt-jet_2_pt=-1031.877751	jet_2_eta-jet_2_eta=-1002.610840	j2_phi-jet_2_phi=-997.583252	met-MET_pt=-0.304668

--- Event 124013 (DNA:two_jet -> n2p:two_jet/zero_to_one_jet) ---
DNA (two_jet):	event=124013.000000	run=1.000000	luminosityBlock=125.000000	n_jets=2.000000	n_b_jets=0.000000	jet_1_pt=56.890015	jet_1_eta=1.838379	jet_2_pt=30.396290	jet_2_eta=3.402832	jet_2_phi=-0.008169	jet_3_pt=-999.000000	jet_3_eta=-999.000000	jet_3_phi=-999.000000	MET_pt=27.650409	n_electrons=0.000000	n_muons=2.000000
n2p (zero_to_one_jet):	event=124013.000000	n_jets=1.000000	nbdfm=0.000000	jet_1_pt=56.755177	jet_1_eta=1.838379	jet_2_pt=-999.000000	jet_2_eta=-999.000000	j2_phi=-999.000000	j3_pt=-999.000000	j3_eta=-999.000000	j3_phi=-999.000000	met=25.082039	nel=0.000000	nmu=2.000000
Diff:	n_jets-n_jets=-1.000000	jet_1_pt-jet_1_pt=-0.134839	jet_2_pt-jet_2_pt=-1029.396290	jet_2_eta-jet_2_eta=-1002.402832	j2_phi-jet_2_phi=-998.991831	met-MET_pt=-2.568371

--- Event 125212 (DNA:two_jet -> n2p:two_jet/zero_to_one_jet) ---
DNA (two_jet):	event=125212.000000	run=1.000000	luminosityBlock=126.000000	n_jets=3.000000	n_b_jets=0.000000	jet_1_pt=69.124483	jet_1_eta=-1.564209	jet_2_pt=47.237410	jet_2_eta=-1.203369	jet_2_phi=0.030334	jet_3_pt=30.165669	jet_3_eta=1.663574	jet_3_phi=-1.764404	MET_pt=5.240290	n_electrons=2.000000	n_muons=0.000000
n2p:	Event not found in two_jet or zero_to_one_jet

--- Event 125675 (DNA:two_jet -> n2p:two_jet/zero_to_one_jet) ---
DNA (two_jet):	event=125675.000000	run=1.000000	luminosityBlock=126.000000	n_jets=2.000000	n_b_jets=0.000000	jet_1_pt=66.227169	jet_1_eta=-3.542969	jet_2_pt=31.851769	jet_2_eta=-1.637451	jet_2_phi=2.359375	jet_3_pt=-999.000000	jet_3_eta=-999.000000	jet_3_phi=-999.000000	MET_pt=16.768917	n_electrons=2.000000	n_muons=0.000000
n2p (zero_to_one_jet):	event=125675.000000	n_jets=1.000000	nbdfm=0.000000	jet_1_pt=64.411911	jet_1_eta=-3.542969	jet_2_pt=-999.000000	jet_2_eta=-999.000000	j2_phi=-999.000000	j3_pt=-999.000000	j3_eta=-999.000000	j3_phi=-999.000000	met=16.462971	nel=2.000000	nmu=0.000000
Diff:	n_jets-n_jets=-1.000000	jet_1_pt-jet_1_pt=-1.815258	jet_2_pt-jet_2_pt=-1030.851769	jet_2_eta-jet_2_eta=-997.362549	j2_phi-jet_2_phi=-1001.359375	met-MET_pt=-0.305946

--- Event 126075 (DNA:two_jet -> n2p:two_jet/zero_to_one_jet) ---
DNA (two_jet):	event=126075.000000	run=1.000000	luminosityBlock=127.000000	n_jets=2.000000	n_b_jets=0.000000	jet_1_pt=34.073350	jet_1_eta=2.414551	jet_2_pt=30.302649	jet_2_eta=-3.209473	jet_2_phi=-1.646973	jet_3_pt=-999.000000	jet_3_eta=-999.000000	jet_3_phi=-999.000000	MET_pt=23.826580	n_electrons=2.000000	n_muons=0.000000
n2p (zero_to_one_jet):	event=126075.000000	n_jets=1.000000	nbdfm=0.000000	jet_1_pt=33.516212	jet_1_eta=2.414551	jet_2_pt=-999.000000	jet_2_eta=-999.000000	j2_phi=-999.000000	j3_pt=-999.000000	j3_eta=-999.000000	j3_phi=-999.000000	met=30.244995	nel=2.000000	nmu=0.000000
Diff:	n_jets-n_jets=-1.000000	jet_1_pt-jet_1_pt=-0.557137	jet_2_pt-jet_2_pt=-1029.302649	jet_2_eta-jet_2_eta=-995.790527	j2_phi-jet_2_phi=-997.353027	met-MET_pt=6.418415

--- Event 126210 (DNA:two_jet -> n2p:two_jet/zero_to_one_jet) ---
DNA (two_jet):	event=126210.000000	run=1.000000	luminosityBlock=127.000000	n_jets=2.000000	n_b_jets=0.000000	jet_1_pt=101.962910	jet_1_eta=-0.212341	jet_2_pt=42.893595	jet_2_eta=3.504883	jet_2_phi=-0.828369	jet_3_pt=-999.000000	jet_3_eta=-999.000000	jet_3_phi=-999.000000	MET_pt=26.221193	n_electrons=0.000000	n_muons=2.000000
n2p (zero_to_one_jet):	event=126210.000000	n_jets=1.000000	nbdfm=0.000000	jet_1_pt=101.953033	jet_1_eta=-0.212341	jet_2_pt=-999.000000	jet_2_eta=-999.000000	j2_phi=-999.000000	j3_pt=-999.000000	j3_eta=-999.000000	j3_phi=-999.000000	met=8.637471	nel=0.000000	nmu=2.000000
Diff:	n_jets-n_jets=-1.000000	jet_1_pt-jet_1_pt=-0.009877	jet_2_pt-jet_2_pt=-1041.893595	jet_2_eta-jet_2_eta=-1002.504883	j2_phi-jet_2_phi=-998.171631	met-MET_pt=-17.583721

--- Event 126247 (DNA:two_jet -> n2p:two_jet/zero_to_one_jet) ---
DNA (two_jet):	event=126247.000000	run=1.000000	luminosityBlock=127.000000	n_jets=2.000000	n_b_jets=0.000000	jet_1_pt=489.493746	jet_1_eta=0.857788	jet_2_pt=31.527279	jet_2_eta=3.362793	jet_2_phi=2.789062	jet_3_pt=-999.000000	jet_3_eta=-999.000000	jet_3_phi=-999.000000	MET_pt=45.856322	n_electrons=2.000000	n_muons=0.000000
n2p (zero_to_one_jet):	event=126247.000000	n_jets=1.000000	nbdfm=0.000000	jet_1_pt=489.783783	jet_1_eta=0.857788	jet_2_pt=-999.000000	jet_2_eta=-999.000000	j2_phi=-999.000000	j3_pt=-999.000000	j3_eta=-999.000000	j3_phi=-999.000000	met=45.670128	nel=2.000000	nmu=0.000000
Diff:	n_jets-n_jets=-1.000000	jet_1_pt-jet_1_pt=0.290037	jet_2_pt-jet_2_pt=-1030.527279	jet_2_eta-jet_2_eta=-1002.362793	j2_phi-jet_2_phi=-1001.789062	met-MET_pt=-0.186195

--- Event 127118 (DNA:two_jet -> n2p:two_jet/zero_to_one_jet) ---
DNA (two_jet):	event=127118.000000	run=1.000000	luminosityBlock=128.000000	n_jets=2.000000	n_b_jets=0.000000	jet_1_pt=30.332581	jet_1_eta=-3.709473	jet_2_pt=30.303116	jet_2_eta=-0.587280	jet_2_phi=-1.434814	jet_3_pt=-999.000000	jet_3_eta=-999.000000	jet_3_phi=-999.000000	MET_pt=38.663200	n_electrons=2.000000	n_muons=0.000000
n2p (zero_to_one_jet):	event=127118.000000	n_jets=1.000000	nbdfm=0.000000	jet_1_pt=30.303831	jet_1_eta=-0.587280	jet_2_pt=-999.000000	jet_2_eta=-999.000000	j2_phi=-999.000000	j3_pt=-999.000000	j3_eta=-999.000000	j3_phi=-999.000000	met=36.771629	nel=2.000000	nmu=0.000000
Diff:	n_jets-n_jets=-1.000000	jet_1_pt-jet_1_pt=-0.028750	jet_1_eta-jet_1_eta=3.122192	jet_2_pt-jet_2_pt=-1029.303116	jet_2_eta-jet_2_eta=-998.412720	j2_phi-jet_2_phi=-997.565186	met-MET_pt=-1.891570

--- Event 127305 (DNA:two_jet -> n2p:two_jet/zero_to_one_jet) ---
DNA (two_jet):	event=127305.000000	run=1.000000	luminosityBlock=128.000000	n_jets=2.000000	n_b_jets=0.000000	jet_1_pt=58.436583	jet_1_eta=-0.331787	jet_2_pt=30.002214	jet_2_eta=1.791504	jet_2_phi=-2.237305	jet_3_pt=-999.000000	jet_3_eta=-999.000000	jet_3_phi=-999.000000	MET_pt=26.138783	n_electrons=0.000000	n_muons=2.000000
n2p (zero_to_one_jet):	event=127305.000000	n_jets=1.000000	nbdfm=0.000000	jet_1_pt=58.484364	jet_1_eta=-0.331787	jet_2_pt=-999.000000	jet_2_eta=-999.000000	j2_phi=-999.000000	j3_pt=-999.000000	j3_eta=-999.000000	j3_phi=-999.000000	met=26.150396	nel=0.000000	nmu=2.000000
Diff:	n_jets-n_jets=-1.000000	jet_1_pt-jet_1_pt=0.047781	jet_2_pt-jet_2_pt=-1029.002214	jet_2_eta-jet_2_eta=-1000.791504	j2_phi-jet_2_phi=-996.762695	met-MET_pt=0.011613

--- Event 127550 (DNA:two_jet -> n2p:two_jet/zero_to_one_jet) ---
DNA (two_jet):	event=127550.000000	run=1.000000	luminosityBlock=128.000000	n_jets=2.000000	n_b_jets=0.000000	jet_1_pt=78.320330	jet_1_eta=-0.067978	jet_2_pt=50.218760	jet_2_eta=2.869141	jet_2_phi=-0.737427	jet_3_pt=-999.000000	jet_3_eta=-999.000000	jet_3_phi=-999.000000	MET_pt=33.559378	n_electrons=2.000000	n_muons=0.000000
n2p (zero_to_one_jet):	event=127550.000000	n_jets=1.000000	nbdfm=0.000000	jet_1_pt=78.325699	jet_1_eta=-0.067978	jet_2_pt=-999.000000	jet_2_eta=-999.000000	j2_phi=-999.000000	j3_pt=-999.000000	j3_eta=-999.000000	j3_phi=-999.000000	met=33.429203	nel=2.000000	nmu=0.000000
Diff:	n_jets-n_jets=-1.000000	jet_1_pt-jet_1_pt=0.005369	jet_2_pt-jet_2_pt=-1049.218760	jet_2_eta-jet_2_eta=-1001.869141	j2_phi-jet_2_phi=-998.262573	met-MET_pt=-0.130175

--- Event 127887 (DNA:two_jet -> n2p:two_jet/zero_to_one_jet) ---
DNA (two_jet):	event=127887.000000	run=1.000000	luminosityBlock=128.000000	n_jets=3.000000	n_b_jets=0.000000	jet_1_pt=148.841351	jet_1_eta=-1.207031	jet_2_pt=63.804627	jet_2_eta=3.238281	jet_2_phi=-2.879883	jet_3_pt=51.926439	jet_3_eta=-2.555176	jet_3_phi=-2.582520	MET_pt=53.682319	n_electrons=2.000000	n_muons=0.000000
n2p:	Event not found in two_jet or zero_to_one_jet

--- Event 128741 (DNA:two_jet -> n2p:two_jet/zero_to_one_jet) ---
DNA (two_jet):	event=128741.000000	run=1.000000	luminosityBlock=129.000000	n_jets=2.000000	n_b_jets=0.000000	jet_1_pt=124.278993	jet_1_eta=2.246094	jet_2_pt=30.431156	jet_2_eta=3.533203	jet_2_phi=-0.391174	jet_3_pt=-999.000000	jet_3_eta=-999.000000	jet_3_phi=-999.000000	MET_pt=40.547390	n_electrons=2.000000	n_muons=0.000000
n2p (zero_to_one_jet):	event=128741.000000	n_jets=1.000000	nbdfm=0.000000	jet_1_pt=123.070854	jet_1_eta=2.246094	jet_2_pt=-999.000000	jet_2_eta=-999.000000	j2_phi=-999.000000	j3_pt=-999.000000	j3_eta=-999.000000	j3_phi=-999.000000	met=40.572742	nel=2.000000	nmu=0.000000
Diff:	n_jets-n_jets=-1.000000	jet_1_pt-jet_1_pt=-1.208139	jet_2_pt-jet_2_pt=-1029.431156	jet_2_eta-jet_2_eta=-1002.533203	j2_phi-jet_2_phi=-998.608826	met-MET_pt=0.025352

--- Event 132541 (DNA:two_jet -> n2p:two_jet/zero_to_one_jet) ---
DNA (two_jet):	event=132541.000000	run=1.000000	luminosityBlock=133.000000	n_jets=2.000000	n_b_jets=0.000000	jet_1_pt=33.492917	jet_1_eta=0.896240	jet_2_pt=31.130484	jet_2_eta=-3.045410	jet_2_phi=1.450928	jet_3_pt=-999.000000	jet_3_eta=-999.000000	jet_3_phi=-999.000000	MET_pt=41.496780	n_electrons=2.000000	n_muons=0.000000
n2p (zero_to_one_jet):	event=132541.000000	n_jets=1.000000	nbdfm=0.000000	jet_1_pt=33.487747	jet_1_eta=0.896240	jet_2_pt=-999.000000	jet_2_eta=-999.000000	j2_phi=-999.000000	j3_pt=-999.000000	j3_eta=-999.000000	j3_phi=-999.000000	met=42.016899	nel=2.000000	nmu=0.000000
Diff:	n_jets-n_jets=-1.000000	jet_1_pt-jet_1_pt=-0.005169	jet_2_pt-jet_2_pt=-1030.130484	jet_2_eta-jet_2_eta=-995.954590	j2_phi-jet_2_phi=-1000.450928	met-MET_pt=0.520119

--- Event 134179 (DNA:two_jet -> n2p:two_jet/zero_to_one_jet) ---
DNA (two_jet):	event=134179.000000	run=1.000000	luminosityBlock=135.000000	n_jets=2.000000	n_b_jets=0.000000	jet_1_pt=168.253195	jet_1_eta=2.217285	jet_2_pt=64.211807	jet_2_eta=1.868896	jet_2_phi=3.044434	jet_3_pt=-999.000000	jet_3_eta=-999.000000	jet_3_phi=-999.000000	MET_pt=33.532513	n_electrons=2.000000	n_muons=0.000000
n2p:	Event not found in two_jet or zero_to_one_jet

--- Event 134768 (DNA:two_jet -> n2p:two_jet/zero_to_one_jet) ---
DNA (two_jet):	event=134768.000000	run=1.000000	luminosityBlock=135.000000	n_jets=2.000000	n_b_jets=0.000000	jet_1_pt=35.461429	jet_1_eta=0.776123	jet_2_pt=30.748885	jet_2_eta=-3.752441	jet_2_phi=2.996582	jet_3_pt=-999.000000	jet_3_eta=-999.000000	jet_3_phi=-999.000000	MET_pt=11.840857	n_electrons=0.000000	n_muons=2.000000
n2p (zero_to_one_jet):	event=134768.000000	n_jets=1.000000	nbdfm=0.000000	jet_1_pt=35.476719	jet_1_eta=0.776123	jet_2_pt=-999.000000	jet_2_eta=-999.000000	j2_phi=-999.000000	j3_pt=-999.000000	j3_eta=-999.000000	j3_phi=-999.000000	met=17.359085	nel=0.000000	nmu=2.000000
Diff:	n_jets-n_jets=-1.000000	jet_1_pt-jet_1_pt=0.015290	jet_2_pt-jet_2_pt=-1029.748885	jet_2_eta-jet_2_eta=-995.247559	j2_phi-jet_2_phi=-1001.996582	met-MET_pt=5.518228

--- Event 137095 (DNA:two_jet -> n2p:two_jet/zero_to_one_jet) ---
DNA (two_jet):	event=137095.000000	run=1.000000	luminosityBlock=138.000000	n_jets=2.000000	n_b_jets=0.000000	jet_1_pt=35.736426	jet_1_eta=-0.932495	jet_2_pt=32.882386	jet_2_eta=-4.228516	jet_2_phi=2.964844	jet_3_pt=-999.000000	jet_3_eta=-999.000000	jet_3_phi=-999.000000	MET_pt=59.352391	n_electrons=0.000000	n_muons=2.000000
n2p (zero_to_one_jet):	event=137095.000000	n_jets=1.000000	nbdfm=0.000000	jet_1_pt=35.724735	jet_1_eta=-0.932495	jet_2_pt=-999.000000	jet_2_eta=-999.000000	j2_phi=-999.000000	j3_pt=-999.000000	j3_eta=-999.000000	j3_phi=-999.000000	met=44.773678	nel=0.000000	nmu=2.000000
Diff:	n_jets-n_jets=-1.000000	jet_1_pt-jet_1_pt=-0.011691	jet_2_pt-jet_2_pt=-1031.882386	jet_2_eta-jet_2_eta=-994.771484	j2_phi-jet_2_phi=-1001.964844	met-MET_pt=-14.578713

--- Event 137405 (DNA:two_jet -> n2p:two_jet/zero_to_one_jet) ---
DNA (two_jet):	event=137405.000000	run=1.000000	luminosityBlock=138.000000	n_jets=2.000000	n_b_jets=0.000000	jet_1_pt=112.201851	jet_1_eta=2.218750	jet_2_pt=50.451686	jet_2_eta=-2.773438	jet_2_phi=0.959595	jet_3_pt=-999.000000	jet_3_eta=-999.000000	jet_3_phi=-999.000000	MET_pt=52.281616	n_electrons=0.000000	n_muons=2.000000
n2p (zero_to_one_jet):	event=137405.000000	n_jets=1.000000	nbdfm=0.000000	jet_1_pt=111.136871	jet_1_eta=2.218750	jet_2_pt=-999.000000	jet_2_eta=-999.000000	j2_phi=-999.000000	j3_pt=-999.000000	j3_eta=-999.000000	j3_phi=-999.000000	met=52.235966	nel=0.000000	nmu=2.000000
Diff:	n_jets-n_jets=-1.000000	jet_1_pt-jet_1_pt=-1.064980	jet_2_pt-jet_2_pt=-1049.451686	jet_2_eta-jet_2_eta=-996.226562	j2_phi-jet_2_phi=-999.959595	met-MET_pt=-0.045651

--- Event 139358 (DNA:two_jet -> n2p:two_jet/zero_to_one_jet) ---
DNA (two_jet):	event=139358.000000	run=1.000000	luminosityBlock=140.000000	n_jets=2.000000	n_b_jets=0.000000	jet_1_pt=60.108828	jet_1_eta=-1.502686	jet_2_pt=30.820921	jet_2_eta=4.041992	jet_2_phi=0.786499	jet_3_pt=-999.000000	jet_3_eta=-999.000000	jet_3_phi=-999.000000	MET_pt=27.504403	n_electrons=2.000000	n_muons=0.000000
n2p (zero_to_one_jet):	event=139358.000000	n_jets=1.000000	nbdfm=0.000000	jet_1_pt=60.186855	jet_1_eta=-1.502686	jet_2_pt=-999.000000	jet_2_eta=-999.000000	j2_phi=-999.000000	j3_pt=-999.000000	j3_eta=-999.000000	j3_phi=-999.000000	met=29.873117	nel=2.000000	nmu=0.000000
Diff:	n_jets-n_jets=-1.000000	jet_1_pt-jet_1_pt=0.078027	jet_2_pt-jet_2_pt=-1029.820921	jet_2_eta-jet_2_eta=-1003.041992	j2_phi-jet_2_phi=-999.786499	met-MET_pt=2.368715

--- Event 140399 (DNA:two_jet -> n2p:two_jet/zero_to_one_jet) ---
DNA (two_jet):	event=140399.000000	run=1.000000	luminosityBlock=141.000000	n_jets=2.000000	n_b_jets=0.000000	jet_1_pt=90.819378	jet_1_eta=1.482422	jet_2_pt=31.044942	jet_2_eta=-3.274414	jet_2_phi=2.523438	jet_3_pt=-999.000000	jet_3_eta=-999.000000	jet_3_phi=-999.000000	MET_pt=0.000000	n_electrons=2.000000	n_muons=0.000000
n2p (zero_to_one_jet):	event=140399.000000	n_jets=1.000000	nbdfm=0.000000	jet_1_pt=90.875023	jet_1_eta=1.482422	jet_2_pt=-999.000000	jet_2_eta=-999.000000	j2_phi=-999.000000	j3_pt=-999.000000	j3_eta=-999.000000	j3_phi=-999.000000	met=14.592939	nel=2.000000	nmu=0.000000
Diff:	n_jets-n_jets=-1.000000	jet_1_pt-jet_1_pt=0.055645	jet_2_pt-jet_2_pt=-1030.044942	jet_2_eta-jet_2_eta=-995.725586	j2_phi-jet_2_phi=-1001.523438	met-MET_pt=14.592939

--- Event 142778 (DNA:two_jet -> n2p:two_jet/zero_to_one_jet) ---
DNA (two_jet):	event=142778.000000	run=1.000000	luminosityBlock=143.000000	n_jets=2.000000	n_b_jets=0.000000	jet_1_pt=49.373769	jet_1_eta=3.294434	jet_2_pt=30.097382	jet_2_eta=3.316895	jet_2_phi=2.229492	jet_3_pt=-999.000000	jet_3_eta=-999.000000	jet_3_phi=-999.000000	MET_pt=29.417796	n_electrons=0.000000	n_muons=2.000000
n2p (zero_to_one_jet):	event=142778.000000	n_jets=1.000000	nbdfm=0.000000	jet_1_pt=46.398598	jet_1_eta=3.294434	jet_2_pt=-999.000000	jet_2_eta=-999.000000	j2_phi=-999.000000	j3_pt=-999.000000	j3_eta=-999.000000	j3_phi=-999.000000	met=27.783564	nel=0.000000	nmu=2.000000
Diff:	n_jets-n_jets=-1.000000	jet_1_pt-jet_1_pt=-2.975172	jet_2_pt-jet_2_pt=-1029.097382	jet_2_eta-jet_2_eta=-1002.316895	j2_phi-jet_2_phi=-1001.229492	met-MET_pt=-1.634232

--- Event 142839 (DNA:two_jet -> n2p:two_jet/zero_to_one_jet) ---
DNA (two_jet):	event=142839.000000	run=1.000000	luminosityBlock=143.000000	n_jets=2.000000	n_b_jets=0.000000	jet_1_pt=56.409954	jet_1_eta=-2.864258	jet_2_pt=48.356567	jet_2_eta=-3.399902	jet_2_phi=1.385498	jet_3_pt=-999.000000	jet_3_eta=-999.000000	jet_3_phi=-999.000000	MET_pt=110.559694	n_electrons=2.000000	n_muons=0.000000
n2p:	Event not found in two_jet or zero_to_one_jet

--- Event 142849 (DNA:two_jet -> n2p:two_jet/zero_to_one_jet) ---
DNA (two_jet):	event=142849.000000	run=1.000000	luminosityBlock=143.000000	n_jets=2.000000	n_b_jets=0.000000	jet_1_pt=60.330719	jet_1_eta=1.082520	jet_2_pt=30.196883	jet_2_eta=2.300293	jet_2_phi=-2.742188	jet_3_pt=-999.000000	jet_3_eta=-999.000000	jet_3_phi=-999.000000	MET_pt=21.993896	n_electrons=0.000000	n_muons=2.000000
n2p (zero_to_one_jet):	event=142849.000000	n_jets=1.000000	nbdfm=0.000000	jet_1_pt=60.348240	jet_1_eta=1.082520	jet_2_pt=-999.000000	jet_2_eta=-999.000000	j2_phi=-999.000000	j3_pt=-999.000000	j3_eta=-999.000000	j3_phi=-999.000000	met=21.820444	nel=0.000000	nmu=2.000000
Diff:	n_jets-n_jets=-1.000000	jet_1_pt-jet_1_pt=0.017521	jet_2_pt-jet_2_pt=-1029.196883	jet_2_eta-jet_2_eta=-1001.300293	j2_phi-jet_2_phi=-996.257812	met-MET_pt=-0.173452

--- Event 143180 (DNA:two_jet -> n2p:two_jet/zero_to_one_jet) ---
DNA (two_jet):	event=143180.000000	run=1.000000	luminosityBlock=144.000000	n_jets=2.000000	n_b_jets=0.000000	jet_1_pt=31.783288	jet_1_eta=-0.207275	jet_2_pt=31.044436	jet_2_eta=-3.929199	jet_2_phi=2.833008	jet_3_pt=-999.000000	jet_3_eta=-999.000000	jet_3_phi=-999.000000	MET_pt=24.319562	n_electrons=2.000000	n_muons=0.000000
n2p (zero_to_one_jet):	event=143180.000000	n_jets=1.000000	nbdfm=0.000000	jet_1_pt=31.793303	jet_1_eta=-0.207275	jet_2_pt=-999.000000	jet_2_eta=-999.000000	j2_phi=-999.000000	j3_pt=-999.000000	j3_eta=-999.000000	j3_phi=-999.000000	met=20.735281	nel=2.000000	nmu=0.000000
Diff:	n_jets-n_jets=-1.000000	jet_1_pt-jet_1_pt=0.010015	jet_2_pt-jet_2_pt=-1030.044436	jet_2_eta-jet_2_eta=-995.070801	j2_phi-jet_2_phi=-1001.833008	met-MET_pt=-3.584281

--- Event 144301 (DNA:two_jet -> n2p:two_jet/zero_to_one_jet) ---
DNA (two_jet):	event=144301.000000	run=1.000000	luminosityBlock=145.000000	n_jets=2.000000	n_b_jets=0.000000	jet_1_pt=110.567654	jet_1_eta=-2.484375	jet_2_pt=31.173989	jet_2_eta=3.896484	jet_2_phi=1.310059	jet_3_pt=-999.000000	jet_3_eta=-999.000000	jet_3_phi=-999.000000	MET_pt=19.168540	n_electrons=0.000000	n_muons=2.000000
n2p (zero_to_one_jet):	event=144301.000000	n_jets=1.000000	nbdfm=0.000000	jet_1_pt=109.059128	jet_1_eta=-2.484375	jet_2_pt=-999.000000	jet_2_eta=-999.000000	j2_phi=-999.000000	j3_pt=-999.000000	j3_eta=-999.000000	j3_phi=-999.000000	met=15.106643	nel=0.000000	nmu=2.000000
Diff:	n_jets-n_jets=-1.000000	jet_1_pt-jet_1_pt=-1.508527	jet_2_pt-jet_2_pt=-1030.173989	jet_2_eta-jet_2_eta=-1002.896484	j2_phi-jet_2_phi=-1000.310059	met-MET_pt=-4.061897

--- Event 144439 (DNA:two_jet -> n2p:two_jet/zero_to_one_jet) ---
DNA (two_jet):	event=144439.000000	run=1.000000	luminosityBlock=145.000000	n_jets=2.000000	n_b_jets=0.000000	jet_1_pt=89.346076	jet_1_eta=2.678223	jet_2_pt=30.545011	jet_2_eta=4.059570	jet_2_phi=-1.785400	jet_3_pt=-999.000000	jet_3_eta=-999.000000	jet_3_phi=-999.000000	MET_pt=11.701362	n_electrons=0.000000	n_muons=2.000000
n2p (zero_to_one_jet):	event=144439.000000	n_jets=1.000000	nbdfm=0.000000	jet_1_pt=83.074455	jet_1_eta=2.678223	jet_2_pt=-999.000000	jet_2_eta=-999.000000	j2_phi=-999.000000	j3_pt=-999.000000	j3_eta=-999.000000	j3_phi=-999.000000	met=8.737773	nel=0.000000	nmu=2.000000
Diff:	n_jets-n_jets=-1.000000	jet_1_pt-jet_1_pt=-6.271621	jet_2_pt-jet_2_pt=-1029.545011	jet_2_eta-jet_2_eta=-1003.059570	j2_phi-jet_2_phi=-997.214600	met-MET_pt=-2.963589

--- Event 146103 (DNA:two_jet -> n2p:two_jet/zero_to_one_jet) ---
DNA (two_jet):	event=146103.000000	run=1.000000	luminosityBlock=147.000000	n_jets=2.000000	n_b_jets=0.000000	jet_1_pt=52.799201	jet_1_eta=0.599609	jet_2_pt=32.934838	jet_2_eta=3.786133	jet_2_phi=-3.099609	jet_3_pt=-999.000000	jet_3_eta=-999.000000	jet_3_phi=-999.000000	MET_pt=15.949072	n_electrons=0.000000	n_muons=2.000000
n2p (zero_to_one_jet):	event=146103.000000	n_jets=1.000000	nbdfm=0.000000	jet_1_pt=52.817238	jet_1_eta=0.599609	jet_2_pt=-999.000000	jet_2_eta=-999.000000	j2_phi=-999.000000	j3_pt=-999.000000	j3_eta=-999.000000	j3_phi=-999.000000	met=4.958416	nel=0.000000	nmu=2.000000
Diff:	n_jets-n_jets=-1.000000	jet_1_pt-jet_1_pt=0.018037	jet_2_pt-jet_2_pt=-1031.934838	jet_2_eta-jet_2_eta=-1002.786133	j2_phi-jet_2_phi=-995.900391	met-MET_pt=-10.990656

--- Event 146360 (DNA:two_jet -> n2p:two_jet/zero_to_one_jet) ---
DNA (two_jet):	event=146360.000000	run=1.000000	luminosityBlock=147.000000	n_jets=2.000000	n_b_jets=0.000000	jet_1_pt=34.546809	jet_1_eta=0.031754	jet_2_pt=31.005221	jet_2_eta=3.866699	jet_2_phi=2.247559	jet_3_pt=-999.000000	jet_3_eta=-999.000000	jet_3_phi=-999.000000	MET_pt=58.022965	n_electrons=2.000000	n_muons=0.000000
n2p (zero_to_one_jet):	event=146360.000000	n_jets=1.000000	nbdfm=0.000000	jet_1_pt=34.553425	jet_1_eta=0.031754	jet_2_pt=-999.000000	jet_2_eta=-999.000000	j2_phi=-999.000000	j3_pt=-999.000000	j3_eta=-999.000000	j3_phi=-999.000000	met=56.467854	nel=2.000000	nmu=0.000000
Diff:	n_jets-n_jets=-1.000000	jet_1_pt-jet_1_pt=0.006616	jet_2_pt-jet_2_pt=-1030.005221	jet_2_eta-jet_2_eta=-1002.866699	j2_phi-jet_2_phi=-1001.247559	met-MET_pt=-1.555112

--- Event 147287 (DNA:two_jet -> n2p:two_jet/zero_to_one_jet) ---
DNA (two_jet):	event=147287.000000	run=1.000000	luminosityBlock=148.000000	n_jets=2.000000	n_b_jets=0.000000	jet_1_pt=34.436870	jet_1_eta=-3.662109	jet_2_pt=33.737996	jet_2_eta=0.146301	jet_2_phi=1.053223	jet_3_pt=-999.000000	jet_3_eta=-999.000000	jet_3_phi=-999.000000	MET_pt=15.787317	n_electrons=2.000000	n_muons=0.000000
n2p (zero_to_one_jet):	event=147287.000000	n_jets=1.000000	nbdfm=0.000000	jet_1_pt=33.721935	jet_1_eta=0.146301	jet_2_pt=-999.000000	jet_2_eta=-999.000000	j2_phi=-999.000000	j3_pt=-999.000000	j3_eta=-999.000000	j3_phi=-999.000000	met=11.995332	nel=2.000000	nmu=0.000000
Diff:	n_jets-n_jets=-1.000000	jet_1_pt-jet_1_pt=-0.714935	jet_1_eta-jet_1_eta=3.808411	jet_2_pt-jet_2_pt=-1032.737996	jet_2_eta-jet_2_eta=-999.146301	j2_phi-jet_2_phi=-1000.053223	met-MET_pt=-3.791985

--- Event 147507 (DNA:two_jet -> n2p:two_jet/zero_to_one_jet) ---
DNA (two_jet):	event=147507.000000	run=1.000000	luminosityBlock=148.000000	n_jets=2.000000	n_b_jets=0.000000	jet_1_pt=55.863043	jet_1_eta=3.359863	jet_2_pt=30.532752	jet_2_eta=-1.537109	jet_2_phi=2.618652	jet_3_pt=-999.000000	jet_3_eta=-999.000000	jet_3_phi=-999.000000	MET_pt=32.592411	n_electrons=2.000000	n_muons=0.000000
n2p:	Event not found in two_jet or zero_to_one_jet

--- Event 149086 (DNA:two_jet -> n2p:two_jet/zero_to_one_jet) ---
DNA (two_jet):	event=149086.000000	run=1.000000	luminosityBlock=150.000000	n_jets=2.000000	n_b_jets=0.000000	jet_1_pt=52.589521	jet_1_eta=-2.101074	jet_2_pt=34.535860	jet_2_eta=3.858398	jet_2_phi=-2.927246	jet_3_pt=-999.000000	jet_3_eta=-999.000000	jet_3_phi=-999.000000	MET_pt=22.177600	n_electrons=2.000000	n_muons=0.000000
n2p (zero_to_one_jet):	event=149086.000000	n_jets=1.000000	nbdfm=0.000000	jet_1_pt=34.407532	jet_1_eta=3.858398	jet_2_pt=-999.000000	jet_2_eta=-999.000000	j2_phi=-999.000000	j3_pt=-999.000000	j3_eta=-999.000000	j3_phi=-999.000000	met=21.865299	nel=2.000000	nmu=0.000000
Diff:	n_jets-n_jets=-1.000000	jet_1_pt-jet_1_pt=-18.181989	jet_1_eta-jet_1_eta=5.959473	jet_2_pt-jet_2_pt=-1033.535860	jet_2_eta-jet_2_eta=-1002.858398	j2_phi-jet_2_phi=-996.072754	met-MET_pt=-0.312301

--- Event 149256 (DNA:two_jet -> n2p:two_jet/zero_to_one_jet) ---
DNA (two_jet):	event=149256.000000	run=1.000000	luminosityBlock=150.000000	n_jets=2.000000	n_b_jets=0.000000	jet_1_pt=67.327943	jet_1_eta=-0.761230	jet_2_pt=31.200771	jet_2_eta=-4.179688	jet_2_phi=-2.491699	jet_3_pt=-999.000000	jet_3_eta=-999.000000	jet_3_phi=-999.000000	MET_pt=20.054074	n_electrons=0.000000	n_muons=2.000000
n2p (zero_to_one_jet):	event=149256.000000	n_jets=1.000000	nbdfm=0.000000	jet_1_pt=67.306236	jet_1_eta=-0.761230	jet_2_pt=-999.000000	jet_2_eta=-999.000000	j2_phi=-999.000000	j3_pt=-999.000000	j3_eta=-999.000000	j3_phi=-999.000000	met=16.061182	nel=0.000000	nmu=2.000000
Diff:	n_jets-n_jets=-1.000000	jet_1_pt-jet_1_pt=-0.021707	jet_2_pt-jet_2_pt=-1030.200771	jet_2_eta-jet_2_eta=-994.820312	j2_phi-jet_2_phi=-996.508301	met-MET_pt=-3.992892

--- Event 149365 (DNA:two_jet -> n2p:two_jet/zero_to_one_jet) ---
DNA (two_jet):	event=149365.000000	run=1.000000	luminosityBlock=150.000000	n_jets=2.000000	n_b_jets=0.000000	jet_1_pt=72.685423	jet_1_eta=-0.790283	jet_2_pt=37.094416	jet_2_eta=0.176453	jet_2_phi=0.874146	jet_3_pt=-999.000000	jet_3_eta=-999.000000	jet_3_phi=-999.000000	MET_pt=35.559197	n_electrons=2.000000	n_muons=0.000000
n2p:	Event not found in two_jet or zero_to_one_jet

--- Event 150724 (DNA:two_jet -> n2p:two_jet/zero_to_one_jet) ---
DNA (two_jet):	event=150724.000000	run=1.000000	luminosityBlock=151.000000	n_jets=2.000000	n_b_jets=0.000000	jet_1_pt=201.882887	jet_1_eta=1.359131	jet_2_pt=30.502586	jet_2_eta=0.996460	jet_2_phi=-2.306152	jet_3_pt=-999.000000	jet_3_eta=-999.000000	jet_3_phi=-999.000000	MET_pt=18.783296	n_electrons=0.000000	n_muons=2.000000
n2p (zero_to_one_jet):	event=150724.000000	n_jets=1.000000	nbdfm=0.000000	jet_1_pt=201.599060	jet_1_eta=1.359131	jet_2_pt=-999.000000	jet_2_eta=-999.000000	j2_phi=-999.000000	j3_pt=-999.000000	j3_eta=-999.000000	j3_phi=-999.000000	met=17.711523	nel=0.000000	nmu=2.000000
Diff:	n_jets-n_jets=-1.000000	jet_1_pt-jet_1_pt=-0.283827	jet_2_pt-jet_2_pt=-1029.502586	jet_2_eta-jet_2_eta=-999.996460	j2_phi-jet_2_phi=-996.693848	met-MET_pt=-1.071773

--- Event 152118 (DNA:two_jet -> n2p:two_jet/zero_to_one_jet) ---
DNA (two_jet):	event=152118.000000	run=1.000000	luminosityBlock=153.000000	n_jets=2.000000	n_b_jets=0.000000	jet_1_pt=84.988167	jet_1_eta=1.160400	jet_2_pt=30.603984	jet_2_eta=3.552246	jet_2_phi=-1.605469	jet_3_pt=-999.000000	jet_3_eta=-999.000000	jet_3_phi=-999.000000	MET_pt=13.273765	n_electrons=0.000000	n_muons=2.000000
n2p (zero_to_one_jet):	event=152118.000000	n_jets=1.000000	nbdfm=0.000000	jet_1_pt=84.929153	jet_1_eta=1.160400	jet_2_pt=-999.000000	jet_2_eta=-999.000000	j2_phi=-999.000000	j3_pt=-999.000000	j3_eta=-999.000000	j3_phi=-999.000000	met=16.491674	nel=0.000000	nmu=2.000000
Diff:	n_jets-n_jets=-1.000000	jet_1_pt-jet_1_pt=-0.059014	jet_2_pt-jet_2_pt=-1029.603984	jet_2_eta-jet_2_eta=-1002.552246	j2_phi-jet_2_phi=-997.394531	met-MET_pt=3.217909

--- Event 152304 (DNA:two_jet -> n2p:two_jet/zero_to_one_jet) ---
DNA (two_jet):	event=152304.000000	run=1.000000	luminosityBlock=153.000000	n_jets=2.000000	n_b_jets=0.000000	jet_1_pt=45.166589	jet_1_eta=2.415527	jet_2_pt=30.705625	jet_2_eta=3.576660	jet_2_phi=-2.795410	jet_3_pt=-999.000000	jet_3_eta=-999.000000	jet_3_phi=-999.000000	MET_pt=0.000000	n_electrons=0.000000	n_muons=2.000000
n2p (zero_to_one_jet):	event=152304.000000	n_jets=1.000000	nbdfm=0.000000	jet_1_pt=44.419434	jet_1_eta=2.415527	jet_2_pt=-999.000000	jet_2_eta=-999.000000	j2_phi=-999.000000	j3_pt=-999.000000	j3_eta=-999.000000	j3_phi=-999.000000	met=72.290405	nel=0.000000	nmu=2.000000
Diff:	n_jets-n_jets=-1.000000	jet_1_pt-jet_1_pt=-0.747156	jet_2_pt-jet_2_pt=-1029.705625	jet_2_eta-jet_2_eta=-1002.576660	j2_phi-jet_2_phi=-996.204590	met-MET_pt=72.290405

--- Event 152379 (DNA:two_jet -> n2p:two_jet/zero_to_one_jet) ---
DNA (two_jet):	event=152379.000000	run=1.000000	luminosityBlock=153.000000	n_jets=2.000000	n_b_jets=0.000000	jet_1_pt=99.710742	jet_1_eta=-0.847290	jet_2_pt=38.540742	jet_2_eta=0.834106	jet_2_phi=0.490234	jet_3_pt=-999.000000	jet_3_eta=-999.000000	jet_3_phi=-999.000000	MET_pt=19.961766	n_electrons=0.000000	n_muons=2.000000
n2p:	Event not found in two_jet or zero_to_one_jet

--- Event 152397 (DNA:two_jet -> n2p:two_jet/zero_to_one_jet) ---
DNA (two_jet):	event=152397.000000	run=1.000000	luminosityBlock=153.000000	n_jets=2.000000	n_b_jets=0.000000	jet_1_pt=42.070613	jet_1_eta=3.760254	jet_2_pt=36.273201	jet_2_eta=-4.322266	jet_2_phi=-2.880859	jet_3_pt=-999.000000	jet_3_eta=-999.000000	jet_3_phi=-999.000000	MET_pt=18.168291	n_electrons=2.000000	n_muons=0.000000
n2p (zero_to_one_jet):	event=152397.000000	n_jets=1.000000	nbdfm=0.000000	jet_1_pt=40.520947	jet_1_eta=3.760254	jet_2_pt=-999.000000	jet_2_eta=-999.000000	j2_phi=-999.000000	j3_pt=-999.000000	j3_eta=-999.000000	j3_phi=-999.000000	met=19.125431	nel=2.000000	nmu=0.000000
Diff:	n_jets-n_jets=-1.000000	jet_1_pt-jet_1_pt=-1.549667	jet_2_pt-jet_2_pt=-1035.273201	jet_2_eta-jet_2_eta=-994.677734	j2_phi-jet_2_phi=-996.119141	met-MET_pt=0.957140

--- Event 154227 (DNA:two_jet -> n2p:two_jet/zero_to_one_jet) ---
DNA (two_jet):	event=154227.000000	run=1.000000	luminosityBlock=155.000000	n_jets=2.000000	n_b_jets=0.000000	jet_1_pt=51.332467	jet_1_eta=3.178223	jet_2_pt=31.886713	jet_2_eta=3.383789	jet_2_phi=3.054199	jet_3_pt=-999.000000	jet_3_eta=-999.000000	jet_3_phi=-999.000000	MET_pt=29.510840	n_electrons=2.000000	n_muons=0.000000
n2p:	Event not found in two_jet or zero_to_one_jet

--- Event 156150 (DNA:two_jet -> n2p:two_jet/zero_to_one_jet) ---
DNA (two_jet):	event=156150.000000	run=1.000000	luminosityBlock=157.000000	n_jets=2.000000	n_b_jets=0.000000	jet_1_pt=47.177747	jet_1_eta=-0.491333	jet_2_pt=32.115149	jet_2_eta=4.059570	jet_2_phi=-0.482422	jet_3_pt=-999.000000	jet_3_eta=-999.000000	jet_3_phi=-999.000000	MET_pt=15.363209	n_electrons=0.000000	n_muons=2.000000
n2p (zero_to_one_jet):	event=156150.000000	n_jets=1.000000	nbdfm=0.000000	jet_1_pt=47.193081	jet_1_eta=-0.491333	jet_2_pt=-999.000000	jet_2_eta=-999.000000	j2_phi=-999.000000	j3_pt=-999.000000	j3_eta=-999.000000	j3_phi=-999.000000	met=16.869120	nel=0.000000	nmu=2.000000
Diff:	n_jets-n_jets=-1.000000	jet_1_pt-jet_1_pt=0.015334	jet_2_pt-jet_2_pt=-1031.115149	jet_2_eta-jet_2_eta=-1003.059570	j2_phi-jet_2_phi=-998.517578	met-MET_pt=1.505911

--- Event 156507 (DNA:two_jet -> n2p:two_jet/zero_to_one_jet) ---
DNA (two_jet):	event=156507.000000	run=1.000000	luminosityBlock=157.000000	n_jets=2.000000	n_b_jets=0.000000	jet_1_pt=53.027302	jet_1_eta=3.122559	jet_2_pt=30.018113	jet_2_eta=2.350098	jet_2_phi=-1.253906	jet_3_pt=-999.000000	jet_3_eta=-999.000000	jet_3_phi=-999.000000	MET_pt=46.662241	n_electrons=0.000000	n_muons=2.000000
n2p (zero_to_one_jet):	event=156507.000000	n_jets=1.000000	nbdfm=0.000000	jet_1_pt=48.940498	jet_1_eta=3.122559	jet_2_pt=-999.000000	jet_2_eta=-999.000000	j2_phi=-999.000000	j3_pt=-999.000000	j3_eta=-999.000000	j3_phi=-999.000000	met=43.099457	nel=0.000000	nmu=2.000000
Diff:	n_jets-n_jets=-1.000000	jet_1_pt-jet_1_pt=-4.086803	jet_2_pt-jet_2_pt=-1029.018113	jet_2_eta-jet_2_eta=-1001.350098	j2_phi-jet_2_phi=-997.746094	met-MET_pt=-3.562784

--- Event 156813 (DNA:two_jet -> n2p:two_jet/zero_to_one_jet) ---
DNA (two_jet):	event=156813.000000	run=1.000000	luminosityBlock=157.000000	n_jets=2.000000	n_b_jets=0.000000	jet_1_pt=50.407213	jet_1_eta=-2.534180	jet_2_pt=32.917891	jet_2_eta=1.150391	jet_2_phi=-1.838379	jet_3_pt=-999.000000	jet_3_eta=-999.000000	jet_3_phi=-999.000000	MET_pt=14.344388	n_electrons=0.000000	n_muons=2.000000
n2p (zero_to_one_jet):	event=156813.000000	n_jets=1.000000	nbdfm=0.000000	jet_1_pt=33.043312	jet_1_eta=1.150391	jet_2_pt=-999.000000	jet_2_eta=-999.000000	j2_phi=-999.000000	j3_pt=-999.000000	j3_eta=-999.000000	j3_phi=-999.000000	met=15.076553	nel=0.000000	nmu=2.000000
Diff:	n_jets-n_jets=-1.000000	jet_1_pt-jet_1_pt=-17.363901	jet_1_eta-jet_1_eta=3.684570	jet_2_pt-jet_2_pt=-1031.917891	jet_2_eta-jet_2_eta=-1000.150391	j2_phi-jet_2_phi=-997.161621	met-MET_pt=0.732166

--- Event 157338 (DNA:two_jet -> n2p:two_jet/zero_to_one_jet) ---
DNA (two_jet):	event=157338.000000	run=1.000000	luminosityBlock=158.000000	n_jets=2.000000	n_b_jets=0.000000	jet_1_pt=44.977288	jet_1_eta=-0.507202	jet_2_pt=30.169755	jet_2_eta=4.212891	jet_2_phi=0.437317	jet_3_pt=-999.000000	jet_3_eta=-999.000000	jet_3_phi=-999.000000	MET_pt=60.279870	n_electrons=0.000000	n_muons=2.000000
n2p (zero_to_one_jet):	event=157338.000000	n_jets=1.000000	nbdfm=0.000000	jet_1_pt=44.904789	jet_1_eta=-0.507202	jet_2_pt=-999.000000	jet_2_eta=-999.000000	j2_phi=-999.000000	j3_pt=-999.000000	j3_eta=-999.000000	j3_phi=-999.000000	met=56.484684	nel=0.000000	nmu=2.000000
Diff:	n_jets-n_jets=-1.000000	jet_1_pt-jet_1_pt=-0.072499	jet_2_pt-jet_2_pt=-1029.169755	jet_2_eta-jet_2_eta=-1003.212891	j2_phi-jet_2_phi=-999.437317	met-MET_pt=-3.795186

--- Event 157742 (DNA:two_jet -> n2p:two_jet/zero_to_one_jet) ---
DNA (two_jet):	event=157742.000000	run=1.000000	luminosityBlock=158.000000	n_jets=2.000000	n_b_jets=0.000000	jet_1_pt=41.084699	jet_1_eta=-0.100311	jet_2_pt=31.747576	jet_2_eta=-4.452148	jet_2_phi=-3.098145	jet_3_pt=-999.000000	jet_3_eta=-999.000000	jet_3_phi=-999.000000	MET_pt=19.659773	n_electrons=0.000000	n_muons=2.000000
n2p (zero_to_one_jet):	event=157742.000000	n_jets=1.000000	nbdfm=0.000000	jet_1_pt=41.105034	jet_1_eta=-0.100311	jet_2_pt=-999.000000	jet_2_eta=-999.000000	j2_phi=-999.000000	j3_pt=-999.000000	j3_eta=-999.000000	j3_phi=-999.000000	met=17.536392	nel=0.000000	nmu=2.000000
Diff:	n_jets-n_jets=-1.000000	jet_1_pt-jet_1_pt=0.020335	jet_2_pt-jet_2_pt=-1030.747576	jet_2_eta-jet_2_eta=-994.547852	j2_phi-jet_2_phi=-995.901855	met-MET_pt=-2.123381

--- Event 157761 (DNA:two_jet -> n2p:two_jet/zero_to_one_jet) ---
DNA (two_jet):	event=157761.000000	run=1.000000	luminosityBlock=158.000000	n_jets=2.000000	n_b_jets=0.000000	jet_1_pt=141.653446	jet_1_eta=-1.391602	jet_2_pt=30.212620	jet_2_eta=-3.696289	jet_2_phi=1.309814	jet_3_pt=-999.000000	jet_3_eta=-999.000000	jet_3_phi=-999.000000	MET_pt=135.262833	n_electrons=0.000000	n_muons=2.000000
n2p (zero_to_one_jet):	event=157761.000000	n_jets=1.000000	nbdfm=0.000000	jet_1_pt=54.522598	jet_1_eta=-1.391602	jet_2_pt=-999.000000	jet_2_eta=-999.000000	j2_phi=-999.000000	j3_pt=-999.000000	j3_eta=-999.000000	j3_phi=-999.000000	met=56.818737	nel=0.000000	nmu=2.000000
Diff:	n_jets-n_jets=-1.000000	jet_1_pt-jet_1_pt=-87.130848	jet_2_pt-jet_2_pt=-1029.212620	jet_2_eta-jet_2_eta=-995.303711	j2_phi-jet_2_phi=-1000.309814	met-MET_pt=-78.444096

--- Event 159508 (DNA:two_jet -> n2p:two_jet/zero_to_one_jet) ---
DNA (two_jet):	event=159508.000000	run=1.000000	luminosityBlock=160.000000	n_jets=2.000000	n_b_jets=0.000000	jet_1_pt=39.616982	jet_1_eta=1.252930	jet_2_pt=30.269326	jet_2_eta=-3.965332	jet_2_phi=2.658691	jet_3_pt=-999.000000	jet_3_eta=-999.000000	jet_3_phi=-999.000000	MET_pt=8.329996	n_electrons=2.000000	n_muons=0.000000
n2p (zero_to_one_jet):	event=159508.000000	n_jets=1.000000	nbdfm=0.000000	jet_1_pt=39.673759	jet_1_eta=1.252930	jet_2_pt=-999.000000	jet_2_eta=-999.000000	j2_phi=-999.000000	j3_pt=-999.000000	j3_eta=-999.000000	j3_phi=-999.000000	met=9.193008	nel=2.000000	nmu=0.000000
Diff:	n_jets-n_jets=-1.000000	jet_1_pt-jet_1_pt=0.056777	jet_2_pt-jet_2_pt=-1029.269326	jet_2_eta-jet_2_eta=-995.034668	j2_phi-jet_2_phi=-1001.658691	met-MET_pt=0.863012

--- Event 159771 (DNA:two_jet -> n2p:two_jet/zero_to_one_jet) ---
DNA (two_jet):	event=159771.000000	run=1.000000	luminosityBlock=160.000000	n_jets=2.000000	n_b_jets=0.000000	jet_1_pt=87.745912	jet_1_eta=1.498779	jet_2_pt=30.308588	jet_2_eta=4.097656	jet_2_phi=0.720825	jet_3_pt=-999.000000	jet_3_eta=-999.000000	jet_3_phi=-999.000000	MET_pt=17.260691	n_electrons=0.000000	n_muons=2.000000
n2p (zero_to_one_jet):	event=159771.000000	n_jets=1.000000	nbdfm=0.000000	jet_1_pt=96.993271	jet_1_eta=1.498779	jet_2_pt=-999.000000	jet_2_eta=-999.000000	j2_phi=-999.000000	j3_pt=-999.000000	j3_eta=-999.000000	j3_phi=-999.000000	met=30.981735	nel=0.000000	nmu=2.000000
Diff:	n_jets-n_jets=-1.000000	jet_1_pt-jet_1_pt=9.247359	jet_2_pt-jet_2_pt=-1029.308588	jet_2_eta-jet_2_eta=-1003.097656	j2_phi-jet_2_phi=-999.720825	met-MET_pt=13.721044

--- Event 160881 (DNA:two_jet -> n2p:two_jet/zero_to_one_jet) ---
DNA (two_jet):	event=160881.000000	run=1.000000	luminosityBlock=161.000000	n_jets=2.000000	n_b_jets=0.000000	jet_1_pt=131.296847	jet_1_eta=-2.094238	jet_2_pt=75.571229	jet_2_eta=1.816650	jet_2_phi=0.271912	jet_3_pt=-999.000000	jet_3_eta=-999.000000	jet_3_phi=-999.000000	MET_pt=75.455125	n_electrons=2.000000	n_muons=0.000000
n2p:	Event not found in two_jet or zero_to_one_jet

--- Event 161635 (DNA:two_jet -> n2p:two_jet/zero_to_one_jet) ---
DNA (two_jet):	event=161635.000000	run=1.000000	luminosityBlock=162.000000	n_jets=2.000000	n_b_jets=0.000000	jet_1_pt=73.646968	jet_1_eta=-1.522461	jet_2_pt=52.760449	jet_2_eta=2.703125	jet_2_phi=-3.127930	jet_3_pt=-999.000000	jet_3_eta=-999.000000	jet_3_phi=-999.000000	MET_pt=42.204444	n_electrons=0.000000	n_muons=2.000000
n2p (zero_to_one_jet):	event=161635.000000	n_jets=1.000000	nbdfm=0.000000	jet_1_pt=73.725243	jet_1_eta=-1.522461	jet_2_pt=-999.000000	jet_2_eta=-999.000000	j2_phi=-999.000000	j3_pt=-999.000000	j3_eta=-999.000000	j3_phi=-999.000000	met=35.972427	nel=0.000000	nmu=2.000000
Diff:	n_jets-n_jets=-1.000000	jet_1_pt-jet_1_pt=0.078275	jet_2_pt-jet_2_pt=-1051.760449	jet_2_eta-jet_2_eta=-1001.703125	j2_phi-jet_2_phi=-995.872070	met-MET_pt=-6.232016

--- Event 161857 (DNA:two_jet -> n2p:two_jet/zero_to_one_jet) ---
DNA (two_jet):	event=161857.000000	run=1.000000	luminosityBlock=162.000000	n_jets=2.000000	n_b_jets=0.000000	jet_1_pt=61.288567	jet_1_eta=0.805054	jet_2_pt=30.707562	jet_2_eta=4.286133	jet_2_phi=-2.118652	jet_3_pt=-999.000000	jet_3_eta=-999.000000	jet_3_phi=-999.000000	MET_pt=10.473619	n_electrons=0.000000	n_muons=2.000000
n2p (zero_to_one_jet):	event=161857.000000	n_jets=1.000000	nbdfm=0.000000	jet_1_pt=61.277538	jet_1_eta=0.805054	jet_2_pt=-999.000000	jet_2_eta=-999.000000	j2_phi=-999.000000	j3_pt=-999.000000	j3_eta=-999.000000	j3_phi=-999.000000	met=9.567698	nel=0.000000	nmu=2.000000
Diff:	n_jets-n_jets=-1.000000	jet_1_pt-jet_1_pt=-0.011029	jet_2_pt-jet_2_pt=-1029.707562	jet_2_eta-jet_2_eta=-1003.286133	j2_phi-jet_2_phi=-996.881348	met-MET_pt=-0.905920

--- Event 161955 (DNA:two_jet -> n2p:two_jet/zero_to_one_jet) ---
DNA (two_jet):	event=161955.000000	run=1.000000	luminosityBlock=162.000000	n_jets=2.000000	n_b_jets=0.000000	jet_1_pt=47.569248	jet_1_eta=3.024414	jet_2_pt=38.898399	jet_2_eta=-1.285889	jet_2_phi=-0.643433	jet_3_pt=-999.000000	jet_3_eta=-999.000000	jet_3_phi=-999.000000	MET_pt=66.764980	n_electrons=0.000000	n_muons=2.000000
n2p (zero_to_one_jet):	event=161955.000000	n_jets=1.000000	nbdfm=0.000000	jet_1_pt=38.968739	jet_1_eta=-1.285889	jet_2_pt=-999.000000	jet_2_eta=-999.000000	j2_phi=-999.000000	j3_pt=-999.000000	j3_eta=-999.000000	j3_phi=-999.000000	met=47.330704	nel=0.000000	nmu=2.000000
Diff:	n_jets-n_jets=-1.000000	jet_1_pt-jet_1_pt=-8.600509	jet_1_eta-jet_1_eta=-4.310303	jet_2_pt-jet_2_pt=-1037.898399	jet_2_eta-jet_2_eta=-997.714111	j2_phi-jet_2_phi=-998.356567	met-MET_pt=-19.434276

--- Event 163158 (DNA:two_jet -> n2p:two_jet/zero_to_one_jet) ---
DNA (two_jet):	event=163158.000000	run=1.000000	luminosityBlock=164.000000	n_jets=2.000000	n_b_jets=0.000000	jet_1_pt=52.697303	jet_1_eta=-2.832520	jet_2_pt=39.587655	jet_2_eta=2.152832	jet_2_phi=-0.746704	jet_3_pt=-999.000000	jet_3_eta=-999.000000	jet_3_phi=-999.000000	MET_pt=19.629958	n_electrons=2.000000	n_muons=0.000000
n2p (zero_to_one_jet):	event=163158.000000	n_jets=1.000000	nbdfm=0.000000	jet_1_pt=39.450157	jet_1_eta=2.152832	jet_2_pt=-999.000000	jet_2_eta=-999.000000	j2_phi=-999.000000	j3_pt=-999.000000	j3_eta=-999.000000	j3_phi=-999.000000	met=24.564213	nel=2.000000	nmu=0.000000
Diff:	n_jets-n_jets=-1.000000	jet_1_pt-jet_1_pt=-13.247146	jet_1_eta-jet_1_eta=4.985352	jet_2_pt-jet_2_pt=-1038.587655	jet_2_eta-jet_2_eta=-1001.152832	j2_phi-jet_2_phi=-998.253296	met-MET_pt=4.934255

--- Event 163167 (DNA:two_jet -> n2p:two_jet/zero_to_one_jet) ---
DNA (two_jet):	event=163167.000000	run=1.000000	luminosityBlock=164.000000	n_jets=2.000000	n_b_jets=0.000000	jet_1_pt=44.486334	jet_1_eta=0.676758	jet_2_pt=30.009779	jet_2_eta=-2.152344	jet_2_phi=0.534668	jet_3_pt=-999.000000	jet_3_eta=-999.000000	jet_3_phi=-999.000000	MET_pt=46.087476	n_electrons=0.000000	n_muons=2.000000
n2p (zero_to_one_jet):	event=163167.000000	n_jets=1.000000	nbdfm=0.000000	jet_1_pt=44.504047	jet_1_eta=0.676758	jet_2_pt=-999.000000	jet_2_eta=-999.000000	j2_phi=-999.000000	j3_pt=-999.000000	j3_eta=-999.000000	j3_phi=-999.000000	met=43.257748	nel=0.000000	nmu=2.000000
Diff:	n_jets-n_jets=-1.000000	jet_1_pt-jet_1_pt=0.017713	jet_2_pt-jet_2_pt=-1029.009779	jet_2_eta-jet_2_eta=-996.847656	j2_phi-jet_2_phi=-999.534668	met-MET_pt=-2.829728

--- Event 163767 (DNA:two_jet -> n2p:two_jet/zero_to_one_jet) ---
DNA (two_jet):	event=163767.000000	run=1.000000	luminosityBlock=164.000000	n_jets=2.000000	n_b_jets=0.000000	jet_1_pt=66.121702	jet_1_eta=-3.607910	jet_2_pt=34.087132	jet_2_eta=0.235931	jet_2_phi=-2.353516	jet_3_pt=-999.000000	jet_3_eta=-999.000000	jet_3_phi=-999.000000	MET_pt=37.742938	n_electrons=0.000000	n_muons=2.000000
n2p:	Event not found in two_jet or zero_to_one_jet

--- Event 165667 (DNA:two_jet -> n2p:two_jet/zero_to_one_jet) ---
DNA (two_jet):	event=165667.000000	run=1.000000	luminosityBlock=166.000000	n_jets=2.000000	n_b_jets=0.000000	jet_1_pt=33.254527	jet_1_eta=1.145508	jet_2_pt=32.173549	jet_2_eta=-3.210938	jet_2_phi=-3.054688	jet_3_pt=-999.000000	jet_3_eta=-999.000000	jet_3_phi=-999.000000	MET_pt=32.077250	n_electrons=0.000000	n_muons=2.000000
n2p (zero_to_one_jet):	event=165667.000000	n_jets=1.000000	nbdfm=0.000000	jet_1_pt=36.610638	jet_1_eta=1.145508	jet_2_pt=-999.000000	jet_2_eta=-999.000000	j2_phi=-999.000000	j3_pt=-999.000000	j3_eta=-999.000000	j3_phi=-999.000000	met=29.985910	nel=0.000000	nmu=2.000000
Diff:	n_jets-n_jets=-1.000000	jet_1_pt-jet_1_pt=3.356111	jet_2_pt-jet_2_pt=-1031.173549	jet_2_eta-jet_2_eta=-995.789062	j2_phi-jet_2_phi=-995.945312	met-MET_pt=-2.091340

--- Event 166007 (DNA:two_jet -> n2p:two_jet/zero_to_one_jet) ---
DNA (two_jet):	event=166007.000000	run=1.000000	luminosityBlock=167.000000	n_jets=2.000000	n_b_jets=0.000000	jet_1_pt=57.483413	jet_1_eta=-3.981934	jet_2_pt=30.897377	jet_2_eta=1.200928	jet_2_phi=-2.674316	jet_3_pt=-999.000000	jet_3_eta=-999.000000	jet_3_phi=-999.000000	MET_pt=26.916886	n_electrons=0.000000	n_muons=2.000000
n2p (zero_to_one_jet):	event=166007.000000	n_jets=1.000000	nbdfm=0.000000	jet_1_pt=56.164135	jet_1_eta=-3.981934	jet_2_pt=-999.000000	jet_2_eta=-999.000000	j2_phi=-999.000000	j3_pt=-999.000000	j3_eta=-999.000000	j3_phi=-999.000000	met=21.596163	nel=0.000000	nmu=2.000000
Diff:	n_jets-n_jets=-1.000000	jet_1_pt-jet_1_pt=-1.319278	jet_2_pt-jet_2_pt=-1029.897377	jet_2_eta-jet_2_eta=-1000.200928	j2_phi-jet_2_phi=-996.325684	met-MET_pt=-5.320723

--- Event 167905 (DNA:two_jet -> n2p:two_jet/zero_to_one_jet) ---
DNA (two_jet):	event=167905.000000	run=1.000000	luminosityBlock=168.000000	n_jets=4.000000	n_b_jets=0.000000	jet_1_pt=37.189743	jet_1_eta=-2.266113	jet_2_pt=36.832855	jet_2_eta=-4.139648	jet_2_phi=0.511108	jet_3_pt=32.649188	jet_3_eta=-3.323242	jet_3_phi=-0.928467	MET_pt=80.901368	n_electrons=2.000000	n_muons=0.000000
n2p (zero_to_one_jet):	event=167905.000000	n_jets=1.000000	nbdfm=0.000000	jet_1_pt=39.019405	jet_1_eta=-3.323242	jet_2_pt=-999.000000	jet_2_eta=-999.000000	j2_phi=-999.000000	j3_pt=-999.000000	j3_eta=-999.000000	j3_phi=-999.000000	met=68.660683	nel=2.000000	nmu=0.000000
Diff:	n_jets-n_jets=-3.000000	jet_1_pt-jet_1_pt=1.829662	jet_1_eta-jet_1_eta=-1.057129	jet_2_pt-jet_2_pt=-1035.832855	jet_2_eta-jet_2_eta=-994.860352	j2_phi-jet_2_phi=-999.511108	j3_pt-jet_3_pt=-1031.649188	j3_eta-jet_3_eta=-995.676758	j3_phi-jet_3_phi=-998.071533	met-MET_pt=-12.240685

--- Event 167985 (DNA:two_jet -> n2p:two_jet/zero_to_one_jet) ---
DNA (two_jet):	event=167985.000000	run=1.000000	luminosityBlock=168.000000	n_jets=2.000000	n_b_jets=0.000000	jet_1_pt=129.439260	jet_1_eta=-0.561768	jet_2_pt=125.575371	jet_2_eta=0.631104	jet_2_phi=-2.986816	jet_3_pt=-999.000000	jet_3_eta=-999.000000	jet_3_phi=-999.000000	MET_pt=8.142481	n_electrons=2.000000	n_muons=0.000000
n2p:	Event not found in two_jet or zero_to_one_jet

--- Event 168040 (DNA:two_jet -> n2p:two_jet/zero_to_one_jet) ---
DNA (two_jet):	event=168040.000000	run=1.000000	luminosityBlock=169.000000	n_jets=2.000000	n_b_jets=0.000000	jet_1_pt=45.842426	jet_1_eta=0.589233	jet_2_pt=33.335622	jet_2_eta=-3.996582	jet_2_phi=3.054199	jet_3_pt=-999.000000	jet_3_eta=-999.000000	jet_3_phi=-999.000000	MET_pt=45.036589	n_electrons=2.000000	n_muons=0.000000
n2p:	Event not found in two_jet or zero_to_one_jet

--- Event 168138 (DNA:two_jet -> n2p:two_jet/zero_to_one_jet) ---
DNA (two_jet):	event=168138.000000	run=1.000000	luminosityBlock=169.000000	n_jets=2.000000	n_b_jets=0.000000	jet_1_pt=77.834257	jet_1_eta=1.042969	jet_2_pt=31.460550	jet_2_eta=-3.384277	jet_2_phi=-2.182129	jet_3_pt=-999.000000	jet_3_eta=-999.000000	jet_3_phi=-999.000000	MET_pt=44.227989	n_electrons=2.000000	n_muons=0.000000
n2p (zero_to_one_jet):	event=168138.000000	n_jets=1.000000	nbdfm=0.000000	jet_1_pt=77.802109	jet_1_eta=1.042969	jet_2_pt=-999.000000	jet_2_eta=-999.000000	j2_phi=-999.000000	j3_pt=-999.000000	j3_eta=-999.000000	j3_phi=-999.000000	met=42.842438	nel=2.000000	nmu=0.000000
Diff:	n_jets-n_jets=-1.000000	jet_1_pt-jet_1_pt=-0.032148	jet_2_pt-jet_2_pt=-1030.460550	jet_2_eta-jet_2_eta=-995.615723	j2_phi-jet_2_phi=-996.817871	met-MET_pt=-1.385551

--- Event 168288 (DNA:two_jet -> n2p:two_jet/zero_to_one_jet) ---
DNA (two_jet):	event=168288.000000	run=1.000000	luminosityBlock=169.000000	n_jets=2.000000	n_b_jets=0.000000	jet_1_pt=71.252855	jet_1_eta=3.274414	jet_2_pt=32.210624	jet_2_eta=3.060547	jet_2_phi=-1.854492	jet_3_pt=-999.000000	jet_3_eta=-999.000000	jet_3_phi=-999.000000	MET_pt=60.607033	n_electrons=0.000000	n_muons=2.000000
n2p (zero_to_one_jet):	event=168288.000000	n_jets=1.000000	nbdfm=0.000000	jet_1_pt=69.071396	jet_1_eta=3.274414	jet_2_pt=-999.000000	jet_2_eta=-999.000000	j2_phi=-999.000000	j3_pt=-999.000000	j3_eta=-999.000000	j3_phi=-999.000000	met=55.701607	nel=0.000000	nmu=2.000000
Diff:	n_jets-n_jets=-1.000000	jet_1_pt-jet_1_pt=-2.181459	jet_2_pt-jet_2_pt=-1031.210624	jet_2_eta-jet_2_eta=-1002.060547	j2_phi-jet_2_phi=-997.145508	met-MET_pt=-4.905426

--- Event 168317 (DNA:two_jet -> n2p:two_jet/zero_to_one_jet) ---
DNA (two_jet):	event=168317.000000	run=1.000000	luminosityBlock=169.000000	n_jets=3.000000	n_b_jets=0.000000	jet_1_pt=42.661688	jet_1_eta=-3.327637	jet_2_pt=42.382634	jet_2_eta=-2.386719	jet_2_phi=-2.448242	jet_3_pt=33.646710	jet_3_eta=-0.129944	jet_3_phi=-1.700195	MET_pt=30.691907	n_electrons=2.000000	n_muons=0.000000
n2p:	Event not found in two_jet or zero_to_one_jet

--- Event 168746 (DNA:two_jet -> n2p:two_jet/zero_to_one_jet) ---
DNA (two_jet):	event=168746.000000	run=1.000000	luminosityBlock=169.000000	n_jets=2.000000	n_b_jets=0.000000	jet_1_pt=31.069474	jet_1_eta=-3.190430	jet_2_pt=31.064671	jet_2_eta=-1.246826	jet_2_phi=-0.388306	jet_3_pt=-999.000000	jet_3_eta=-999.000000	jet_3_phi=-999.000000	MET_pt=17.631263	n_electrons=2.000000	n_muons=0.000000
n2p (zero_to_one_jet):	event=168746.000000	n_jets=1.000000	nbdfm=0.000000	jet_1_pt=31.166084	jet_1_eta=-1.246826	jet_2_pt=-999.000000	jet_2_eta=-999.000000	j2_phi=-999.000000	j3_pt=-999.000000	j3_eta=-999.000000	j3_phi=-999.000000	met=19.862276	nel=2.000000	nmu=0.000000
Diff:	n_jets-n_jets=-1.000000	jet_1_pt-jet_1_pt=0.096610	jet_1_eta-jet_1_eta=1.943604	jet_2_pt-jet_2_pt=-1030.064671	jet_2_eta-jet_2_eta=-997.753174	j2_phi-jet_2_phi=-998.611694	met-MET_pt=2.231013

--- Event 168759 (DNA:two_jet -> n2p:two_jet/zero_to_one_jet) ---
DNA (two_jet):	event=168759.000000	run=1.000000	luminosityBlock=169.000000	n_jets=2.000000	n_b_jets=0.000000	jet_1_pt=32.209701	jet_1_eta=4.682617	jet_2_pt=31.022236	jet_2_eta=1.238525	jet_2_phi=1.162354	jet_3_pt=-999.000000	jet_3_eta=-999.000000	jet_3_phi=-999.000000	MET_pt=19.346158	n_electrons=0.000000	n_muons=2.000000
n2p (zero_to_one_jet):	event=168759.000000	n_jets=1.000000	nbdfm=0.000000	jet_1_pt=31.137947	jet_1_eta=1.238525	jet_2_pt=-999.000000	jet_2_eta=-999.000000	j2_phi=-999.000000	j3_pt=-999.000000	j3_eta=-999.000000	j3_phi=-999.000000	met=17.112726	nel=0.000000	nmu=2.000000
Diff:	n_jets-n_jets=-1.000000	jet_1_pt-jet_1_pt=-1.071754	jet_1_eta-jet_1_eta=-3.444092	jet_2_pt-jet_2_pt=-1030.022236	jet_2_eta-jet_2_eta=-1000.238525	j2_phi-jet_2_phi=-1000.162354	met-MET_pt=-2.233432

--- Event 169365 (DNA:two_jet -> n2p:two_jet/zero_to_one_jet) ---
DNA (two_jet):	event=169365.000000	run=1.000000	luminosityBlock=170.000000	n_jets=2.000000	n_b_jets=0.000000	jet_1_pt=32.973688	jet_1_eta=-4.201172	jet_2_pt=31.921582	jet_2_eta=3.883301	jet_2_phi=2.896973	jet_3_pt=-999.000000	jet_3_eta=-999.000000	jet_3_phi=-999.000000	MET_pt=27.501319	n_electrons=0.000000	n_muons=2.000000
n2p (zero_to_one_jet):	event=169365.000000	n_jets=1.000000	nbdfm=0.000000	jet_1_pt=30.666357	jet_1_eta=-4.201172	jet_2_pt=-999.000000	jet_2_eta=-999.000000	j2_phi=-999.000000	j3_pt=-999.000000	j3_eta=-999.000000	j3_phi=-999.000000	met=16.680128	nel=0.000000	nmu=2.000000
Diff:	n_jets-n_jets=-1.000000	jet_1_pt-jet_1_pt=-2.307331	jet_2_pt-jet_2_pt=-1030.921582	jet_2_eta-jet_2_eta=-1002.883301	j2_phi-jet_2_phi=-1001.896973	met-MET_pt=-10.821191

--- Event 169979 (DNA:two_jet -> n2p:two_jet/zero_to_one_jet) ---
DNA (two_jet):	event=169979.000000	run=1.000000	luminosityBlock=170.000000	n_jets=2.000000	n_b_jets=0.000000	jet_1_pt=39.568384	jet_1_eta=-1.503174	jet_2_pt=31.066722	jet_2_eta=-3.578125	jet_2_phi=1.307617	jet_3_pt=-999.000000	jet_3_eta=-999.000000	jet_3_phi=-999.000000	MET_pt=24.480040	n_electrons=2.000000	n_muons=0.000000
n2p:	Event not found in two_jet or zero_to_one_jet

--- Event 170539 (DNA:two_jet -> n2p:two_jet/zero_to_one_jet) ---
DNA (two_jet):	event=170539.000000	run=1.000000	luminosityBlock=171.000000	n_jets=2.000000	n_b_jets=0.000000	jet_1_pt=117.877889	jet_1_eta=-3.283203	jet_2_pt=30.424256	jet_2_eta=3.720703	jet_2_phi=1.795410	jet_3_pt=-999.000000	jet_3_eta=-999.000000	jet_3_phi=-999.000000	MET_pt=53.627232	n_electrons=0.000000	n_muons=2.000000
n2p (zero_to_one_jet):	event=170539.000000	n_jets=1.000000	nbdfm=0.000000	jet_1_pt=116.977600	jet_1_eta=-3.283203	jet_2_pt=-999.000000	jet_2_eta=-999.000000	j2_phi=-999.000000	j3_pt=-999.000000	j3_eta=-999.000000	j3_phi=-999.000000	met=54.805332	nel=0.000000	nmu=2.000000
Diff:	n_jets-n_jets=-1.000000	jet_1_pt-jet_1_pt=-0.900289	jet_2_pt-jet_2_pt=-1029.424256	jet_2_eta-jet_2_eta=-1002.720703	j2_phi-jet_2_phi=-1000.795410	met-MET_pt=1.178100

--- Event 170736 (DNA:two_jet -> n2p:two_jet/zero_to_one_jet) ---
DNA (two_jet):	event=170736.000000	run=1.000000	luminosityBlock=171.000000	n_jets=2.000000	n_b_jets=0.000000	jet_1_pt=62.158673	jet_1_eta=3.559082	jet_2_pt=31.256885	jet_2_eta=-1.122559	jet_2_phi=1.748535	jet_3_pt=-999.000000	jet_3_eta=-999.000000	jet_3_phi=-999.000000	MET_pt=17.316083	n_electrons=2.000000	n_muons=0.000000
n2p (zero_to_one_jet):	event=170736.000000	n_jets=1.000000	nbdfm=0.000000	jet_1_pt=60.349251	jet_1_eta=3.559082	jet_2_pt=-999.000000	jet_2_eta=-999.000000	j2_phi=-999.000000	j3_pt=-999.000000	j3_eta=-999.000000	j3_phi=-999.000000	met=10.529147	nel=2.000000	nmu=0.000000
Diff:	n_jets-n_jets=-1.000000	jet_1_pt-jet_1_pt=-1.809423	jet_2_pt-jet_2_pt=-1030.256885	jet_2_eta-jet_2_eta=-997.877441	j2_phi-jet_2_phi=-1000.748535	met-MET_pt=-6.786936

--- Event 171570 (DNA:two_jet -> n2p:two_jet/zero_to_one_jet) ---
DNA (two_jet):	event=171570.000000	run=1.000000	luminosityBlock=172.000000	n_jets=2.000000	n_b_jets=0.000000	jet_1_pt=37.697859	jet_1_eta=0.725586	jet_2_pt=32.177606	jet_2_eta=-3.268066	jet_2_phi=0.252808	jet_3_pt=-999.000000	jet_3_eta=-999.000000	jet_3_phi=-999.000000	MET_pt=34.534765	n_electrons=0.000000	n_muons=2.000000
n2p (zero_to_one_jet):	event=171570.000000	n_jets=1.000000	nbdfm=0.000000	jet_1_pt=37.714661	jet_1_eta=0.725586	jet_2_pt=-999.000000	jet_2_eta=-999.000000	j2_phi=-999.000000	j3_pt=-999.000000	j3_eta=-999.000000	j3_phi=-999.000000	met=26.590734	nel=0.000000	nmu=2.000000
Diff:	n_jets-n_jets=-1.000000	jet_1_pt-jet_1_pt=0.016801	jet_2_pt-jet_2_pt=-1031.177606	jet_2_eta-jet_2_eta=-995.731934	j2_phi-jet_2_phi=-999.252808	met-MET_pt=-7.944030

--- Event 171806 (DNA:two_jet -> n2p:two_jet/zero_to_one_jet) ---
DNA (two_jet):	event=171806.000000	run=1.000000	luminosityBlock=172.000000	n_jets=2.000000	n_b_jets=0.000000	jet_1_pt=90.898162	jet_1_eta=-1.690430	jet_2_pt=32.086378	jet_2_eta=-3.496094	jet_2_phi=-2.656250	jet_3_pt=-999.000000	jet_3_eta=-999.000000	jet_3_phi=-999.000000	MET_pt=46.073051	n_electrons=0.000000	n_muons=2.000000
n2p (zero_to_one_jet):	event=171806.000000	n_jets=1.000000	nbdfm=0.000000	jet_1_pt=90.797462	jet_1_eta=-1.690430	jet_2_pt=-999.000000	jet_2_eta=-999.000000	j2_phi=-999.000000	j3_pt=-999.000000	j3_eta=-999.000000	j3_phi=-999.000000	met=43.883427	nel=0.000000	nmu=2.000000
Diff:	n_jets-n_jets=-1.000000	jet_1_pt-jet_1_pt=-0.100699	jet_2_pt-jet_2_pt=-1031.086378	jet_2_eta-jet_2_eta=-995.503906	j2_phi-jet_2_phi=-996.343750	met-MET_pt=-2.189624

--- Event 171835 (DNA:two_jet -> n2p:two_jet/zero_to_one_jet) ---
DNA (two_jet):	event=171835.000000	run=1.000000	luminosityBlock=172.000000	n_jets=2.000000	n_b_jets=0.000000	jet_1_pt=35.368775	jet_1_eta=3.170898	jet_2_pt=32.070441	jet_2_eta=3.324219	jet_2_phi=2.612793	jet_3_pt=-999.000000	jet_3_eta=-999.000000	jet_3_phi=-999.000000	MET_pt=8.371091	n_electrons=0.000000	n_muons=2.000000
n2p (zero_to_one_jet):	event=171835.000000	n_jets=1.000000	nbdfm=0.000000	jet_1_pt=32.588264	jet_1_eta=3.170898	jet_2_pt=-999.000000	jet_2_eta=-999.000000	j2_phi=-999.000000	j3_pt=-999.000000	j3_eta=-999.000000	j3_phi=-999.000000	met=4.421844	nel=0.000000	nmu=2.000000
Diff:	n_jets-n_jets=-1.000000	jet_1_pt-jet_1_pt=-2.780510	jet_2_pt-jet_2_pt=-1031.070441	jet_2_eta-jet_2_eta=-1002.324219	j2_phi-jet_2_phi=-1001.612793	met-MET_pt=-3.949247

--- Event 173196 (DNA:two_jet -> n2p:two_jet/zero_to_one_jet) ---
DNA (two_jet):	event=173196.000000	run=1.000000	luminosityBlock=174.000000	n_jets=2.000000	n_b_jets=0.000000	jet_1_pt=60.159418	jet_1_eta=1.253418	jet_2_pt=59.765351	jet_2_eta=1.147217	jet_2_phi=1.650635	jet_3_pt=-999.000000	jet_3_eta=-999.000000	jet_3_phi=-999.000000	MET_pt=0.000000	n_electrons=2.000000	n_muons=0.000000
n2p:	Event not found in two_jet or zero_to_one_jet

--- Event 173350 (DNA:two_jet -> n2p:two_jet/zero_to_one_jet) ---
DNA (two_jet):	event=173350.000000	run=1.000000	luminosityBlock=174.000000	n_jets=2.000000	n_b_jets=0.000000	jet_1_pt=74.075026	jet_1_eta=-0.127258	jet_2_pt=30.190897	jet_2_eta=-3.339355	jet_2_phi=1.962646	jet_3_pt=-999.000000	jet_3_eta=-999.000000	jet_3_phi=-999.000000	MET_pt=7.623786	n_electrons=0.000000	n_muons=2.000000
n2p (zero_to_one_jet):	event=173350.000000	n_jets=1.000000	nbdfm=0.000000	jet_1_pt=74.120964	jet_1_eta=-0.127258	jet_2_pt=-999.000000	jet_2_eta=-999.000000	j2_phi=-999.000000	j3_pt=-999.000000	j3_eta=-999.000000	j3_phi=-999.000000	met=10.476501	nel=0.000000	nmu=2.000000
Diff:	n_jets-n_jets=-1.000000	jet_1_pt-jet_1_pt=0.045938	jet_2_pt-jet_2_pt=-1029.190897	jet_2_eta-jet_2_eta=-995.660645	j2_phi-jet_2_phi=-1000.962646	met-MET_pt=2.852714

--- Event 173679 (DNA:two_jet -> n2p:two_jet/zero_to_one_jet) ---
DNA (two_jet):	event=173679.000000	run=1.000000	luminosityBlock=174.000000	n_jets=2.000000	n_b_jets=0.000000	jet_1_pt=118.789106	jet_1_eta=1.485107	jet_2_pt=30.938935	jet_2_eta=3.218750	jet_2_phi=-1.561768	jet_3_pt=-999.000000	jet_3_eta=-999.000000	jet_3_phi=-999.000000	MET_pt=65.671002	n_electrons=0.000000	n_muons=2.000000
n2p (zero_to_one_jet):	event=173679.000000	n_jets=1.000000	nbdfm=0.000000	jet_1_pt=118.792229	jet_1_eta=1.485107	jet_2_pt=-999.000000	jet_2_eta=-999.000000	j2_phi=-999.000000	j3_pt=-999.000000	j3_eta=-999.000000	j3_phi=-999.000000	met=61.339382	nel=0.000000	nmu=2.000000
Diff:	n_jets-n_jets=-1.000000	jet_1_pt-jet_1_pt=0.003122	jet_2_pt-jet_2_pt=-1029.938935	jet_2_eta-jet_2_eta=-1002.218750	j2_phi-jet_2_phi=-997.438232	met-MET_pt=-4.331620

--- Event 174404 (DNA:two_jet -> n2p:two_jet/zero_to_one_jet) ---
DNA (two_jet):	event=174404.000000	run=1.000000	luminosityBlock=175.000000	n_jets=2.000000	n_b_jets=0.000000	jet_1_pt=121.127484	jet_1_eta=0.856567	jet_2_pt=30.858055	jet_2_eta=-3.963379	jet_2_phi=-2.068359	jet_3_pt=-999.000000	jet_3_eta=-999.000000	jet_3_phi=-999.000000	MET_pt=21.721457	n_electrons=0.000000	n_muons=2.000000
n2p (zero_to_one_jet):	event=174404.000000	n_jets=1.000000	nbdfm=0.000000	jet_1_pt=121.078247	jet_1_eta=0.856567	jet_2_pt=-999.000000	jet_2_eta=-999.000000	j2_phi=-999.000000	j3_pt=-999.000000	j3_eta=-999.000000	j3_phi=-999.000000	met=20.894869	nel=0.000000	nmu=2.000000
Diff:	n_jets-n_jets=-1.000000	jet_1_pt-jet_1_pt=-0.049237	jet_2_pt-jet_2_pt=-1029.858055	jet_2_eta-jet_2_eta=-995.036621	j2_phi-jet_2_phi=-996.931641	met-MET_pt=-0.826588

--- Event 174817 (DNA:two_jet -> n2p:two_jet/zero_to_one_jet) ---
DNA (two_jet):	event=174817.000000	run=1.000000	luminosityBlock=175.000000	n_jets=2.000000	n_b_jets=0.000000	jet_1_pt=108.509799	jet_1_eta=-2.725098	jet_2_pt=40.929675	jet_2_eta=-3.160156	jet_2_phi=0.731567	jet_3_pt=-999.000000	jet_3_eta=-999.000000	jet_3_phi=-999.000000	MET_pt=32.117045	n_electrons=2.000000	n_muons=0.000000
n2p (zero_to_one_jet):	event=174817.000000	n_jets=1.000000	nbdfm=0.000000	jet_1_pt=101.919594	jet_1_eta=-2.725098	jet_2_pt=-999.000000	jet_2_eta=-999.000000	j2_phi=-999.000000	j3_pt=-999.000000	j3_eta=-999.000000	j3_phi=-999.000000	met=29.858458	nel=2.000000	nmu=0.000000
Diff:	n_jets-n_jets=-1.000000	jet_1_pt-jet_1_pt=-6.590205	jet_2_pt-jet_2_pt=-1039.929675	jet_2_eta-jet_2_eta=-995.839844	j2_phi-jet_2_phi=-999.731567	met-MET_pt=-2.258588

--- Event 175781 (DNA:two_jet -> n2p:two_jet/zero_to_one_jet) ---
DNA (two_jet):	event=175781.000000	run=1.000000	luminosityBlock=176.000000	n_jets=2.000000	n_b_jets=0.000000	jet_1_pt=39.260601	jet_1_eta=-1.705566	jet_2_pt=38.998508	jet_2_eta=-2.239746	jet_2_phi=2.507812	jet_3_pt=-999.000000	jet_3_eta=-999.000000	jet_3_phi=-999.000000	MET_pt=32.968568	n_electrons=2.000000	n_muons=0.000000
n2p (zero_to_one_jet):	event=175781.000000	n_jets=1.000000	nbdfm=0.000000	jet_1_pt=39.232780	jet_1_eta=-1.705566	jet_2_pt=-999.000000	jet_2_eta=-999.000000	j2_phi=-999.000000	j3_pt=-999.000000	j3_eta=-999.000000	j3_phi=-999.000000	met=32.878922	nel=2.000000	nmu=0.000000
Diff:	n_jets-n_jets=-1.000000	jet_1_pt-jet_1_pt=-0.027820	jet_2_pt-jet_2_pt=-1037.998508	jet_2_eta-jet_2_eta=-996.760254	j2_phi-jet_2_phi=-1001.507812	met-MET_pt=-0.089647

--- Event 176111 (DNA:two_jet -> n2p:two_jet/zero_to_one_jet) ---
DNA (two_jet):	event=176111.000000	run=1.000000	luminosityBlock=177.000000	n_jets=2.000000	n_b_jets=0.000000	jet_1_pt=33.437605	jet_1_eta=-3.263184	jet_2_pt=32.440969	jet_2_eta=2.232910	jet_2_phi=-1.746582	jet_3_pt=-999.000000	jet_3_eta=-999.000000	jet_3_phi=-999.000000	MET_pt=42.436026	n_electrons=2.000000	n_muons=0.000000
n2p (zero_to_one_jet):	event=176111.000000	n_jets=1.000000	nbdfm=0.000000	jet_1_pt=32.432056	jet_1_eta=2.232910	jet_2_pt=-999.000000	jet_2_eta=-999.000000	j2_phi=-999.000000	j3_pt=-999.000000	j3_eta=-999.000000	j3_phi=-999.000000	met=37.992882	nel=2.000000	nmu=0.000000
Diff:	n_jets-n_jets=-1.000000	jet_1_pt-jet_1_pt=-1.005549	jet_1_eta-jet_1_eta=5.496094	jet_2_pt-jet_2_pt=-1031.440969	jet_2_eta-jet_2_eta=-1001.232910	j2_phi-jet_2_phi=-997.253418	met-MET_pt=-4.443144

--- Event 177489 (DNA:two_jet -> n2p:two_jet/zero_to_one_jet) ---
DNA (two_jet):	event=177489.000000	run=1.000000	luminosityBlock=178.000000	n_jets=2.000000	n_b_jets=0.000000	jet_1_pt=89.930274	jet_1_eta=-2.237305	jet_2_pt=43.149263	jet_2_eta=3.412598	jet_2_phi=-0.785645	jet_3_pt=-999.000000	jet_3_eta=-999.000000	jet_3_phi=-999.000000	MET_pt=52.977095	n_electrons=0.000000	n_muons=2.000000
n2p (zero_to_one_jet):	event=177489.000000	n_jets=1.000000	nbdfm=0.000000	jet_1_pt=89.114128	jet_1_eta=-2.237305	jet_2_pt=-999.000000	jet_2_eta=-999.000000	j2_phi=-999.000000	j3_pt=-999.000000	j3_eta=-999.000000	j3_phi=-999.000000	met=38.099461	nel=0.000000	nmu=2.000000
Diff:	n_jets-n_jets=-1.000000	jet_1_pt-jet_1_pt=-0.816146	jet_2_pt-jet_2_pt=-1042.149263	jet_2_eta-jet_2_eta=-1002.412598	j2_phi-jet_2_phi=-998.214355	met-MET_pt=-14.877634

--- Event 180189 (DNA:two_jet -> n2p:two_jet/zero_to_one_jet) ---
DNA (two_jet):	event=180189.000000	run=1.000000	luminosityBlock=181.000000	n_jets=2.000000	n_b_jets=0.000000	jet_1_pt=43.791686	jet_1_eta=-2.468262	jet_2_pt=31.298854	jet_2_eta=-4.215820	jet_2_phi=1.471191	jet_3_pt=-999.000000	jet_3_eta=-999.000000	jet_3_phi=-999.000000	MET_pt=29.512591	n_electrons=2.000000	n_muons=0.000000
n2p (zero_to_one_jet):	event=180189.000000	n_jets=1.000000	nbdfm=0.000000	jet_1_pt=43.135765	jet_1_eta=-2.468262	jet_2_pt=-999.000000	jet_2_eta=-999.000000	j2_phi=-999.000000	j3_pt=-999.000000	j3_eta=-999.000000	j3_phi=-999.000000	met=32.103607	nel=2.000000	nmu=0.000000
Diff:	n_jets-n_jets=-1.000000	jet_1_pt-jet_1_pt=-0.655920	jet_2_pt-jet_2_pt=-1030.298854	jet_2_eta-jet_2_eta=-994.784180	j2_phi-jet_2_phi=-1000.471191	met-MET_pt=2.591016

--- Event 183135 (DNA:two_jet -> n2p:two_jet/zero_to_one_jet) ---
DNA (two_jet):	event=183135.000000	run=1.000000	luminosityBlock=184.000000	n_jets=2.000000	n_b_jets=0.000000	jet_1_pt=65.079518	jet_1_eta=0.004340	jet_2_pt=32.126263	jet_2_eta=4.281250	jet_2_phi=-1.537354	jet_3_pt=-999.000000	jet_3_eta=-999.000000	jet_3_phi=-999.000000	MET_pt=2.384982	n_electrons=0.000000	n_muons=2.000000
n2p (zero_to_one_jet):	event=183135.000000	n_jets=1.000000	nbdfm=0.000000	jet_1_pt=65.081795	jet_1_eta=0.004340	jet_2_pt=-999.000000	jet_2_eta=-999.000000	j2_phi=-999.000000	j3_pt=-999.000000	j3_eta=-999.000000	j3_phi=-999.000000	met=0.816371	nel=0.000000	nmu=2.000000
Diff:	n_jets-n_jets=-1.000000	jet_1_pt-jet_1_pt=0.002277	jet_2_pt-jet_2_pt=-1031.126263	jet_2_eta-jet_2_eta=-1003.281250	j2_phi-jet_2_phi=-997.462646	met-MET_pt=-1.568611

--- Event 183320 (DNA:two_jet -> n2p:two_jet/zero_to_one_jet) ---
DNA (two_jet):	event=183320.000000	run=1.000000	luminosityBlock=184.000000	n_jets=2.000000	n_b_jets=0.000000	jet_1_pt=75.693659	jet_1_eta=0.647949	jet_2_pt=32.149504	jet_2_eta=4.103516	jet_2_phi=2.924805	jet_3_pt=-999.000000	jet_3_eta=-999.000000	jet_3_phi=-999.000000	MET_pt=14.666754	n_electrons=2.000000	n_muons=0.000000
n2p (zero_to_one_jet):	event=183320.000000	n_jets=1.000000	nbdfm=0.000000	jet_1_pt=75.684120	jet_1_eta=0.647949	jet_2_pt=-999.000000	jet_2_eta=-999.000000	j2_phi=-999.000000	j3_pt=-999.000000	j3_eta=-999.000000	j3_phi=-999.000000	met=12.602714	nel=2.000000	nmu=0.000000
Diff:	n_jets-n_jets=-1.000000	jet_1_pt-jet_1_pt=-0.009539	jet_2_pt-jet_2_pt=-1031.149504	jet_2_eta-jet_2_eta=-1003.103516	j2_phi-jet_2_phi=-1001.924805	met-MET_pt=-2.064041

--- Event 183410 (DNA:two_jet -> n2p:two_jet/zero_to_one_jet) ---
DNA (two_jet):	event=183410.000000	run=1.000000	luminosityBlock=184.000000	n_jets=2.000000	n_b_jets=0.000000	jet_1_pt=33.161072	jet_1_eta=-1.944580	jet_2_pt=31.780956	jet_2_eta=3.178223	jet_2_phi=-2.398438	jet_3_pt=-999.000000	jet_3_eta=-999.000000	jet_3_phi=-999.000000	MET_pt=47.395276	n_electrons=0.000000	n_muons=2.000000
n2p (zero_to_one_jet):	event=183410.000000	n_jets=1.000000	nbdfm=0.000000	jet_1_pt=33.084381	jet_1_eta=-1.944580	jet_2_pt=-999.000000	jet_2_eta=-999.000000	j2_phi=-999.000000	j3_pt=-999.000000	j3_eta=-999.000000	j3_phi=-999.000000	met=43.138977	nel=0.000000	nmu=2.000000
Diff:	n_jets-n_jets=-1.000000	jet_1_pt-jet_1_pt=-0.076691	jet_2_pt-jet_2_pt=-1030.780956	jet_2_eta-jet_2_eta=-1002.178223	j2_phi-jet_2_phi=-996.601562	met-MET_pt=-4.256299

--- Event 183953 (DNA:two_jet -> n2p:two_jet/zero_to_one_jet) ---
DNA (two_jet):	event=183953.000000	run=1.000000	luminosityBlock=184.000000	n_jets=2.000000	n_b_jets=0.000000	jet_1_pt=43.998574	jet_1_eta=-0.138672	jet_2_pt=31.008129	jet_2_eta=-3.486816	jet_2_phi=-1.309570	jet_3_pt=-999.000000	jet_3_eta=-999.000000	jet_3_phi=-999.000000	MET_pt=59.755684	n_electrons=0.000000	n_muons=2.000000
n2p (zero_to_one_jet):	event=183953.000000	n_jets=1.000000	nbdfm=0.000000	jet_1_pt=44.023651	jet_1_eta=-0.138672	jet_2_pt=-999.000000	jet_2_eta=-999.000000	j2_phi=-999.000000	j3_pt=-999.000000	j3_eta=-999.000000	j3_phi=-999.000000	met=55.577740	nel=0.000000	nmu=2.000000
Diff:	n_jets-n_jets=-1.000000	jet_1_pt-jet_1_pt=0.025077	jet_2_pt-jet_2_pt=-1030.008129	jet_2_eta-jet_2_eta=-995.513184	j2_phi-jet_2_phi=-997.690430	met-MET_pt=-4.177944

--- Event 185133 (DNA:two_jet -> n2p:two_jet/zero_to_one_jet) ---
DNA (two_jet):	event=185133.000000	run=1.000000	luminosityBlock=186.000000	n_jets=2.000000	n_b_jets=0.000000	jet_1_pt=68.423436	jet_1_eta=-1.192139	jet_2_pt=32.176493	jet_2_eta=-4.074219	jet_2_phi=-2.880371	jet_3_pt=-999.000000	jet_3_eta=-999.000000	jet_3_phi=-999.000000	MET_pt=32.190409	n_electrons=0.000000	n_muons=2.000000
n2p (zero_to_one_jet):	event=185133.000000	n_jets=1.000000	nbdfm=0.000000	jet_1_pt=68.396217	jet_1_eta=-1.192139	jet_2_pt=-999.000000	jet_2_eta=-999.000000	j2_phi=-999.000000	j3_pt=-999.000000	j3_eta=-999.000000	j3_phi=-999.000000	met=33.223309	nel=0.000000	nmu=2.000000
Diff:	n_jets-n_jets=-1.000000	jet_1_pt-jet_1_pt=-0.027218	jet_2_pt-jet_2_pt=-1031.176493	jet_2_eta-jet_2_eta=-994.925781	j2_phi-jet_2_phi=-996.119629	met-MET_pt=1.032900

--- Event 185279 (DNA:two_jet -> n2p:two_jet/zero_to_one_jet) ---
DNA (two_jet):	event=185279.000000	run=1.000000	luminosityBlock=186.000000	n_jets=2.000000	n_b_jets=0.000000	jet_1_pt=143.380691	jet_1_eta=0.547241	jet_2_pt=57.747771	jet_2_eta=-2.665039	jet_2_phi=-0.132507	jet_3_pt=-999.000000	jet_3_eta=-999.000000	jet_3_phi=-999.000000	MET_pt=51.491514	n_electrons=0.000000	n_muons=2.000000
n2p (zero_to_one_jet):	event=185279.000000	n_jets=1.000000	nbdfm=0.000000	jet_1_pt=143.333420	jet_1_eta=0.547241	jet_2_pt=-999.000000	jet_2_eta=-999.000000	j2_phi=-999.000000	j3_pt=-999.000000	j3_eta=-999.000000	j3_phi=-999.000000	met=39.828979	nel=0.000000	nmu=2.000000
Diff:	n_jets-n_jets=-1.000000	jet_1_pt-jet_1_pt=-0.047271	jet_2_pt-jet_2_pt=-1056.747771	jet_2_eta-jet_2_eta=-996.334961	j2_phi-jet_2_phi=-998.867493	met-MET_pt=-11.662535

--- Event 185399 (DNA:two_jet -> n2p:two_jet/zero_to_one_jet) ---
DNA (two_jet):	event=185399.000000	run=1.000000	luminosityBlock=186.000000	n_jets=2.000000	n_b_jets=0.000000	jet_1_pt=41.150590	jet_1_eta=-3.088379	jet_2_pt=36.093079	jet_2_eta=0.025959	jet_2_phi=-1.040039	jet_3_pt=-999.000000	jet_3_eta=-999.000000	jet_3_phi=-999.000000	MET_pt=43.631301	n_electrons=0.000000	n_muons=2.000000
n2p:	Event not found in two_jet or zero_to_one_jet

--- Event 186001 (DNA:two_jet -> n2p:two_jet/zero_to_one_jet) ---
DNA (two_jet):	event=186001.000000	run=1.000000	luminosityBlock=187.000000	n_jets=2.000000	n_b_jets=0.000000	jet_1_pt=45.148683	jet_1_eta=-1.375000	jet_2_pt=31.189731	jet_2_eta=3.397949	jet_2_phi=1.888916	jet_3_pt=-999.000000	jet_3_eta=-999.000000	jet_3_phi=-999.000000	MET_pt=15.780241	n_electrons=0.000000	n_muons=2.000000
n2p (zero_to_one_jet):	event=186001.000000	n_jets=1.000000	nbdfm=0.000000	jet_1_pt=41.387959	jet_1_eta=-1.375000	jet_2_pt=-999.000000	jet_2_eta=-999.000000	j2_phi=-999.000000	j3_pt=-999.000000	j3_eta=-999.000000	j3_phi=-999.000000	met=11.935128	nel=0.000000	nmu=2.000000
Diff:	n_jets-n_jets=-1.000000	jet_1_pt-jet_1_pt=-3.760724	jet_2_pt-jet_2_pt=-1030.189731	jet_2_eta-jet_2_eta=-1002.397949	j2_phi-jet_2_phi=-1000.888916	met-MET_pt=-3.845113

--- Event 186151 (DNA:two_jet -> n2p:two_jet/zero_to_one_jet) ---
DNA (two_jet):	event=186151.000000	run=1.000000	luminosityBlock=187.000000	n_jets=2.000000	n_b_jets=0.000000	jet_1_pt=128.513192	jet_1_eta=0.114456	jet_2_pt=30.638763	jet_2_eta=4.213867	jet_2_phi=1.121338	jet_3_pt=-999.000000	jet_3_eta=-999.000000	jet_3_phi=-999.000000	MET_pt=0.000000	n_electrons=0.000000	n_muons=2.000000
n2p (zero_to_one_jet):	event=186151.000000	n_jets=1.000000	nbdfm=0.000000	jet_1_pt=128.534286	jet_1_eta=0.114456	jet_2_pt=-999.000000	jet_2_eta=-999.000000	j2_phi=-999.000000	j3_pt=-999.000000	j3_eta=-999.000000	j3_phi=-999.000000	met=51.729946	nel=0.000000	nmu=2.000000
Diff:	n_jets-n_jets=-1.000000	jet_1_pt-jet_1_pt=0.021094	jet_2_pt-jet_2_pt=-1029.638763	jet_2_eta-jet_2_eta=-1003.213867	j2_phi-jet_2_phi=-1000.121338	met-MET_pt=51.729946

--- Event 187299 (DNA:two_jet -> n2p:two_jet/zero_to_one_jet) ---
DNA (two_jet):	event=187299.000000	run=1.000000	luminosityBlock=188.000000	n_jets=3.000000	n_b_jets=0.000000	jet_1_pt=136.245846	jet_1_eta=-0.717529	jet_2_pt=55.233697	jet_2_eta=-1.857178	jet_2_phi=-0.323120	jet_3_pt=54.728688	jet_3_eta=1.849609	jet_3_phi=-0.856445	MET_pt=28.794622	n_electrons=2.000000	n_muons=0.000000
n2p:	Event not found in two_jet or zero_to_one_jet

--- Event 187744 (DNA:two_jet -> n2p:two_jet/zero_to_one_jet) ---
DNA (two_jet):	event=187744.000000	run=1.000000	luminosityBlock=188.000000	n_jets=2.000000	n_b_jets=0.000000	jet_1_pt=96.624326	jet_1_eta=1.116455	jet_2_pt=52.363278	jet_2_eta=2.782227	jet_2_phi=-1.586670	jet_3_pt=-999.000000	jet_3_eta=-999.000000	jet_3_phi=-999.000000	MET_pt=0.000000	n_electrons=0.000000	n_muons=2.000000
n2p (zero_to_one_jet):	event=187744.000000	n_jets=1.000000	nbdfm=0.000000	jet_1_pt=96.657776	jet_1_eta=1.116455	jet_2_pt=-999.000000	jet_2_eta=-999.000000	j2_phi=-999.000000	j3_pt=-999.000000	j3_eta=-999.000000	j3_phi=-999.000000	met=28.778349	nel=0.000000	nmu=2.000000
Diff:	n_jets-n_jets=-1.000000	jet_1_pt-jet_1_pt=0.033450	jet_2_pt-jet_2_pt=-1051.363278	jet_2_eta-jet_2_eta=-1001.782227	j2_phi-jet_2_phi=-997.413330	met-MET_pt=28.778349

--- Event 187883 (DNA:two_jet -> n2p:two_jet/zero_to_one_jet) ---
DNA (two_jet):	event=187883.000000	run=1.000000	luminosityBlock=188.000000	n_jets=2.000000	n_b_jets=0.000000	jet_1_pt=54.237883	jet_1_eta=-0.914551	jet_2_pt=33.287285	jet_2_eta=3.142578	jet_2_phi=2.266602	jet_3_pt=-999.000000	jet_3_eta=-999.000000	jet_3_phi=-999.000000	MET_pt=63.221856	n_electrons=2.000000	n_muons=0.000000
n2p (zero_to_one_jet):	event=187883.000000	n_jets=1.000000	nbdfm=0.000000	jet_1_pt=54.236588	jet_1_eta=-0.914551	jet_2_pt=-999.000000	jet_2_eta=-999.000000	j2_phi=-999.000000	j3_pt=-999.000000	j3_eta=-999.000000	j3_phi=-999.000000	met=56.320702	nel=2.000000	nmu=0.000000
Diff:	n_jets-n_jets=-1.000000	jet_1_pt-jet_1_pt=-0.001295	jet_2_pt-jet_2_pt=-1032.287285	jet_2_eta-jet_2_eta=-1002.142578	j2_phi-jet_2_phi=-1001.266602	met-MET_pt=-6.901154

--- Event 189701 (DNA:two_jet -> n2p:two_jet/zero_to_one_jet) ---
DNA (two_jet):	event=189701.000000	run=1.000000	luminosityBlock=190.000000	n_jets=2.000000	n_b_jets=0.000000	jet_1_pt=50.143665	jet_1_eta=2.185059	jet_2_pt=40.440860	jet_2_eta=1.664551	jet_2_phi=-0.930664	jet_3_pt=-999.000000	jet_3_eta=-999.000000	jet_3_phi=-999.000000	MET_pt=23.576425	n_electrons=0.000000	n_muons=2.000000
n2p:	Event not found in two_jet or zero_to_one_jet

--- Event 190029 (DNA:two_jet -> n2p:two_jet/zero_to_one_jet) ---
DNA (two_jet):	event=190029.000000	run=1.000000	luminosityBlock=191.000000	n_jets=3.000000	n_b_jets=0.000000	jet_1_pt=52.550404	jet_1_eta=3.827637	jet_2_pt=43.212421	jet_2_eta=4.237305	jet_2_phi=0.990723	jet_3_pt=36.127406	jet_3_eta=3.878906	jet_3_phi=0.087677	MET_pt=110.742285	n_electrons=0.000000	n_muons=2.000000
n2p (zero_to_one_jet):	event=190029.000000	n_jets=1.000000	nbdfm=0.000000	jet_1_pt=56.273781	jet_1_eta=3.827637	jet_2_pt=-999.000000	jet_2_eta=-999.000000	j2_phi=-999.000000	j3_pt=-999.000000	j3_eta=-999.000000	j3_phi=-999.000000	met=87.349937	nel=0.000000	nmu=2.000000
Diff:	n_jets-n_jets=-2.000000	jet_1_pt-jet_1_pt=3.723377	jet_2_pt-jet_2_pt=-1042.212421	jet_2_eta-jet_2_eta=-1003.237305	j2_phi-jet_2_phi=-999.990723	j3_pt-jet_3_pt=-1035.127406	j3_eta-jet_3_eta=-1002.878906	j3_phi-jet_3_phi=-999.087677	met-MET_pt=-23.392348

--- Event 190474 (DNA:two_jet -> n2p:two_jet/zero_to_one_jet) ---
DNA (two_jet):	event=190474.000000	run=1.000000	luminosityBlock=191.000000	n_jets=2.000000	n_b_jets=0.000000	jet_1_pt=43.925873	jet_1_eta=-3.662598	jet_2_pt=35.793972	jet_2_eta=-0.403992	jet_2_phi=-1.734619	jet_3_pt=-999.000000	jet_3_eta=-999.000000	jet_3_phi=-999.000000	MET_pt=54.377431	n_electrons=0.000000	n_muons=2.000000
n2p (zero_to_one_jet):	event=190474.000000	n_jets=1.000000	nbdfm=0.000000	jet_1_pt=35.807434	jet_1_eta=-0.403992	jet_2_pt=-999.000000	jet_2_eta=-999.000000	j2_phi=-999.000000	j3_pt=-999.000000	j3_eta=-999.000000	j3_phi=-999.000000	met=74.048851	nel=0.000000	nmu=2.000000
Diff:	n_jets-n_jets=-1.000000	jet_1_pt-jet_1_pt=-8.118439	jet_1_eta-jet_1_eta=3.258606	jet_2_pt-jet_2_pt=-1034.793972	jet_2_eta-jet_2_eta=-998.596008	j2_phi-jet_2_phi=-997.265381	met-MET_pt=19.671420

--- Event 191402 (DNA:two_jet -> n2p:two_jet/zero_to_one_jet) ---
DNA (two_jet):	event=191402.000000	run=1.000000	luminosityBlock=192.000000	n_jets=2.000000	n_b_jets=0.000000	jet_1_pt=34.526933	jet_1_eta=4.561523	jet_2_pt=30.439105	jet_2_eta=-3.437012	jet_2_phi=2.408203	jet_3_pt=-999.000000	jet_3_eta=-999.000000	jet_3_phi=-999.000000	MET_pt=37.617319	n_electrons=0.000000	n_muons=2.000000
n2p (zero_to_one_jet):	event=191402.000000	n_jets=1.000000	nbdfm=0.000000	jet_1_pt=31.974144	jet_1_eta=4.561523	jet_2_pt=-999.000000	jet_2_eta=-999.000000	j2_phi=-999.000000	j3_pt=-999.000000	j3_eta=-999.000000	j3_phi=-999.000000	met=33.918743	nel=0.000000	nmu=2.000000
Diff:	n_jets-n_jets=-1.000000	jet_1_pt-jet_1_pt=-2.552789	jet_2_pt-jet_2_pt=-1029.439105	jet_2_eta-jet_2_eta=-995.562988	j2_phi-jet_2_phi=-1001.408203	met-MET_pt=-3.698576

--- Event 192654 (DNA:two_jet -> n2p:two_jet/zero_to_one_jet) ---
DNA (two_jet):	event=192654.000000	run=1.000000	luminosityBlock=193.000000	n_jets=2.000000	n_b_jets=0.000000	jet_1_pt=60.259310	jet_1_eta=0.803467	jet_2_pt=31.029198	jet_2_eta=-3.666016	jet_2_phi=2.488770	jet_3_pt=-999.000000	jet_3_eta=-999.000000	jet_3_phi=-999.000000	MET_pt=18.666271	n_electrons=2.000000	n_muons=0.000000
n2p (zero_to_one_jet):	event=192654.000000	n_jets=1.000000	nbdfm=0.000000	jet_1_pt=60.251003	jet_1_eta=0.803467	jet_2_pt=-999.000000	jet_2_eta=-999.000000	j2_phi=-999.000000	j3_pt=-999.000000	j3_eta=-999.000000	j3_phi=-999.000000	met=18.167791	nel=2.000000	nmu=0.000000
Diff:	n_jets-n_jets=-1.000000	jet_1_pt-jet_1_pt=-0.008307	jet_2_pt-jet_2_pt=-1030.029198	jet_2_eta-jet_2_eta=-995.333984	j2_phi-jet_2_phi=-1001.488770	met-MET_pt=-0.498480

--- Event 193564 (DNA:two_jet -> n2p:two_jet/zero_to_one_jet) ---
DNA (two_jet):	event=193564.000000	run=1.000000	luminosityBlock=194.000000	n_jets=2.000000	n_b_jets=0.000000	jet_1_pt=62.637402	jet_1_eta=-1.250732	jet_2_pt=31.769083	jet_2_eta=-1.162842	jet_2_phi=0.831787	jet_3_pt=-999.000000	jet_3_eta=-999.000000	jet_3_phi=-999.000000	MET_pt=24.825733	n_electrons=2.000000	n_muons=0.000000
n2p (zero_to_one_jet):	event=193564.000000	n_jets=1.000000	nbdfm=0.000000	jet_1_pt=62.573048	jet_1_eta=-1.250732	jet_2_pt=-999.000000	jet_2_eta=-999.000000	j2_phi=-999.000000	j3_pt=-999.000000	j3_eta=-999.000000	j3_phi=-999.000000	met=25.529011	nel=2.000000	nmu=0.000000
Diff:	n_jets-n_jets=-1.000000	jet_1_pt-jet_1_pt=-0.064354	jet_2_pt-jet_2_pt=-1030.769083	jet_2_eta-jet_2_eta=-997.837158	j2_phi-jet_2_phi=-999.831787	met-MET_pt=0.703278

--- Event 193645 (DNA:two_jet -> n2p:two_jet/zero_to_one_jet) ---
DNA (two_jet):	event=193645.000000	run=1.000000	luminosityBlock=194.000000	n_jets=2.000000	n_b_jets=0.000000	jet_1_pt=40.940986	jet_1_eta=0.861816	jet_2_pt=36.558292	jet_2_eta=1.518066	jet_2_phi=-1.220459	jet_3_pt=-999.000000	jet_3_eta=-999.000000	jet_3_phi=-999.000000	MET_pt=26.337588	n_electrons=2.000000	n_muons=0.000000
n2p:	Event not found in two_jet or zero_to_one_jet

--- Event 193785 (DNA:two_jet -> n2p:two_jet/zero_to_one_jet) ---
DNA (two_jet):	event=193785.000000	run=1.000000	luminosityBlock=194.000000	n_jets=2.000000	n_b_jets=0.000000	jet_1_pt=97.226445	jet_1_eta=0.142456	jet_2_pt=30.904751	jet_2_eta=-4.175781	jet_2_phi=-2.183105	jet_3_pt=-999.000000	jet_3_eta=-999.000000	jet_3_phi=-999.000000	MET_pt=22.208846	n_electrons=0.000000	n_muons=2.000000
n2p (zero_to_one_jet):	event=193785.000000	n_jets=1.000000	nbdfm=0.000000	jet_1_pt=97.239281	jet_1_eta=0.142456	jet_2_pt=-999.000000	jet_2_eta=-999.000000	j2_phi=-999.000000	j3_pt=-999.000000	j3_eta=-999.000000	j3_phi=-999.000000	met=18.968660	nel=0.000000	nmu=2.000000
Diff:	n_jets-n_jets=-1.000000	jet_1_pt-jet_1_pt=0.012836	jet_2_pt-jet_2_pt=-1029.904751	jet_2_eta-jet_2_eta=-994.824219	j2_phi-jet_2_phi=-996.816895	met-MET_pt=-3.240186

--- Event 195018 (DNA:two_jet -> n2p:two_jet/zero_to_one_jet) ---
DNA (two_jet):	event=195018.000000	run=1.000000	luminosityBlock=196.000000	n_jets=2.000000	n_b_jets=0.000000	jet_1_pt=46.280911	jet_1_eta=1.892090	jet_2_pt=32.078870	jet_2_eta=-4.197266	jet_2_phi=-1.364502	jet_3_pt=-999.000000	jet_3_eta=-999.000000	jet_3_phi=-999.000000	MET_pt=51.281303	n_electrons=0.000000	n_muons=2.000000
n2p (zero_to_one_jet):	event=195018.000000	n_jets=1.000000	nbdfm=0.000000	jet_1_pt=46.181965	jet_1_eta=1.892090	jet_2_pt=-999.000000	jet_2_eta=-999.000000	j2_phi=-999.000000	j3_pt=-999.000000	j3_eta=-999.000000	j3_phi=-999.000000	met=37.684143	nel=0.000000	nmu=2.000000
Diff:	n_jets-n_jets=-1.000000	jet_1_pt-jet_1_pt=-0.098946	jet_2_pt-jet_2_pt=-1031.078870	jet_2_eta-jet_2_eta=-994.802734	j2_phi-jet_2_phi=-997.635498	met-MET_pt=-13.597160

--- Event 196272 (DNA:two_jet -> n2p:two_jet/zero_to_one_jet) ---
DNA (two_jet):	event=196272.000000	run=1.000000	luminosityBlock=197.000000	n_jets=2.000000	n_b_jets=0.000000	jet_1_pt=32.870523	jet_1_eta=-1.110107	jet_2_pt=32.131831	jet_2_eta=-4.496094	jet_2_phi=2.105957	jet_3_pt=-999.000000	jet_3_eta=-999.000000	jet_3_phi=-999.000000	MET_pt=13.721627	n_electrons=0.000000	n_muons=2.000000
n2p (zero_to_one_jet):	event=196272.000000	n_jets=1.000000	nbdfm=0.000000	jet_1_pt=32.928459	jet_1_eta=-1.110107	jet_2_pt=-999.000000	jet_2_eta=-999.000000	j2_phi=-999.000000	j3_pt=-999.000000	j3_eta=-999.000000	j3_phi=-999.000000	met=11.552463	nel=0.000000	nmu=2.000000
Diff:	n_jets-n_jets=-1.000000	jet_1_pt-jet_1_pt=0.057936	jet_2_pt-jet_2_pt=-1031.131831	jet_2_eta-jet_2_eta=-994.503906	j2_phi-jet_2_phi=-1001.105957	met-MET_pt=-2.169164

--- Event 197342 (DNA:two_jet -> n2p:two_jet/zero_to_one_jet) ---
DNA (two_jet):	event=197342.000000	run=1.000000	luminosityBlock=198.000000	n_jets=2.000000	n_b_jets=0.000000	jet_1_pt=39.034239	jet_1_eta=-0.258850	jet_2_pt=30.297080	jet_2_eta=-3.856445	jet_2_phi=0.563110	jet_3_pt=-999.000000	jet_3_eta=-999.000000	jet_3_phi=-999.000000	MET_pt=64.960604	n_electrons=0.000000	n_muons=2.000000
n2p (zero_to_one_jet):	event=197342.000000	n_jets=1.000000	nbdfm=0.000000	jet_1_pt=38.934242	jet_1_eta=-0.258850	jet_2_pt=-999.000000	jet_2_eta=-999.000000	j2_phi=-999.000000	j3_pt=-999.000000	j3_eta=-999.000000	j3_phi=-999.000000	met=62.587822	nel=0.000000	nmu=2.000000
Diff:	n_jets-n_jets=-1.000000	jet_1_pt-jet_1_pt=-0.099996	jet_2_pt-jet_2_pt=-1029.297080	jet_2_eta-jet_2_eta=-995.143555	j2_phi-jet_2_phi=-999.563110	met-MET_pt=-2.372782

--- Event 198360 (DNA:two_jet -> n2p:two_jet/zero_to_one_jet) ---
DNA (two_jet):	event=198360.000000	run=1.000000	luminosityBlock=199.000000	n_jets=2.000000	n_b_jets=0.000000	jet_1_pt=81.811248	jet_1_eta=0.538696	jet_2_pt=48.445550	jet_2_eta=1.984131	jet_2_phi=-1.652832	jet_3_pt=-999.000000	jet_3_eta=-999.000000	jet_3_phi=-999.000000	MET_pt=34.429783	n_electrons=2.000000	n_muons=0.000000
n2p (zero_to_one_jet):	event=198360.000000	n_jets=1.000000	nbdfm=0.000000	jet_1_pt=81.840363	jet_1_eta=0.538696	jet_2_pt=-999.000000	jet_2_eta=-999.000000	j2_phi=-999.000000	j3_pt=-999.000000	j3_eta=-999.000000	j3_phi=-999.000000	met=34.258915	nel=2.000000	nmu=0.000000
Diff:	n_jets-n_jets=-1.000000	jet_1_pt-jet_1_pt=0.029114	jet_2_pt-jet_2_pt=-1047.445550	jet_2_eta-jet_2_eta=-1000.984131	j2_phi-jet_2_phi=-997.347168	met-MET_pt=-0.170868

--- Event 199154 (DNA:two_jet -> n2p:two_jet/zero_to_one_jet) ---
DNA (two_jet):	event=199154.000000	run=1.000000	luminosityBlock=200.000000	n_jets=2.000000	n_b_jets=0.000000	jet_1_pt=39.499897	jet_1_eta=1.994385	jet_2_pt=31.576216	jet_2_eta=-3.745605	jet_2_phi=-1.309814	jet_3_pt=-999.000000	jet_3_eta=-999.000000	jet_3_phi=-999.000000	MET_pt=99.134832	n_electrons=2.000000	n_muons=0.000000
n2p:	Event not found in two_jet or zero_to_one_jet

--- Event 200745 (DNA:two_jet -> n2p:two_jet/zero_to_one_jet) ---
DNA (two_jet):	event=200745.000000	run=1.000000	luminosityBlock=201.000000	n_jets=2.000000	n_b_jets=0.000000	jet_1_pt=42.996875	jet_1_eta=-2.496582	jet_2_pt=30.357675	jet_2_eta=-3.571289	jet_2_phi=1.599365	jet_3_pt=-999.000000	jet_3_eta=-999.000000	jet_3_phi=-999.000000	MET_pt=31.027065	n_electrons=0.000000	n_muons=2.000000
n2p (zero_to_one_jet):	event=200745.000000	n_jets=1.000000	nbdfm=0.000000	jet_1_pt=42.348721	jet_1_eta=-2.496582	jet_2_pt=-999.000000	jet_2_eta=-999.000000	j2_phi=-999.000000	j3_pt=-999.000000	j3_eta=-999.000000	j3_phi=-999.000000	met=32.823513	nel=0.000000	nmu=2.000000
Diff:	n_jets-n_jets=-1.000000	jet_1_pt-jet_1_pt=-0.648154	jet_2_pt-jet_2_pt=-1029.357675	jet_2_eta-jet_2_eta=-995.428711	j2_phi-jet_2_phi=-1000.599365	met-MET_pt=1.796448

--- Event 201544 (DNA:two_jet -> n2p:two_jet/zero_to_one_jet) ---
DNA (two_jet):	event=201544.000000	run=1.000000	luminosityBlock=202.000000	n_jets=2.000000	n_b_jets=0.000000	jet_1_pt=32.913113	jet_1_eta=-2.324707	jet_2_pt=30.680470	jet_2_eta=-0.119568	jet_2_phi=2.140137	jet_3_pt=-999.000000	jet_3_eta=-999.000000	jet_3_phi=-999.000000	MET_pt=39.250238	n_electrons=2.000000	n_muons=0.000000
n2p (zero_to_one_jet):	event=201544.000000	n_jets=1.000000	nbdfm=0.000000	jet_1_pt=32.419865	jet_1_eta=-2.324707	jet_2_pt=-999.000000	jet_2_eta=-999.000000	j2_phi=-999.000000	j3_pt=-999.000000	j3_eta=-999.000000	j3_phi=-999.000000	met=18.918566	nel=2.000000	nmu=0.000000
Diff:	n_jets-n_jets=-1.000000	jet_1_pt-jet_1_pt=-0.493248	jet_2_pt-jet_2_pt=-1029.680470	jet_2_eta-jet_2_eta=-998.880432	j2_phi-jet_2_phi=-1001.140137	met-MET_pt=-20.331672

--- Event 202481 (DNA:two_jet -> n2p:two_jet/zero_to_one_jet) ---
DNA (two_jet):	event=202481.000000	run=1.000000	luminosityBlock=203.000000	n_jets=2.000000	n_b_jets=0.000000	jet_1_pt=106.748478	jet_1_eta=0.102692	jet_2_pt=53.003762	jet_2_eta=-2.768555	jet_2_phi=0.998779	jet_3_pt=-999.000000	jet_3_eta=-999.000000	jet_3_phi=-999.000000	MET_pt=34.970222	n_electrons=0.000000	n_muons=2.000000
n2p (zero_to_one_jet):	event=202481.000000	n_jets=1.000000	nbdfm=0.000000	jet_1_pt=106.764603	jet_1_eta=0.102692	jet_2_pt=-999.000000	jet_2_eta=-999.000000	j2_phi=-999.000000	j3_pt=-999.000000	j3_eta=-999.000000	j3_phi=-999.000000	met=29.153173	nel=0.000000	nmu=2.000000
Diff:	n_jets-n_jets=-1.000000	jet_1_pt-jet_1_pt=0.016124	jet_2_pt-jet_2_pt=-1052.003762	jet_2_eta-jet_2_eta=-996.231445	j2_phi-jet_2_phi=-999.998779	met-MET_pt=-5.817049

--- Event 203532 (DNA:two_jet -> n2p:two_jet/zero_to_one_jet) ---
DNA (two_jet):	event=203532.000000	run=1.000000	luminosityBlock=204.000000	n_jets=2.000000	n_b_jets=0.000000	jet_1_pt=50.533839	jet_1_eta=-0.947510	jet_2_pt=30.342817	jet_2_eta=-2.368164	jet_2_phi=0.536499	jet_3_pt=-999.000000	jet_3_eta=-999.000000	jet_3_phi=-999.000000	MET_pt=67.188337	n_electrons=0.000000	n_muons=2.000000
n2p (zero_to_one_jet):	event=203532.000000	n_jets=1.000000	nbdfm=0.000000	jet_1_pt=50.377407	jet_1_eta=-0.947510	jet_2_pt=-999.000000	jet_2_eta=-999.000000	j2_phi=-999.000000	j3_pt=-999.000000	j3_eta=-999.000000	j3_phi=-999.000000	met=63.471596	nel=0.000000	nmu=2.000000
Diff:	n_jets-n_jets=-1.000000	jet_1_pt-jet_1_pt=-0.156432	jet_2_pt-jet_2_pt=-1029.342817	jet_2_eta-jet_2_eta=-996.631836	j2_phi-jet_2_phi=-999.536499	met-MET_pt=-3.716742

--- Event 203569 (DNA:two_jet -> n2p:two_jet/zero_to_one_jet) ---
DNA (two_jet):	event=203569.000000	run=1.000000	luminosityBlock=204.000000	n_jets=2.000000	n_b_jets=0.000000	jet_1_pt=36.437315	jet_1_eta=-1.410645	jet_2_pt=31.141976	jet_2_eta=-4.541016	jet_2_phi=-2.532227	jet_3_pt=-999.000000	jet_3_eta=-999.000000	jet_3_phi=-999.000000	MET_pt=28.657833	n_electrons=2.000000	n_muons=0.000000
n2p (zero_to_one_jet):	event=203569.000000	n_jets=1.000000	nbdfm=0.000000	jet_1_pt=36.392006	jet_1_eta=-1.410645	jet_2_pt=-999.000000	jet_2_eta=-999.000000	j2_phi=-999.000000	j3_pt=-999.000000	j3_eta=-999.000000	j3_phi=-999.000000	met=26.357859	nel=2.000000	nmu=0.000000
Diff:	n_jets-n_jets=-1.000000	jet_1_pt-jet_1_pt=-0.045309	jet_2_pt-jet_2_pt=-1030.141976	jet_2_eta-jet_2_eta=-994.458984	j2_phi-jet_2_phi=-996.467773	met-MET_pt=-2.299974

--- Event 204584 (DNA:two_jet -> n2p:two_jet/zero_to_one_jet) ---
DNA (two_jet):	event=204584.000000	run=1.000000	luminosityBlock=205.000000	n_jets=2.000000	n_b_jets=0.000000	jet_1_pt=42.480230	jet_1_eta=-1.761475	jet_2_pt=39.203037	jet_2_eta=-4.622070	jet_2_phi=-2.439453	jet_3_pt=-999.000000	jet_3_eta=-999.000000	jet_3_phi=-999.000000	MET_pt=40.835467	n_electrons=0.000000	n_muons=2.000000
n2p (zero_to_one_jet):	event=204584.000000	n_jets=1.000000	nbdfm=0.000000	jet_1_pt=42.431213	jet_1_eta=-1.761475	jet_2_pt=-999.000000	jet_2_eta=-999.000000	j2_phi=-999.000000	j3_pt=-999.000000	j3_eta=-999.000000	j3_phi=-999.000000	met=24.754606	nel=0.000000	nmu=2.000000
Diff:	n_jets-n_jets=-1.000000	jet_1_pt-jet_1_pt=-0.049017	jet_2_pt-jet_2_pt=-1038.203037	jet_2_eta-jet_2_eta=-994.377930	j2_phi-jet_2_phi=-996.560547	met-MET_pt=-16.080861

--- Event 205986 (DNA:two_jet -> n2p:two_jet/zero_to_one_jet) ---
DNA (two_jet):	event=205986.000000	run=1.000000	luminosityBlock=206.000000	n_jets=2.000000	n_b_jets=0.000000	jet_1_pt=42.938248	jet_1_eta=-1.129883	jet_2_pt=31.261326	jet_2_eta=-3.342285	jet_2_phi=1.484131	jet_3_pt=-999.000000	jet_3_eta=-999.000000	jet_3_phi=-999.000000	MET_pt=34.728331	n_electrons=0.000000	n_muons=2.000000
n2p (zero_to_one_jet):	event=205986.000000	n_jets=1.000000	nbdfm=0.000000	jet_1_pt=42.978844	jet_1_eta=-1.129883	jet_2_pt=-999.000000	jet_2_eta=-999.000000	j2_phi=-999.000000	j3_pt=-999.000000	j3_eta=-999.000000	j3_phi=-999.000000	met=32.990608	nel=0.000000	nmu=2.000000
Diff:	n_jets-n_jets=-1.000000	jet_1_pt-jet_1_pt=0.040595	jet_2_pt-jet_2_pt=-1030.261326	jet_2_eta-jet_2_eta=-995.657715	j2_phi-jet_2_phi=-1000.484131	met-MET_pt=-1.737722

--- Event 206579 (DNA:two_jet -> n2p:two_jet/zero_to_one_jet) ---
DNA (two_jet):	event=206579.000000	run=1.000000	luminosityBlock=207.000000	n_jets=2.000000	n_b_jets=0.000000	jet_1_pt=33.215933	jet_1_eta=1.005371	jet_2_pt=32.199490	jet_2_eta=3.208496	jet_2_phi=-1.319824	jet_3_pt=-999.000000	jet_3_eta=-999.000000	jet_3_phi=-999.000000	MET_pt=19.165098	n_electrons=2.000000	n_muons=0.000000
n2p (zero_to_one_jet):	event=206579.000000	n_jets=1.000000	nbdfm=0.000000	jet_1_pt=33.252346	jet_1_eta=1.005371	jet_2_pt=-999.000000	jet_2_eta=-999.000000	j2_phi=-999.000000	j3_pt=-999.000000	j3_eta=-999.000000	j3_phi=-999.000000	met=28.971352	nel=2.000000	nmu=0.000000
Diff:	n_jets-n_jets=-1.000000	jet_1_pt-jet_1_pt=0.036413	jet_2_pt-jet_2_pt=-1031.199490	jet_2_eta-jet_2_eta=-1002.208496	j2_phi-jet_2_phi=-997.680176	met-MET_pt=9.806254

--- Event 207439 (DNA:two_jet -> n2p:two_jet/zero_to_one_jet) ---
DNA (two_jet):	event=207439.000000	run=1.000000	luminosityBlock=208.000000	n_jets=2.000000	n_b_jets=0.000000	jet_1_pt=57.486927	jet_1_eta=-2.790039	jet_2_pt=38.643900	jet_2_eta=3.339844	jet_2_phi=-1.135010	jet_3_pt=-999.000000	jet_3_eta=-999.000000	jet_3_phi=-999.000000	MET_pt=14.786101	n_electrons=2.000000	n_muons=0.000000
n2p (zero_to_one_jet):	event=207439.000000	n_jets=1.000000	nbdfm=0.000000	jet_1_pt=34.526619	jet_1_eta=3.339844	jet_2_pt=-999.000000	jet_2_eta=-999.000000	j2_phi=-999.000000	j3_pt=-999.000000	j3_eta=-999.000000	j3_phi=-999.000000	met=12.349939	nel=2.000000	nmu=0.000000
Diff:	n_jets-n_jets=-1.000000	jet_1_pt-jet_1_pt=-22.960308	jet_1_eta-jet_1_eta=6.129883	jet_2_pt-jet_2_pt=-1037.643900	jet_2_eta-jet_2_eta=-1002.339844	j2_phi-jet_2_phi=-997.864990	met-MET_pt=-2.436162

--- Event 207478 (DNA:two_jet -> n2p:two_jet/zero_to_one_jet) ---
DNA (two_jet):	event=207478.000000	run=1.000000	luminosityBlock=208.000000	n_jets=2.000000	n_b_jets=0.000000	jet_1_pt=30.461850	jet_1_eta=-0.896118	jet_2_pt=30.024925	jet_2_eta=3.643066	jet_2_phi=1.135254	jet_3_pt=-999.000000	jet_3_eta=-999.000000	jet_3_phi=-999.000000	MET_pt=59.076880	n_electrons=2.000000	n_muons=0.000000
n2p (zero_to_one_jet):	event=207478.000000	n_jets=1.000000	nbdfm=0.000000	jet_1_pt=30.447939	jet_1_eta=-0.896118	jet_2_pt=-999.000000	jet_2_eta=-999.000000	j2_phi=-999.000000	j3_pt=-999.000000	j3_eta=-999.000000	j3_phi=-999.000000	met=56.129841	nel=2.000000	nmu=0.000000
Diff:	n_jets-n_jets=-1.000000	jet_1_pt-jet_1_pt=-0.013911	jet_2_pt-jet_2_pt=-1029.024925	jet_2_eta-jet_2_eta=-1002.643066	j2_phi-jet_2_phi=-1000.135254	met-MET_pt=-2.947039

--- Event 207784 (DNA:two_jet -> n2p:two_jet/zero_to_one_jet) ---
DNA (two_jet):	event=207784.000000	run=1.000000	luminosityBlock=208.000000	n_jets=2.000000	n_b_jets=0.000000	jet_1_pt=50.274588	jet_1_eta=-2.538574	jet_2_pt=46.160811	jet_2_eta=-0.994629	jet_2_phi=-2.399414	jet_3_pt=-999.000000	jet_3_eta=-999.000000	jet_3_phi=-999.000000	MET_pt=64.827368	n_electrons=0.000000	n_muons=2.000000
n2p (zero_to_one_jet):	event=207784.000000	n_jets=1.000000	nbdfm=0.000000	jet_1_pt=46.162643	jet_1_eta=-0.994629	jet_2_pt=-999.000000	jet_2_eta=-999.000000	j2_phi=-999.000000	j3_pt=-999.000000	j3_eta=-999.000000	j3_phi=-999.000000	met=53.733524	nel=0.000000	nmu=2.000000
Diff:	n_jets-n_jets=-1.000000	jet_1_pt-jet_1_pt=-4.111944	jet_1_eta-jet_1_eta=1.543945	jet_2_pt-jet_2_pt=-1045.160811	jet_2_eta-jet_2_eta=-998.005371	j2_phi-jet_2_phi=-996.600586	met-MET_pt=-11.093844

--- Event 210522 (DNA:two_jet -> n2p:two_jet/zero_to_one_jet) ---
DNA (two_jet):	event=210522.000000	run=1.000000	luminosityBlock=211.000000	n_jets=2.000000	n_b_jets=0.000000	jet_1_pt=80.750695	jet_1_eta=-0.347412	jet_2_pt=38.488447	jet_2_eta=3.150879	jet_2_phi=-0.696777	jet_3_pt=-999.000000	jet_3_eta=-999.000000	jet_3_phi=-999.000000	MET_pt=28.131217	n_electrons=2.000000	n_muons=0.000000
n2p (zero_to_one_jet):	event=210522.000000	n_jets=1.000000	nbdfm=0.000000	jet_1_pt=80.783920	jet_1_eta=-0.347412	jet_2_pt=-999.000000	jet_2_eta=-999.000000	j2_phi=-999.000000	j3_pt=-999.000000	j3_eta=-999.000000	j3_phi=-999.000000	met=25.635387	nel=2.000000	nmu=0.000000
Diff:	n_jets-n_jets=-1.000000	jet_1_pt-jet_1_pt=0.033226	jet_2_pt-jet_2_pt=-1037.488447	jet_2_eta-jet_2_eta=-1002.150879	j2_phi-jet_2_phi=-998.303223	met-MET_pt=-2.495829

--- Event 211265 (DNA:two_jet -> n2p:two_jet/zero_to_one_jet) ---
DNA (two_jet):	event=211265.000000	run=1.000000	luminosityBlock=212.000000	n_jets=2.000000	n_b_jets=0.000000	jet_1_pt=31.700497	jet_1_eta=0.440552	jet_2_pt=31.116887	jet_2_eta=-2.482910	jet_2_phi=-0.162537	jet_3_pt=-999.000000	jet_3_eta=-999.000000	jet_3_phi=-999.000000	MET_pt=42.500290	n_electrons=0.000000	n_muons=2.000000
n2p (zero_to_one_jet):	event=211265.000000	n_jets=1.000000	nbdfm=0.000000	jet_1_pt=31.714882	jet_1_eta=0.440552	jet_2_pt=-999.000000	jet_2_eta=-999.000000	j2_phi=-999.000000	j3_pt=-999.000000	j3_eta=-999.000000	j3_phi=-999.000000	met=38.035126	nel=0.000000	nmu=2.000000
Diff:	n_jets-n_jets=-1.000000	jet_1_pt-jet_1_pt=0.014385	jet_2_pt-jet_2_pt=-1030.116887	jet_2_eta-jet_2_eta=-996.517090	j2_phi-jet_2_phi=-998.837463	met-MET_pt=-4.465165

--- Event 211318 (DNA:two_jet -> n2p:two_jet/zero_to_one_jet) ---
DNA (two_jet):	event=211318.000000	run=1.000000	luminosityBlock=212.000000	n_jets=2.000000	n_b_jets=0.000000	jet_1_pt=34.543644	jet_1_eta=-1.045166	jet_2_pt=30.243054	jet_2_eta=2.394043	jet_2_phi=0.348572	jet_3_pt=-999.000000	jet_3_eta=-999.000000	jet_3_phi=-999.000000	MET_pt=0.000000	n_electrons=2.000000	n_muons=0.000000
n2p (zero_to_one_jet):	event=211318.000000	n_jets=1.000000	nbdfm=0.000000	jet_1_pt=34.597214	jet_1_eta=-1.045166	jet_2_pt=-999.000000	jet_2_eta=-999.000000	j2_phi=-999.000000	j3_pt=-999.000000	j3_eta=-999.000000	j3_phi=-999.000000	met=34.498581	nel=2.000000	nmu=0.000000
Diff:	n_jets-n_jets=-1.000000	jet_1_pt-jet_1_pt=0.053570	jet_2_pt-jet_2_pt=-1029.243054	jet_2_eta-jet_2_eta=-1001.394043	j2_phi-jet_2_phi=-999.348572	met-MET_pt=34.498581

--- Event 212052 (DNA:two_jet -> n2p:two_jet/zero_to_one_jet) ---
DNA (two_jet):	event=212052.000000	run=1.000000	luminosityBlock=213.000000	n_jets=3.000000	n_b_jets=0.000000	jet_1_pt=47.301772	jet_1_eta=3.034668	jet_2_pt=35.631409	jet_2_eta=-4.107422	jet_2_phi=-1.134033	jet_3_pt=32.004737	jet_3_eta=-0.122269	jet_3_phi=2.115234	MET_pt=42.294124	n_electrons=2.000000	n_muons=0.000000
n2p:	Event not found in two_jet or zero_to_one_jet

--- Event 213800 (DNA:two_jet -> n2p:two_jet/zero_to_one_jet) ---
DNA (two_jet):	event=213800.000000	run=1.000000	luminosityBlock=214.000000	n_jets=2.000000	n_b_jets=0.000000	jet_1_pt=152.173350	jet_1_eta=-2.145996	jet_2_pt=106.490091	jet_2_eta=-1.049072	jet_2_phi=-1.118652	jet_3_pt=-999.000000	jet_3_eta=-999.000000	jet_3_phi=-999.000000	MET_pt=60.222748	n_electrons=0.000000	n_muons=2.000000
n2p (zero_to_one_jet):	event=213800.000000	n_jets=1.000000	nbdfm=0.000000	jet_1_pt=150.885696	jet_1_eta=-2.145996	jet_2_pt=-999.000000	jet_2_eta=-999.000000	j2_phi=-999.000000	j3_pt=-999.000000	j3_eta=-999.000000	j3_phi=-999.000000	met=59.745155	nel=0.000000	nmu=2.000000
Diff:	n_jets-n_jets=-1.000000	jet_1_pt-jet_1_pt=-1.287654	jet_2_pt-jet_2_pt=-1105.490091	jet_2_eta-jet_2_eta=-997.950928	j2_phi-jet_2_phi=-997.881348	met-MET_pt=-0.477593

--- Event 215272 (DNA:two_jet -> n2p:two_jet/zero_to_one_jet) ---
DNA (two_jet):	event=215272.000000	run=1.000000	luminosityBlock=216.000000	n_jets=2.000000	n_b_jets=0.000000	jet_1_pt=93.497578	jet_1_eta=-1.945557	jet_2_pt=30.668406	jet_2_eta=3.269531	jet_2_phi=1.766602	jet_3_pt=-999.000000	jet_3_eta=-999.000000	jet_3_phi=-999.000000	MET_pt=41.103633	n_electrons=0.000000	n_muons=2.000000
n2p (zero_to_one_jet):	event=215272.000000	n_jets=1.000000	nbdfm=0.000000	jet_1_pt=92.966896	jet_1_eta=-1.945557	jet_2_pt=-999.000000	jet_2_eta=-999.000000	j2_phi=-999.000000	j3_pt=-999.000000	j3_eta=-999.000000	j3_phi=-999.000000	met=39.125755	nel=0.000000	nmu=2.000000
Diff:	n_jets-n_jets=-1.000000	jet_1_pt-jet_1_pt=-0.530682	jet_2_pt-jet_2_pt=-1029.668406	jet_2_eta-jet_2_eta=-1002.269531	j2_phi-jet_2_phi=-1000.766602	met-MET_pt=-1.977878

--- Event 215355 (DNA:two_jet -> n2p:two_jet/zero_to_one_jet) ---
DNA (two_jet):	event=215355.000000	run=1.000000	luminosityBlock=216.000000	n_jets=2.000000	n_b_jets=0.000000	jet_1_pt=63.275362	jet_1_eta=0.815674	jet_2_pt=31.455884	jet_2_eta=-3.505371	jet_2_phi=-0.020000	jet_3_pt=-999.000000	jet_3_eta=-999.000000	jet_3_phi=-999.000000	MET_pt=82.301356	n_electrons=2.000000	n_muons=0.000000
n2p (zero_to_one_jet):	event=215355.000000	n_jets=1.000000	nbdfm=0.000000	jet_1_pt=63.262623	jet_1_eta=0.815674	jet_2_pt=-999.000000	jet_2_eta=-999.000000	j2_phi=-999.000000	j3_pt=-999.000000	j3_eta=-999.000000	j3_phi=-999.000000	met=76.010994	nel=2.000000	nmu=0.000000
Diff:	n_jets-n_jets=-1.000000	jet_1_pt-jet_1_pt=-0.012739	jet_2_pt-jet_2_pt=-1030.455884	jet_2_eta-jet_2_eta=-995.494629	j2_phi-jet_2_phi=-998.980000	met-MET_pt=-6.290362

--- Event 215876 (DNA:two_jet -> n2p:two_jet/zero_to_one_jet) ---
DNA (two_jet):	event=215876.000000	run=1.000000	luminosityBlock=216.000000	n_jets=2.000000	n_b_jets=0.000000	jet_1_pt=77.500486	jet_1_eta=3.610840	jet_2_pt=54.032075	jet_2_eta=3.234375	jet_2_phi=-2.205078	jet_3_pt=-999.000000	jet_3_eta=-999.000000	jet_3_phi=-999.000000	MET_pt=30.089282	n_electrons=2.000000	n_muons=0.000000
n2p:	Event not found in two_jet or zero_to_one_jet

--- Event 216591 (DNA:two_jet -> n2p:two_jet/zero_to_one_jet) ---
DNA (two_jet):	event=216591.000000	run=1.000000	luminosityBlock=217.000000	n_jets=2.000000	n_b_jets=0.000000	jet_1_pt=50.389704	jet_1_eta=-0.304932	jet_2_pt=41.898409	jet_2_eta=-3.134277	jet_2_phi=-2.148438	jet_3_pt=-999.000000	jet_3_eta=-999.000000	jet_3_phi=-999.000000	MET_pt=25.955627	n_electrons=2.000000	n_muons=0.000000
n2p:	Event not found in two_jet or zero_to_one_jet

--- Event 216801 (DNA:two_jet -> n2p:two_jet/zero_to_one_jet) ---
DNA (two_jet):	event=216801.000000	run=1.000000	luminosityBlock=217.000000	n_jets=2.000000	n_b_jets=0.000000	jet_1_pt=45.126515	jet_1_eta=-1.084229	jet_2_pt=40.709816	jet_2_eta=-3.774414	jet_2_phi=-0.261719	jet_3_pt=-999.000000	jet_3_eta=-999.000000	jet_3_phi=-999.000000	MET_pt=23.853314	n_electrons=2.000000	n_muons=0.000000
n2p (zero_to_one_jet):	event=216801.000000	n_jets=1.000000	nbdfm=0.000000	jet_1_pt=45.155304	jet_1_eta=-1.084229	jet_2_pt=-999.000000	jet_2_eta=-999.000000	j2_phi=-999.000000	j3_pt=-999.000000	j3_eta=-999.000000	j3_phi=-999.000000	met=1.717887	nel=2.000000	nmu=0.000000
Diff:	n_jets-n_jets=-1.000000	jet_1_pt-jet_1_pt=0.028789	jet_2_pt-jet_2_pt=-1039.709816	jet_2_eta-jet_2_eta=-995.225586	j2_phi-jet_2_phi=-998.738281	met-MET_pt=-22.135427

--- Event 216814 (DNA:two_jet -> n2p:two_jet/zero_to_one_jet) ---
DNA (two_jet):	event=216814.000000	run=1.000000	luminosityBlock=217.000000	n_jets=2.000000	n_b_jets=0.000000	jet_1_pt=69.600569	jet_1_eta=-2.660645	jet_2_pt=55.511454	jet_2_eta=2.115234	jet_2_phi=-0.892456	jet_3_pt=-999.000000	jet_3_eta=-999.000000	jet_3_phi=-999.000000	MET_pt=0.000000	n_electrons=2.000000	n_muons=0.000000
n2p:	Event not found in two_jet or zero_to_one_jet

--- Event 217265 (DNA:two_jet -> n2p:two_jet/zero_to_one_jet) ---
DNA (two_jet):	event=217265.000000	run=1.000000	luminosityBlock=218.000000	n_jets=2.000000	n_b_jets=0.000000	jet_1_pt=44.220143	jet_1_eta=-1.353760	jet_2_pt=31.511234	jet_2_eta=4.257812	jet_2_phi=-1.702393	jet_3_pt=-999.000000	jet_3_eta=-999.000000	jet_3_phi=-999.000000	MET_pt=25.524025	n_electrons=0.000000	n_muons=2.000000
n2p (zero_to_one_jet):	event=217265.000000	n_jets=1.000000	nbdfm=0.000000	jet_1_pt=44.304001	jet_1_eta=-1.353760	jet_2_pt=-999.000000	jet_2_eta=-999.000000	j2_phi=-999.000000	j3_pt=-999.000000	j3_eta=-999.000000	j3_phi=-999.000000	met=24.469011	nel=0.000000	nmu=2.000000
Diff:	n_jets-n_jets=-1.000000	jet_1_pt-jet_1_pt=0.083858	jet_2_pt-jet_2_pt=-1030.511234	jet_2_eta-jet_2_eta=-1003.257812	j2_phi-jet_2_phi=-997.297607	met-MET_pt=-1.055014

--- Event 217398 (DNA:two_jet -> n2p:two_jet/zero_to_one_jet) ---
DNA (two_jet):	event=217398.000000	run=1.000000	luminosityBlock=218.000000	n_jets=2.000000	n_b_jets=0.000000	jet_1_pt=36.781529	jet_1_eta=-1.678955	jet_2_pt=31.480307	jet_2_eta=-3.844727	jet_2_phi=-2.706055	jet_3_pt=-999.000000	jet_3_eta=-999.000000	jet_3_phi=-999.000000	MET_pt=4.525753	n_electrons=0.000000	n_muons=2.000000
n2p (zero_to_one_jet):	event=217398.000000	n_jets=1.000000	nbdfm=0.000000	jet_1_pt=36.757282	jet_1_eta=-1.678955	jet_2_pt=-999.000000	jet_2_eta=-999.000000	j2_phi=-999.000000	j3_pt=-999.000000	j3_eta=-999.000000	j3_phi=-999.000000	met=9.171530	nel=0.000000	nmu=2.000000
Diff:	n_jets-n_jets=-1.000000	jet_1_pt-jet_1_pt=-0.024247	jet_2_pt-jet_2_pt=-1030.480307	jet_2_eta-jet_2_eta=-995.155273	j2_phi-jet_2_phi=-996.293945	met-MET_pt=4.645777

--- Event 217893 (DNA:two_jet -> n2p:two_jet/zero_to_one_jet) ---
DNA (two_jet):	event=217893.000000	run=1.000000	luminosityBlock=218.000000	n_jets=2.000000	n_b_jets=0.000000	jet_1_pt=32.798863	jet_1_eta=-2.443359	jet_2_pt=30.145158	jet_2_eta=-2.495117	jet_2_phi=-0.020599	jet_3_pt=-999.000000	jet_3_eta=-999.000000	jet_3_phi=-999.000000	MET_pt=0.000000	n_electrons=0.000000	n_muons=2.000000
n2p (zero_to_one_jet):	event=217893.000000	n_jets=1.000000	nbdfm=0.000000	jet_1_pt=36.940456	jet_1_eta=-2.443359	jet_2_pt=-999.000000	jet_2_eta=-999.000000	j2_phi=-999.000000	j3_pt=-999.000000	j3_eta=-999.000000	j3_phi=-999.000000	met=30.496117	nel=0.000000	nmu=2.000000
Diff:	n_jets-n_jets=-1.000000	jet_1_pt-jet_1_pt=4.141594	jet_2_pt-jet_2_pt=-1029.145158	jet_2_eta-jet_2_eta=-996.504883	j2_phi-jet_2_phi=-998.979401	met-MET_pt=30.496117

--- Event 218053 (DNA:two_jet -> n2p:two_jet/zero_to_one_jet) ---
DNA (two_jet):	event=218053.000000	run=1.000000	luminosityBlock=219.000000	n_jets=2.000000	n_b_jets=0.000000	jet_1_pt=31.617217	jet_1_eta=1.670410	jet_2_pt=30.060399	jet_2_eta=3.222168	jet_2_phi=-0.061966	jet_3_pt=-999.000000	jet_3_eta=-999.000000	jet_3_phi=-999.000000	MET_pt=49.596619	n_electrons=2.000000	n_muons=0.000000
n2p (zero_to_one_jet):	event=218053.000000	n_jets=1.000000	nbdfm=0.000000	jet_1_pt=31.584057	jet_1_eta=1.670410	jet_2_pt=-999.000000	jet_2_eta=-999.000000	j2_phi=-999.000000	j3_pt=-999.000000	j3_eta=-999.000000	j3_phi=-999.000000	met=34.283119	nel=2.000000	nmu=0.000000
Diff:	n_jets-n_jets=-1.000000	jet_1_pt-jet_1_pt=-0.033160	jet_2_pt-jet_2_pt=-1029.060399	jet_2_eta-jet_2_eta=-1002.222168	j2_phi-jet_2_phi=-998.938034	met-MET_pt=-15.313500

--- Event 219154 (DNA:two_jet -> n2p:two_jet/zero_to_one_jet) ---
DNA (two_jet):	event=219154.000000	run=1.000000	luminosityBlock=220.000000	n_jets=2.000000	n_b_jets=0.000000	jet_1_pt=31.355634	jet_1_eta=-1.134766	jet_2_pt=31.148048	jet_2_eta=-1.552002	jet_2_phi=1.437012	jet_3_pt=-999.000000	jet_3_eta=-999.000000	jet_3_phi=-999.000000	MET_pt=25.201617	n_electrons=0.000000	n_muons=2.000000
n2p (zero_to_one_jet):	event=219154.000000	n_jets=1.000000	nbdfm=0.000000	jet_1_pt=32.184544	jet_1_eta=-1.552002	jet_2_pt=-999.000000	jet_2_eta=-999.000000	j2_phi=-999.000000	j3_pt=-999.000000	j3_eta=-999.000000	j3_phi=-999.000000	met=29.774845	nel=0.000000	nmu=2.000000
Diff:	n_jets-n_jets=-1.000000	jet_1_pt-jet_1_pt=0.828910	jet_1_eta-jet_1_eta=-0.417236	jet_2_pt-jet_2_pt=-1030.148048	jet_2_eta-jet_2_eta=-997.447998	j2_phi-jet_2_phi=-1000.437012	met-MET_pt=4.573228

--- Event 221552 (DNA:two_jet -> n2p:two_jet/zero_to_one_jet) ---
DNA (two_jet):	event=221552.000000	run=1.000000	luminosityBlock=222.000000	n_jets=2.000000	n_b_jets=0.000000	jet_1_pt=48.271713	jet_1_eta=-3.622559	jet_2_pt=32.008314	jet_2_eta=3.738281	jet_2_phi=-0.684082	jet_3_pt=-999.000000	jet_3_eta=-999.000000	jet_3_phi=-999.000000	MET_pt=99.344525	n_electrons=2.000000	n_muons=0.000000
n2p:	Event not found in two_jet or zero_to_one_jet

--- Event 221603 (DNA:two_jet -> n2p:two_jet/zero_to_one_jet) ---
DNA (two_jet):	event=221603.000000	run=1.000000	luminosityBlock=222.000000	n_jets=2.000000	n_b_jets=0.000000	jet_1_pt=130.131824	jet_1_eta=-2.449219	jet_2_pt=34.898132	jet_2_eta=-1.919189	jet_2_phi=1.928711	jet_3_pt=-999.000000	jet_3_eta=-999.000000	jet_3_phi=-999.000000	MET_pt=17.428636	n_electrons=2.000000	n_muons=0.000000
n2p (zero_to_one_jet):	event=221603.000000	n_jets=1.000000	nbdfm=0.000000	jet_1_pt=128.199783	jet_1_eta=-2.449219	jet_2_pt=-999.000000	jet_2_eta=-999.000000	j2_phi=-999.000000	j3_pt=-999.000000	j3_eta=-999.000000	j3_phi=-999.000000	met=16.440460	nel=2.000000	nmu=0.000000
Diff:	n_jets-n_jets=-1.000000	jet_1_pt-jet_1_pt=-1.932040	jet_2_pt-jet_2_pt=-1033.898132	jet_2_eta-jet_2_eta=-997.080811	j2_phi-jet_2_phi=-1000.928711	met-MET_pt=-0.988176

--- Event 222143 (DNA:two_jet -> n2p:two_jet/zero_to_one_jet) ---
DNA (two_jet):	event=222143.000000	run=1.000000	luminosityBlock=223.000000	n_jets=2.000000	n_b_jets=0.000000	jet_1_pt=62.426165	jet_1_eta=-1.554443	jet_2_pt=35.227144	jet_2_eta=0.274597	jet_2_phi=-0.298645	jet_3_pt=-999.000000	jet_3_eta=-999.000000	jet_3_phi=-999.000000	MET_pt=9.095393	n_electrons=2.000000	n_muons=0.000000
n2p:	Event not found in two_jet or zero_to_one_jet

--- Event 222772 (DNA:two_jet -> n2p:two_jet/zero_to_one_jet) ---
DNA (two_jet):	event=222772.000000	run=1.000000	luminosityBlock=223.000000	n_jets=2.000000	n_b_jets=0.000000	jet_1_pt=81.001528	jet_1_eta=3.327637	jet_2_pt=30.544085	jet_2_eta=-3.729492	jet_2_phi=2.474609	jet_3_pt=-999.000000	jet_3_eta=-999.000000	jet_3_phi=-999.000000	MET_pt=16.910881	n_electrons=2.000000	n_muons=0.000000
n2p (zero_to_one_jet):	event=222772.000000	n_jets=1.000000	nbdfm=0.000000	jet_1_pt=79.246437	jet_1_eta=3.327637	jet_2_pt=-999.000000	jet_2_eta=-999.000000	j2_phi=-999.000000	j3_pt=-999.000000	j3_eta=-999.000000	j3_phi=-999.000000	met=15.655279	nel=2.000000	nmu=0.000000
Diff:	n_jets-n_jets=-1.000000	jet_1_pt-jet_1_pt=-1.755090	jet_2_pt-jet_2_pt=-1029.544085	jet_2_eta-jet_2_eta=-995.270508	j2_phi-jet_2_phi=-1001.474609	met-MET_pt=-1.255602

--- Event 225445 (DNA:two_jet -> n2p:two_jet/zero_to_one_jet) ---
DNA (two_jet):	event=225445.000000	run=1.000000	luminosityBlock=226.000000	n_jets=2.000000	n_b_jets=0.000000	jet_1_pt=50.757499	jet_1_eta=1.515869	jet_2_pt=50.623766	jet_2_eta=-0.160065	jet_2_phi=-3.096191	jet_3_pt=-999.000000	jet_3_eta=-999.000000	jet_3_phi=-999.000000	MET_pt=23.054058	n_electrons=0.000000	n_muons=2.000000
n2p (zero_to_one_jet):	event=225445.000000	n_jets=1.000000	nbdfm=0.000000	jet_1_pt=45.899971	jet_1_eta=1.515869	jet_2_pt=-999.000000	jet_2_eta=-999.000000	j2_phi=-999.000000	j3_pt=-999.000000	j3_eta=-999.000000	j3_phi=-999.000000	met=20.958916	nel=0.000000	nmu=2.000000
Diff:	n_jets-n_jets=-1.000000	jet_1_pt-jet_1_pt=-4.857528	jet_2_pt-jet_2_pt=-1049.623766	jet_2_eta-jet_2_eta=-998.839935	j2_phi-jet_2_phi=-995.903809	met-MET_pt=-2.095143

--- Event 226035 (DNA:two_jet -> n2p:two_jet/zero_to_one_jet) ---
DNA (two_jet):	event=226035.000000	run=1.000000	luminosityBlock=227.000000	n_jets=2.000000	n_b_jets=0.000000	jet_1_pt=44.709760	jet_1_eta=3.045898	jet_2_pt=37.123370	jet_2_eta=-3.265137	jet_2_phi=0.206268	jet_3_pt=-999.000000	jet_3_eta=-999.000000	jet_3_phi=-999.000000	MET_pt=63.717766	n_electrons=2.000000	n_muons=0.000000
n2p (zero_to_one_jet):	event=226035.000000	n_jets=1.000000	nbdfm=0.000000	jet_1_pt=31.436380	jet_1_eta=-3.265137	jet_2_pt=-999.000000	jet_2_eta=-999.000000	j2_phi=-999.000000	j3_pt=-999.000000	j3_eta=-999.000000	j3_phi=-999.000000	met=50.769115	nel=2.000000	nmu=0.000000
Diff:	n_jets-n_jets=-1.000000	jet_1_pt-jet_1_pt=-13.273380	jet_1_eta-jet_1_eta=-6.311035	jet_2_pt-jet_2_pt=-1036.123370	jet_2_eta-jet_2_eta=-995.734863	j2_phi-jet_2_phi=-999.206268	met-MET_pt=-12.948650

--- Event 226262 (DNA:two_jet -> n2p:two_jet/zero_to_one_jet) ---
DNA (two_jet):	event=226262.000000	run=1.000000	luminosityBlock=227.000000	n_jets=2.000000	n_b_jets=0.000000	jet_1_pt=33.999426	jet_1_eta=3.258789	jet_2_pt=33.580797	jet_2_eta=3.347656	jet_2_phi=1.008301	jet_3_pt=-999.000000	jet_3_eta=-999.000000	jet_3_phi=-999.000000	MET_pt=12.519481	n_electrons=0.000000	n_muons=2.000000
n2p (zero_to_one_jet):	event=226262.000000	n_jets=1.000000	nbdfm=0.000000	jet_1_pt=32.122536	jet_1_eta=3.347656	jet_2_pt=-999.000000	jet_2_eta=-999.000000	j2_phi=-999.000000	j3_pt=-999.000000	j3_eta=-999.000000	j3_phi=-999.000000	met=5.066540	nel=0.000000	nmu=2.000000
Diff:	n_jets-n_jets=-1.000000	jet_1_pt-jet_1_pt=-1.876890	jet_1_eta-jet_1_eta=0.088867	jet_2_pt-jet_2_pt=-1032.580797	jet_2_eta-jet_2_eta=-1002.347656	j2_phi-jet_2_phi=-1000.008301	met-MET_pt=-7.452941

--- Event 226340 (DNA:two_jet -> n2p:two_jet/zero_to_one_jet) ---
DNA (two_jet):	event=226340.000000	run=1.000000	luminosityBlock=227.000000	n_jets=2.000000	n_b_jets=0.000000	jet_1_pt=35.904487	jet_1_eta=-1.870605	jet_2_pt=31.579965	jet_2_eta=-3.670898	jet_2_phi=-3.000000	jet_3_pt=-999.000000	jet_3_eta=-999.000000	jet_3_phi=-999.000000	MET_pt=38.295977	n_electrons=2.000000	n_muons=0.000000
n2p (zero_to_one_jet):	event=226340.000000	n_jets=1.000000	nbdfm=0.000000	jet_1_pt=35.872417	jet_1_eta=-1.870605	jet_2_pt=-999.000000	jet_2_eta=-999.000000	j2_phi=-999.000000	j3_pt=-999.000000	j3_eta=-999.000000	j3_phi=-999.000000	met=38.045815	nel=2.000000	nmu=0.000000
Diff:	n_jets-n_jets=-1.000000	jet_1_pt-jet_1_pt=-0.032070	jet_2_pt-jet_2_pt=-1030.579965	jet_2_eta-jet_2_eta=-995.329102	j2_phi-jet_2_phi=-996.000000	met-MET_pt=-0.250163

--- Event 226823 (DNA:two_jet -> n2p:two_jet/zero_to_one_jet) ---
DNA (two_jet):	event=226823.000000	run=1.000000	luminosityBlock=227.000000	n_jets=2.000000	n_b_jets=0.000000	jet_1_pt=50.775650	jet_1_eta=2.527344	jet_2_pt=37.725482	jet_2_eta=-1.839600	jet_2_phi=-2.829590	jet_3_pt=-999.000000	jet_3_eta=-999.000000	jet_3_phi=-999.000000	MET_pt=41.900510	n_electrons=2.000000	n_muons=0.000000
n2p (zero_to_one_jet):	event=226823.000000	n_jets=1.000000	nbdfm=0.000000	jet_1_pt=39.775852	jet_1_eta=-1.839600	jet_2_pt=-999.000000	jet_2_eta=-999.000000	j2_phi=-999.000000	j3_pt=-999.000000	j3_eta=-999.000000	j3_phi=-999.000000	met=42.755291	nel=2.000000	nmu=0.000000
Diff:	n_jets-n_jets=-1.000000	jet_1_pt-jet_1_pt=-10.999798	jet_1_eta-jet_1_eta=-4.366943	jet_2_pt-jet_2_pt=-1036.725482	jet_2_eta-jet_2_eta=-997.160400	j2_phi-jet_2_phi=-996.170410	met-MET_pt=0.854781

--- Event 227367 (DNA:two_jet -> n2p:two_jet/zero_to_one_jet) ---
DNA (two_jet):	event=227367.000000	run=1.000000	luminosityBlock=228.000000	n_jets=2.000000	n_b_jets=0.000000	jet_1_pt=34.039572	jet_1_eta=4.093750	jet_2_pt=31.540289	jet_2_eta=3.274414	jet_2_phi=-0.130798	jet_3_pt=-999.000000	jet_3_eta=-999.000000	jet_3_phi=-999.000000	MET_pt=0.000000	n_electrons=0.000000	n_muons=2.000000
n2p (zero_to_one_jet):	event=227367.000000	n_jets=1.000000	nbdfm=0.000000	jet_1_pt=31.560879	jet_1_eta=4.093750	jet_2_pt=-999.000000	jet_2_eta=-999.000000	j2_phi=-999.000000	j3_pt=-999.000000	j3_eta=-999.000000	j3_phi=-999.000000	met=46.874676	nel=0.000000	nmu=2.000000
Diff:	n_jets-n_jets=-1.000000	jet_1_pt-jet_1_pt=-2.478693	jet_2_pt-jet_2_pt=-1030.540289	jet_2_eta-jet_2_eta=-1002.274414	j2_phi-jet_2_phi=-998.869202	met-MET_pt=46.874676

--- Event 227512 (DNA:two_jet -> n2p:two_jet/zero_to_one_jet) ---
DNA (two_jet):	event=227512.000000	run=1.000000	luminosityBlock=228.000000	n_jets=2.000000	n_b_jets=0.000000	jet_1_pt=55.302481	jet_1_eta=-2.095215	jet_2_pt=30.454808	jet_2_eta=3.693359	jet_2_phi=2.182129	jet_3_pt=-999.000000	jet_3_eta=-999.000000	jet_3_phi=-999.000000	MET_pt=53.757316	n_electrons=2.000000	n_muons=0.000000
n2p (zero_to_one_jet):	event=227512.000000	n_jets=1.000000	nbdfm=0.000000	jet_1_pt=55.041298	jet_1_eta=-2.095215	jet_2_pt=-999.000000	jet_2_eta=-999.000000	j2_phi=-999.000000	j3_pt=-999.000000	j3_eta=-999.000000	j3_phi=-999.000000	met=52.870377	nel=2.000000	nmu=0.000000
Diff:	n_jets-n_jets=-1.000000	jet_1_pt-jet_1_pt=-0.261183	jet_2_pt-jet_2_pt=-1029.454808	jet_2_eta-jet_2_eta=-1002.693359	j2_phi-jet_2_phi=-1001.182129	met-MET_pt=-0.886939

--- Event 228125 (DNA:two_jet -> n2p:two_jet/zero_to_one_jet) ---
DNA (two_jet):	event=228125.000000	run=1.000000	luminosityBlock=229.000000	n_jets=2.000000	n_b_jets=0.000000	jet_1_pt=50.727932	jet_1_eta=-2.608398	jet_2_pt=45.953135	jet_2_eta=-0.623779	jet_2_phi=0.951294	jet_3_pt=-999.000000	jet_3_eta=-999.000000	jet_3_phi=-999.000000	MET_pt=2.440480	n_electrons=0.000000	n_muons=2.000000
n2p (zero_to_one_jet):	event=228125.000000	n_jets=1.000000	nbdfm=0.000000	jet_1_pt=45.965672	jet_1_eta=-0.623779	jet_2_pt=-999.000000	jet_2_eta=-999.000000	j2_phi=-999.000000	j3_pt=-999.000000	j3_eta=-999.000000	j3_phi=-999.000000	met=3.612287	nel=0.000000	nmu=2.000000
Diff:	n_jets-n_jets=-1.000000	jet_1_pt-jet_1_pt=-4.762260	jet_1_eta-jet_1_eta=1.984619	jet_2_pt-jet_2_pt=-1044.953135	jet_2_eta-jet_2_eta=-998.376221	j2_phi-jet_2_phi=-999.951294	met-MET_pt=1.171807

--- Event 229388 (DNA:two_jet -> n2p:two_jet/zero_to_one_jet) ---
DNA (two_jet):	event=229388.000000	run=1.000000	luminosityBlock=230.000000	n_jets=2.000000	n_b_jets=0.000000	jet_1_pt=50.981377	jet_1_eta=2.756348	jet_2_pt=49.945422	jet_2_eta=2.487305	jet_2_phi=0.053169	jet_3_pt=-999.000000	jet_3_eta=-999.000000	jet_3_phi=-999.000000	MET_pt=32.312426	n_electrons=2.000000	n_muons=0.000000
n2p (zero_to_one_jet):	event=229388.000000	n_jets=1.000000	nbdfm=0.000000	jet_1_pt=43.415680	jet_1_eta=2.487305	jet_2_pt=-999.000000	jet_2_eta=-999.000000	j2_phi=-999.000000	j3_pt=-999.000000	j3_eta=-999.000000	j3_phi=-999.000000	met=31.456724	nel=2.000000	nmu=0.000000
Diff:	n_jets-n_jets=-1.000000	jet_1_pt-jet_1_pt=-7.565697	jet_1_eta-jet_1_eta=-0.269043	jet_2_pt-jet_2_pt=-1048.945422	jet_2_eta-jet_2_eta=-1001.487305	j2_phi-jet_2_phi=-999.053169	met-MET_pt=-0.855702

--- Event 230489 (DNA:two_jet -> n2p:two_jet/zero_to_one_jet) ---
DNA (two_jet):	event=230489.000000	run=1.000000	luminosityBlock=231.000000	n_jets=2.000000	n_b_jets=0.000000	jet_1_pt=36.931197	jet_1_eta=-1.056641	jet_2_pt=30.351730	jet_2_eta=2.439453	jet_2_phi=-3.113770	jet_3_pt=-999.000000	jet_3_eta=-999.000000	jet_3_phi=-999.000000	MET_pt=49.691121	n_electrons=0.000000	n_muons=2.000000
n2p (zero_to_one_jet):	event=230489.000000	n_jets=1.000000	nbdfm=0.000000	jet_1_pt=36.982033	jet_1_eta=-1.056641	jet_2_pt=-999.000000	jet_2_eta=-999.000000	j2_phi=-999.000000	j3_pt=-999.000000	j3_eta=-999.000000	j3_phi=-999.000000	met=51.306492	nel=0.000000	nmu=2.000000
Diff:	n_jets-n_jets=-1.000000	jet_1_pt-jet_1_pt=0.050836	jet_2_pt-jet_2_pt=-1029.351730	jet_2_eta-jet_2_eta=-1001.439453	j2_phi-jet_2_phi=-995.886230	met-MET_pt=1.615371

--- Event 231130 (DNA:two_jet -> n2p:two_jet/zero_to_one_jet) ---
DNA (two_jet):	event=231130.000000	run=1.000000	luminosityBlock=232.000000	n_jets=2.000000	n_b_jets=0.000000	jet_1_pt=42.578981	jet_1_eta=0.449219	jet_2_pt=32.011164	jet_2_eta=-3.314453	jet_2_phi=2.052734	jet_3_pt=-999.000000	jet_3_eta=-999.000000	jet_3_phi=-999.000000	MET_pt=30.207981	n_electrons=2.000000	n_muons=0.000000
n2p (zero_to_one_jet):	event=231130.000000	n_jets=1.000000	nbdfm=0.000000	jet_1_pt=42.601986	jet_1_eta=0.449219	jet_2_pt=-999.000000	jet_2_eta=-999.000000	j2_phi=-999.000000	j3_pt=-999.000000	j3_eta=-999.000000	j3_phi=-999.000000	met=26.216251	nel=2.000000	nmu=0.000000
Diff:	n_jets-n_jets=-1.000000	jet_1_pt-jet_1_pt=0.023004	jet_2_pt-jet_2_pt=-1031.011164	jet_2_eta-jet_2_eta=-995.685547	j2_phi-jet_2_phi=-1001.052734	met-MET_pt=-3.991730

--- Event 231967 (DNA:two_jet -> n2p:two_jet/zero_to_one_jet) ---
DNA (two_jet):	event=231967.000000	run=1.000000	luminosityBlock=232.000000	n_jets=2.000000	n_b_jets=0.000000	jet_1_pt=35.180578	jet_1_eta=-0.833618	jet_2_pt=31.348312	jet_2_eta=-3.437500	jet_2_phi=-2.958984	jet_3_pt=-999.000000	jet_3_eta=-999.000000	jet_3_phi=-999.000000	MET_pt=36.477547	n_electrons=0.000000	n_muons=2.000000
n2p (zero_to_one_jet):	event=231967.000000	n_jets=1.000000	nbdfm=0.000000	jet_1_pt=35.165489	jet_1_eta=-0.833618	jet_2_pt=-999.000000	jet_2_eta=-999.000000	j2_phi=-999.000000	j3_pt=-999.000000	j3_eta=-999.000000	j3_phi=-999.000000	met=31.087017	nel=0.000000	nmu=2.000000
Diff:	n_jets-n_jets=-1.000000	jet_1_pt-jet_1_pt=-0.015089	jet_2_pt-jet_2_pt=-1030.348312	jet_2_eta-jet_2_eta=-995.562500	j2_phi-jet_2_phi=-996.041016	met-MET_pt=-5.390529

--- Event 232723 (DNA:two_jet -> n2p:two_jet/zero_to_one_jet) ---
DNA (two_jet):	event=232723.000000	run=1.000000	luminosityBlock=233.000000	n_jets=2.000000	n_b_jets=0.000000	jet_1_pt=48.370555	jet_1_eta=-0.111801	jet_2_pt=30.634661	jet_2_eta=-3.682617	jet_2_phi=2.007812	jet_3_pt=-999.000000	jet_3_eta=-999.000000	jet_3_phi=-999.000000	MET_pt=17.395440	n_electrons=2.000000	n_muons=0.000000
n2p (zero_to_one_jet):	event=232723.000000	n_jets=1.000000	nbdfm=0.000000	jet_1_pt=48.396809	jet_1_eta=-0.111801	jet_2_pt=-999.000000	jet_2_eta=-999.000000	j2_phi=-999.000000	j3_pt=-999.000000	j3_eta=-999.000000	j3_phi=-999.000000	met=16.247005	nel=2.000000	nmu=0.000000
Diff:	n_jets-n_jets=-1.000000	jet_1_pt-jet_1_pt=0.026254	jet_2_pt-jet_2_pt=-1029.634661	jet_2_eta-jet_2_eta=-995.317383	j2_phi-jet_2_phi=-1001.007812	met-MET_pt=-1.148434

--- Event 235416 (DNA:two_jet -> n2p:two_jet/zero_to_one_jet) ---
DNA (two_jet):	event=235416.000000	run=1.000000	luminosityBlock=236.000000	n_jets=2.000000	n_b_jets=0.000000	jet_1_pt=31.735837	jet_1_eta=-3.998047	jet_2_pt=30.303292	jet_2_eta=0.077011	jet_2_phi=0.262085	jet_3_pt=-999.000000	jet_3_eta=-999.000000	jet_3_phi=-999.000000	MET_pt=55.266849	n_electrons=2.000000	n_muons=0.000000
n2p (zero_to_one_jet):	event=235416.000000	n_jets=1.000000	nbdfm=0.000000	jet_1_pt=30.306528	jet_1_eta=0.077011	jet_2_pt=-999.000000	jet_2_eta=-999.000000	j2_phi=-999.000000	j3_pt=-999.000000	j3_eta=-999.000000	j3_phi=-999.000000	met=46.752575	nel=2.000000	nmu=0.000000
Diff:	n_jets-n_jets=-1.000000	jet_1_pt-jet_1_pt=-1.429309	jet_1_eta-jet_1_eta=4.075058	jet_2_pt-jet_2_pt=-1029.303292	jet_2_eta-jet_2_eta=-999.077011	j2_phi-jet_2_phi=-999.262085	met-MET_pt=-8.514274

--- Event 235981 (DNA:two_jet -> n2p:two_jet/zero_to_one_jet) ---
DNA (two_jet):	event=235981.000000	run=1.000000	luminosityBlock=236.000000	n_jets=2.000000	n_b_jets=0.000000	jet_1_pt=39.257760	jet_1_eta=1.273682	jet_2_pt=32.260864	jet_2_eta=-4.103516	jet_2_phi=-1.755859	jet_3_pt=-999.000000	jet_3_eta=-999.000000	jet_3_phi=-999.000000	MET_pt=38.038438	n_electrons=2.000000	n_muons=0.000000
n2p (zero_to_one_jet):	event=235981.000000	n_jets=1.000000	nbdfm=0.000000	jet_1_pt=39.336540	jet_1_eta=1.273682	jet_2_pt=-999.000000	jet_2_eta=-999.000000	j2_phi=-999.000000	j3_pt=-999.000000	j3_eta=-999.000000	j3_phi=-999.000000	met=39.367176	nel=2.000000	nmu=0.000000
Diff:	n_jets-n_jets=-1.000000	jet_1_pt-jet_1_pt=0.078780	jet_2_pt-jet_2_pt=-1031.260864	jet_2_eta-jet_2_eta=-994.896484	j2_phi-jet_2_phi=-997.244141	met-MET_pt=1.328738

--- Event 236112 (DNA:two_jet -> n2p:two_jet/zero_to_one_jet) ---
DNA (two_jet):	event=236112.000000	run=1.000000	luminosityBlock=237.000000	n_jets=2.000000	n_b_jets=0.000000	jet_1_pt=94.778578	jet_1_eta=0.864380	jet_2_pt=30.763822	jet_2_eta=-3.737793	jet_2_phi=-0.488464	jet_3_pt=-999.000000	jet_3_eta=-999.000000	jet_3_phi=-999.000000	MET_pt=19.779311	n_electrons=2.000000	n_muons=0.000000
n2p (zero_to_one_jet):	event=236112.000000	n_jets=1.000000	nbdfm=0.000000	jet_1_pt=94.740120	jet_1_eta=0.864380	jet_2_pt=-999.000000	jet_2_eta=-999.000000	j2_phi=-999.000000	j3_pt=-999.000000	j3_eta=-999.000000	j3_phi=-999.000000	met=21.425379	nel=2.000000	nmu=0.000000
Diff:	n_jets-n_jets=-1.000000	jet_1_pt-jet_1_pt=-0.038458	jet_2_pt-jet_2_pt=-1029.763822	jet_2_eta-jet_2_eta=-995.262207	j2_phi-jet_2_phi=-998.511536	met-MET_pt=1.646068

--- Event 236769 (DNA:two_jet -> n2p:two_jet/zero_to_one_jet) ---
DNA (two_jet):	event=236769.000000	run=1.000000	luminosityBlock=237.000000	n_jets=2.000000	n_b_jets=0.000000	jet_1_pt=36.789362	jet_1_eta=3.309570	jet_2_pt=30.246328	jet_2_eta=-3.470215	jet_2_phi=-1.658691	jet_3_pt=-999.000000	jet_3_eta=-999.000000	jet_3_phi=-999.000000	MET_pt=58.735675	n_electrons=2.000000	n_muons=0.000000
n2p (zero_to_one_jet):	event=236769.000000	n_jets=1.000000	nbdfm=0.000000	jet_1_pt=33.631073	jet_1_eta=3.309570	jet_2_pt=-999.000000	jet_2_eta=-999.000000	j2_phi=-999.000000	j3_pt=-999.000000	j3_eta=-999.000000	j3_phi=-999.000000	met=56.385525	nel=2.000000	nmu=0.000000
Diff:	n_jets-n_jets=-1.000000	jet_1_pt-jet_1_pt=-3.158289	jet_2_pt-jet_2_pt=-1029.246328	jet_2_eta-jet_2_eta=-995.529785	j2_phi-jet_2_phi=-997.341309	met-MET_pt=-2.350151

--- Event 239061 (DNA:two_jet -> n2p:two_jet/zero_to_one_jet) ---
DNA (two_jet):	event=239061.000000	run=1.000000	luminosityBlock=240.000000	n_jets=2.000000	n_b_jets=0.000000	jet_1_pt=34.505632	jet_1_eta=-4.622070	jet_2_pt=34.267487	jet_2_eta=1.965088	jet_2_phi=-0.920654	jet_3_pt=-999.000000	jet_3_eta=-999.000000	jet_3_phi=-999.000000	MET_pt=29.126826	n_electrons=0.000000	n_muons=2.000000
n2p (zero_to_one_jet):	event=239061.000000	n_jets=1.000000	nbdfm=0.000000	jet_1_pt=34.168541	jet_1_eta=1.965088	jet_2_pt=-999.000000	jet_2_eta=-999.000000	j2_phi=-999.000000	j3_pt=-999.000000	j3_eta=-999.000000	j3_phi=-999.000000	met=25.798471	nel=0.000000	nmu=2.000000
Diff:	n_jets-n_jets=-1.000000	jet_1_pt-jet_1_pt=-0.337091	jet_1_eta-jet_1_eta=6.587158	jet_2_pt-jet_2_pt=-1033.267487	jet_2_eta-jet_2_eta=-1000.965088	j2_phi-jet_2_phi=-998.079346	met-MET_pt=-3.328355

--- Event 241778 (DNA:two_jet -> n2p:two_jet/zero_to_one_jet) ---
DNA (two_jet):	event=241778.000000	run=1.000000	luminosityBlock=242.000000	n_jets=2.000000	n_b_jets=0.000000	jet_1_pt=92.212584	jet_1_eta=0.702637	jet_2_pt=31.722364	jet_2_eta=3.187012	jet_2_phi=-2.879883	jet_3_pt=-999.000000	jet_3_eta=-999.000000	jet_3_phi=-999.000000	MET_pt=55.970012	n_electrons=0.000000	n_muons=2.000000
n2p:	Event not found in two_jet or zero_to_one_jet

--- Event 243887 (DNA:two_jet -> n2p:two_jet/zero_to_one_jet) ---
DNA (two_jet):	event=243887.000000	run=1.000000	luminosityBlock=244.000000	n_jets=2.000000	n_b_jets=0.000000	jet_1_pt=41.126437	jet_1_eta=0.911621	jet_2_pt=31.546588	jet_2_eta=-4.231445	jet_2_phi=-1.609619	jet_3_pt=-999.000000	jet_3_eta=-999.000000	jet_3_phi=-999.000000	MET_pt=30.669069	n_electrons=0.000000	n_muons=2.000000
n2p (zero_to_one_jet):	event=243887.000000	n_jets=1.000000	nbdfm=0.000000	jet_1_pt=41.118004	jet_1_eta=0.911621	jet_2_pt=-999.000000	jet_2_eta=-999.000000	j2_phi=-999.000000	j3_pt=-999.000000	j3_eta=-999.000000	j3_phi=-999.000000	met=35.762600	nel=0.000000	nmu=2.000000
Diff:	n_jets-n_jets=-1.000000	jet_1_pt-jet_1_pt=-0.008434	jet_2_pt-jet_2_pt=-1030.546588	jet_2_eta-jet_2_eta=-994.768555	j2_phi-jet_2_phi=-997.390381	met-MET_pt=5.093531

--- Event 245337 (DNA:two_jet -> n2p:two_jet/zero_to_one_jet) ---
DNA (two_jet):	event=245337.000000	run=1.000000	luminosityBlock=246.000000	n_jets=2.000000	n_b_jets=0.000000	jet_1_pt=77.013491	jet_1_eta=-2.861328	jet_2_pt=52.304429	jet_2_eta=-3.186523	jet_2_phi=1.864502	jet_3_pt=-999.000000	jet_3_eta=-999.000000	jet_3_phi=-999.000000	MET_pt=17.349150	n_electrons=0.000000	n_muons=2.000000
n2p (zero_to_one_jet):	event=245337.000000	n_jets=1.000000	nbdfm=0.000000	jet_1_pt=46.447815	jet_1_eta=-3.186523	jet_2_pt=-999.000000	jet_2_eta=-999.000000	j2_phi=-999.000000	j3_pt=-999.000000	j3_eta=-999.000000	j3_phi=-999.000000	met=18.295298	nel=0.000000	nmu=2.000000
Diff:	n_jets-n_jets=-1.000000	jet_1_pt-jet_1_pt=-30.565676	jet_1_eta-jet_1_eta=-0.325195	jet_2_pt-jet_2_pt=-1051.304429	jet_2_eta-jet_2_eta=-995.813477	j2_phi-jet_2_phi=-1000.864502	met-MET_pt=0.946148

--- Event 245457 (DNA:two_jet -> n2p:two_jet/zero_to_one_jet) ---
DNA (two_jet):	event=245457.000000	run=1.000000	luminosityBlock=246.000000	n_jets=2.000000	n_b_jets=0.000000	jet_1_pt=55.806836	jet_1_eta=3.213379	jet_2_pt=32.066907	jet_2_eta=4.499023	jet_2_phi=-1.193848	jet_3_pt=-999.000000	jet_3_eta=-999.000000	jet_3_phi=-999.000000	MET_pt=46.512271	n_electrons=2.000000	n_muons=0.000000
n2p (zero_to_one_jet):	event=245457.000000	n_jets=1.000000	nbdfm=0.000000	jet_1_pt=50.854530	jet_1_eta=3.213379	jet_2_pt=-999.000000	jet_2_eta=-999.000000	j2_phi=-999.000000	j3_pt=-999.000000	j3_eta=-999.000000	j3_phi=-999.000000	met=39.348202	nel=2.000000	nmu=0.000000
Diff:	n_jets-n_jets=-1.000000	jet_1_pt-jet_1_pt=-4.952306	jet_2_pt-jet_2_pt=-1031.066907	jet_2_eta-jet_2_eta=-1003.499023	j2_phi-jet_2_phi=-997.806152	met-MET_pt=-7.164069

--- Event 246073 (DNA:two_jet -> n2p:two_jet/zero_to_one_jet) ---
DNA (two_jet):	event=246073.000000	run=1.000000	luminosityBlock=247.000000	n_jets=2.000000	n_b_jets=0.000000	jet_1_pt=160.199652	jet_1_eta=1.729980	jet_2_pt=32.534011	jet_2_eta=4.573242	jet_2_phi=-1.013184	jet_3_pt=-999.000000	jet_3_eta=-999.000000	jet_3_phi=-999.000000	MET_pt=35.910416	n_electrons=0.000000	n_muons=2.000000
n2p (zero_to_one_jet):	event=246073.000000	n_jets=1.000000	nbdfm=0.000000	jet_1_pt=160.020691	jet_1_eta=1.729980	jet_2_pt=-999.000000	jet_2_eta=-999.000000	j2_phi=-999.000000	j3_pt=-999.000000	j3_eta=-999.000000	j3_phi=-999.000000	met=31.827776	nel=0.000000	nmu=2.000000
Diff:	n_jets-n_jets=-1.000000	jet_1_pt-jet_1_pt=-0.178961	jet_2_pt-jet_2_pt=-1031.534011	jet_2_eta-jet_2_eta=-1003.573242	j2_phi-jet_2_phi=-997.986816	met-MET_pt=-4.082640

--- Event 246697 (DNA:two_jet -> n2p:two_jet/zero_to_one_jet) ---
DNA (two_jet):	event=246697.000000	run=1.000000	luminosityBlock=247.000000	n_jets=2.000000	n_b_jets=0.000000	jet_1_pt=32.701984	jet_1_eta=-1.774658	jet_2_pt=31.064978	jet_2_eta=3.400879	jet_2_phi=0.120667	jet_3_pt=-999.000000	jet_3_eta=-999.000000	jet_3_phi=-999.000000	MET_pt=22.089068	n_electrons=0.000000	n_muons=2.000000
n2p (zero_to_one_jet):	event=246697.000000	n_jets=1.000000	nbdfm=0.000000	jet_1_pt=32.666832	jet_1_eta=-1.774658	jet_2_pt=-999.000000	jet_2_eta=-999.000000	j2_phi=-999.000000	j3_pt=-999.000000	j3_eta=-999.000000	j3_phi=-999.000000	met=18.628891	nel=0.000000	nmu=2.000000
Diff:	n_jets-n_jets=-1.000000	jet_1_pt-jet_1_pt=-0.035152	jet_2_pt-jet_2_pt=-1030.064978	jet_2_eta-jet_2_eta=-1002.400879	j2_phi-jet_2_phi=-999.120667	met-MET_pt=-3.460177

--- Event 248003 (DNA:two_jet -> n2p:two_jet/zero_to_one_jet) ---
DNA (two_jet):	event=248003.000000	run=1.000000	luminosityBlock=249.000000	n_jets=2.000000	n_b_jets=0.000000	jet_1_pt=88.513835	jet_1_eta=1.972900	jet_2_pt=30.165610	jet_2_eta=-3.608398	jet_2_phi=-0.849609	jet_3_pt=-999.000000	jet_3_eta=-999.000000	jet_3_phi=-999.000000	MET_pt=0.000000	n_electrons=0.000000	n_muons=2.000000
n2p (zero_to_one_jet):	event=248003.000000	n_jets=1.000000	nbdfm=0.000000	jet_1_pt=88.052238	jet_1_eta=1.972900	jet_2_pt=-999.000000	jet_2_eta=-999.000000	j2_phi=-999.000000	j3_pt=-999.000000	j3_eta=-999.000000	j3_phi=-999.000000	met=45.735264	nel=0.000000	nmu=2.000000
Diff:	n_jets-n_jets=-1.000000	jet_1_pt-jet_1_pt=-0.461596	jet_2_pt-jet_2_pt=-1029.165610	jet_2_eta-jet_2_eta=-995.391602	j2_phi-jet_2_phi=-998.150391	met-MET_pt=45.735264

--- Event 248219 (DNA:two_jet -> n2p:two_jet/zero_to_one_jet) ---
DNA (two_jet):	event=248219.000000	run=1.000000	luminosityBlock=249.000000	n_jets=2.000000	n_b_jets=0.000000	jet_1_pt=50.259583	jet_1_eta=-2.863281	jet_2_pt=40.709670	jet_2_eta=-0.051384	jet_2_phi=-0.529907	jet_3_pt=-999.000000	jet_3_eta=-999.000000	jet_3_phi=-999.000000	MET_pt=30.066776	n_electrons=0.000000	n_muons=2.000000
n2p (zero_to_one_jet):	event=248219.000000	n_jets=1.000000	nbdfm=0.000000	jet_1_pt=40.746334	jet_1_eta=-0.051384	jet_2_pt=-999.000000	jet_2_eta=-999.000000	j2_phi=-999.000000	j3_pt=-999.000000	j3_eta=-999.000000	j3_phi=-999.000000	met=24.428955	nel=0.000000	nmu=2.000000
Diff:	n_jets-n_jets=-1.000000	jet_1_pt-jet_1_pt=-9.513249	jet_1_eta-jet_1_eta=2.811897	jet_2_pt-jet_2_pt=-1039.709670	jet_2_eta-jet_2_eta=-998.948616	j2_phi-jet_2_phi=-998.470093	met-MET_pt=-5.637821

--- Event 249428 (DNA:two_jet -> n2p:two_jet/zero_to_one_jet) ---
DNA (two_jet):	event=249428.000000	run=1.000000	luminosityBlock=250.000000	n_jets=2.000000	n_b_jets=0.000000	jet_1_pt=40.620186	jet_1_eta=0.641968	jet_2_pt=30.224586	jet_2_eta=-1.248291	jet_2_phi=-0.059494	jet_3_pt=-999.000000	jet_3_eta=-999.000000	jet_3_phi=-999.000000	MET_pt=10.380842	n_electrons=0.000000	n_muons=2.000000
n2p (zero_to_one_jet):	event=249428.000000	n_jets=1.000000	nbdfm=0.000000	jet_1_pt=40.638760	jet_1_eta=0.641968	jet_2_pt=-999.000000	jet_2_eta=-999.000000	j2_phi=-999.000000	j3_pt=-999.000000	j3_eta=-999.000000	j3_phi=-999.000000	met=6.348424	nel=0.000000	nmu=2.000000
Diff:	n_jets-n_jets=-1.000000	jet_1_pt-jet_1_pt=0.018574	jet_2_pt-jet_2_pt=-1029.224586	jet_2_eta-jet_2_eta=-997.751709	j2_phi-jet_2_phi=-998.940506	met-MET_pt=-4.032418

--- Event 249525 (DNA:two_jet -> n2p:two_jet/zero_to_one_jet) ---
DNA (two_jet):	event=249525.000000	run=1.000000	luminosityBlock=250.000000	n_jets=2.000000	n_b_jets=0.000000	jet_1_pt=35.885867	jet_1_eta=-2.007324	jet_2_pt=32.709961	jet_2_eta=3.155273	jet_2_phi=-0.925903	jet_3_pt=-999.000000	jet_3_eta=-999.000000	jet_3_phi=-999.000000	MET_pt=38.989423	n_electrons=2.000000	n_muons=0.000000
n2p (zero_to_one_jet):	event=249525.000000	n_jets=1.000000	nbdfm=0.000000	jet_1_pt=35.798218	jet_1_eta=-2.007324	jet_2_pt=-999.000000	jet_2_eta=-999.000000	j2_phi=-999.000000	j3_pt=-999.000000	j3_eta=-999.000000	j3_phi=-999.000000	met=37.422276	nel=2.000000	nmu=0.000000
Diff:	n_jets-n_jets=-1.000000	jet_1_pt-jet_1_pt=-0.087649	jet_2_pt-jet_2_pt=-1031.709961	jet_2_eta-jet_2_eta=-1002.155273	j2_phi-jet_2_phi=-998.074097	met-MET_pt=-1.567148

--- Event 249762 (DNA:two_jet -> n2p:two_jet/zero_to_one_jet) ---
DNA (two_jet):	event=249762.000000	run=1.000000	luminosityBlock=250.000000	n_jets=2.000000	n_b_jets=0.000000	jet_1_pt=63.856872	jet_1_eta=0.309143	jet_2_pt=41.357605	jet_2_eta=-1.211182	jet_2_phi=-1.402832	jet_3_pt=-999.000000	jet_3_eta=-999.000000	jet_3_phi=-999.000000	MET_pt=8.302726	n_electrons=2.000000	n_muons=0.000000
n2p:	Event not found in two_jet or zero_to_one_jet

--- Event 251611 (DNA:two_jet -> n2p:two_jet/zero_to_one_jet) ---
DNA (two_jet):	event=251611.000000	run=1.000000	luminosityBlock=252.000000	n_jets=2.000000	n_b_jets=0.000000	jet_1_pt=52.288933	jet_1_eta=2.783203	jet_2_pt=44.536474	jet_2_eta=2.175293	jet_2_phi=-0.737427	jet_3_pt=-999.000000	jet_3_eta=-999.000000	jet_3_phi=-999.000000	MET_pt=28.153853	n_electrons=0.000000	n_muons=2.000000
n2p (zero_to_one_jet):	event=251611.000000	n_jets=1.000000	nbdfm=0.000000	jet_1_pt=44.357323	jet_1_eta=2.175293	jet_2_pt=-999.000000	jet_2_eta=-999.000000	j2_phi=-999.000000	j3_pt=-999.000000	j3_eta=-999.000000	j3_phi=-999.000000	met=31.756664	nel=0.000000	nmu=2.000000
Diff:	n_jets-n_jets=-1.000000	jet_1_pt-jet_1_pt=-7.931610	jet_1_eta-jet_1_eta=-0.607910	jet_2_pt-jet_2_pt=-1043.536474	jet_2_eta-jet_2_eta=-1001.175293	j2_phi-jet_2_phi=-998.262573	met-MET_pt=3.602811

--- Event 252083 (DNA:two_jet -> n2p:two_jet/zero_to_one_jet) ---
DNA (two_jet):	event=252083.000000	run=1.000000	luminosityBlock=253.000000	n_jets=2.000000	n_b_jets=0.000000	jet_1_pt=45.444516	jet_1_eta=1.878418	jet_2_pt=31.811421	jet_2_eta=3.380859	jet_2_phi=2.329102	jet_3_pt=-999.000000	jet_3_eta=-999.000000	jet_3_phi=-999.000000	MET_pt=11.087638	n_electrons=2.000000	n_muons=0.000000
n2p (zero_to_one_jet):	event=252083.000000	n_jets=1.000000	nbdfm=0.000000	jet_1_pt=45.348804	jet_1_eta=1.878418	jet_2_pt=-999.000000	jet_2_eta=-999.000000	j2_phi=-999.000000	j3_pt=-999.000000	j3_eta=-999.000000	j3_phi=-999.000000	met=13.185337	nel=2.000000	nmu=0.000000
Diff:	n_jets-n_jets=-1.000000	jet_1_pt-jet_1_pt=-0.095711	jet_2_pt-jet_2_pt=-1030.811421	jet_2_eta-jet_2_eta=-1002.380859	j2_phi-jet_2_phi=-1001.329102	met-MET_pt=2.097699

--- Event 252520 (DNA:two_jet -> n2p:two_jet/zero_to_one_jet) ---
DNA (two_jet):	event=252520.000000	run=1.000000	luminosityBlock=253.000000	n_jets=2.000000	n_b_jets=0.000000	jet_1_pt=48.323847	jet_1_eta=-0.503418	jet_2_pt=31.600636	jet_2_eta=-3.675781	jet_2_phi=0.180481	jet_3_pt=-999.000000	jet_3_eta=-999.000000	jet_3_phi=-999.000000	MET_pt=22.107871	n_electrons=2.000000	n_muons=0.000000
n2p:	Event not found in two_jet or zero_to_one_jet

--- Event 253750 (DNA:two_jet -> n2p:two_jet/zero_to_one_jet) ---
DNA (two_jet):	event=253750.000000	run=1.000000	luminosityBlock=254.000000	n_jets=2.000000	n_b_jets=0.000000	jet_1_pt=39.668490	jet_1_eta=3.214355	jet_2_pt=32.362459	jet_2_eta=-2.388672	jet_2_phi=-1.058594	jet_3_pt=-999.000000	jet_3_eta=-999.000000	jet_3_phi=-999.000000	MET_pt=38.420661	n_electrons=2.000000	n_muons=0.000000
n2p:	Event not found in two_jet or zero_to_one_jet

--- Event 254617 (DNA:two_jet -> n2p:two_jet/zero_to_one_jet) ---
DNA (two_jet):	event=254617.000000	run=1.000000	luminosityBlock=255.000000	n_jets=2.000000	n_b_jets=0.000000	jet_1_pt=69.089351	jet_1_eta=1.182861	jet_2_pt=32.244918	jet_2_eta=-3.799805	jet_2_phi=-0.744873	jet_3_pt=-999.000000	jet_3_eta=-999.000000	jet_3_phi=-999.000000	MET_pt=36.109562	n_electrons=0.000000	n_muons=2.000000
n2p (zero_to_one_jet):	event=254617.000000	n_jets=1.000000	nbdfm=0.000000	jet_1_pt=69.084312	jet_1_eta=1.182861	jet_2_pt=-999.000000	jet_2_eta=-999.000000	j2_phi=-999.000000	j3_pt=-999.000000	j3_eta=-999.000000	j3_phi=-999.000000	met=31.306309	nel=0.000000	nmu=2.000000
Diff:	n_jets-n_jets=-1.000000	jet_1_pt-jet_1_pt=-0.005038	jet_2_pt-jet_2_pt=-1031.244918	jet_2_eta-jet_2_eta=-995.200195	j2_phi-jet_2_phi=-998.255127	met-MET_pt=-4.803253

--- Event 256495 (DNA:two_jet -> n2p:two_jet/zero_to_one_jet) ---
DNA (two_jet):	event=256495.000000	run=1.000000	luminosityBlock=257.000000	n_jets=2.000000	n_b_jets=0.000000	jet_1_pt=43.953247	jet_1_eta=-3.319824	jet_2_pt=42.702399	jet_2_eta=-0.017044	jet_2_phi=1.600342	jet_3_pt=-999.000000	jet_3_eta=-999.000000	jet_3_phi=-999.000000	MET_pt=65.391235	n_electrons=2.000000	n_muons=0.000000
n2p (zero_to_one_jet):	event=256495.000000	n_jets=1.000000	nbdfm=0.000000	jet_1_pt=42.738892	jet_1_eta=-0.017044	jet_2_pt=-999.000000	jet_2_eta=-999.000000	j2_phi=-999.000000	j3_pt=-999.000000	j3_eta=-999.000000	j3_phi=-999.000000	met=50.705540	nel=2.000000	nmu=0.000000
Diff:	n_jets-n_jets=-1.000000	jet_1_pt-jet_1_pt=-1.214356	jet_1_eta-jet_1_eta=3.302780	jet_2_pt-jet_2_pt=-1041.702399	jet_2_eta-jet_2_eta=-998.982956	j2_phi-jet_2_phi=-1000.600342	met-MET_pt=-14.685695

--- Event 256807 (DNA:two_jet -> n2p:two_jet/zero_to_one_jet) ---
DNA (two_jet):	event=256807.000000	run=1.000000	luminosityBlock=257.000000	n_jets=2.000000	n_b_jets=0.000000	jet_1_pt=32.116711	jet_1_eta=-3.408691	jet_2_pt=31.867325	jet_2_eta=4.617188	jet_2_phi=1.213623	jet_3_pt=-999.000000	jet_3_eta=-999.000000	jet_3_phi=-999.000000	MET_pt=20.208438	n_electrons=0.000000	n_muons=2.000000
n2p (zero_to_one_jet):	event=256807.000000	n_jets=0.000000	nbdfm=0.000000	jet_1_pt=-999.000000	jet_1_eta=-999.000000	jet_2_pt=-999.000000	jet_2_eta=-999.000000	j2_phi=-999.000000	j3_pt=-999.000000	j3_eta=-999.000000	j3_phi=-999.000000	met=20.392879	nel=0.000000	nmu=2.000000
Diff:	n_jets-n_jets=-2.000000	jet_1_pt-jet_1_pt=-1031.116711	jet_1_eta-jet_1_eta=-995.591309	jet_2_pt-jet_2_pt=-1030.867325	jet_2_eta-jet_2_eta=-1003.617188	j2_phi-jet_2_phi=-1000.213623	met-MET_pt=0.184442

--- Event 258061 (DNA:two_jet -> n2p:two_jet/zero_to_one_jet) ---
DNA (two_jet):	event=258061.000000	run=1.000000	luminosityBlock=259.000000	n_jets=4.000000	n_b_jets=0.000000	jet_1_pt=80.433848	jet_1_eta=-0.473267	jet_2_pt=50.396876	jet_2_eta=2.760254	jet_2_phi=0.255371	jet_3_pt=45.301026	jet_3_eta=-3.261230	jet_3_phi=-0.522949	MET_pt=33.256369	n_electrons=2.000000	n_muons=0.000000
n2p (zero_to_one_jet):	event=258061.000000	n_jets=1.000000	nbdfm=0.000000	jet_1_pt=80.453873	jet_1_eta=-0.473267	jet_2_pt=-999.000000	jet_2_eta=-999.000000	j2_phi=-999.000000	j3_pt=-999.000000	j3_eta=-999.000000	j3_phi=-999.000000	met=10.490535	nel=2.000000	nmu=0.000000
Diff:	n_jets-n_jets=-3.000000	jet_1_pt-jet_1_pt=0.020025	jet_2_pt-jet_2_pt=-1049.396876	jet_2_eta-jet_2_eta=-1001.760254	j2_phi-jet_2_phi=-999.255371	j3_pt-jet_3_pt=-1044.301026	j3_eta-jet_3_eta=-995.738770	j3_phi-jet_3_phi=-998.477051	met-MET_pt=-22.765834

--- Event 258179 (DNA:two_jet -> n2p:two_jet/zero_to_one_jet) ---
DNA (two_jet):	event=258179.000000	run=1.000000	luminosityBlock=259.000000	n_jets=2.000000	n_b_jets=0.000000	jet_1_pt=93.227261	jet_1_eta=0.785400	jet_2_pt=50.841451	jet_2_eta=-2.595703	jet_2_phi=-1.085938	jet_3_pt=-999.000000	jet_3_eta=-999.000000	jet_3_phi=-999.000000	MET_pt=33.984298	n_electrons=2.000000	n_muons=0.000000
n2p (zero_to_one_jet):	event=258179.000000	n_jets=1.000000	nbdfm=0.000000	jet_1_pt=93.189461	jet_1_eta=0.785400	jet_2_pt=-999.000000	jet_2_eta=-999.000000	j2_phi=-999.000000	j3_pt=-999.000000	j3_eta=-999.000000	j3_phi=-999.000000	met=32.396469	nel=2.000000	nmu=0.000000
Diff:	n_jets-n_jets=-1.000000	jet_1_pt-jet_1_pt=-0.037800	jet_2_pt-jet_2_pt=-1049.841451	jet_2_eta-jet_2_eta=-996.404297	j2_phi-jet_2_phi=-997.914062	met-MET_pt=-1.587829

--- Event 258975 (DNA:two_jet -> n2p:two_jet/zero_to_one_jet) ---
DNA (two_jet):	event=258975.000000	run=1.000000	luminosityBlock=259.000000	n_jets=2.000000	n_b_jets=0.000000	jet_1_pt=99.408688	jet_1_eta=0.530029	jet_2_pt=30.576168	jet_2_eta=3.714355	jet_2_phi=1.851074	jet_3_pt=-999.000000	jet_3_eta=-999.000000	jet_3_phi=-999.000000	MET_pt=20.425430	n_electrons=0.000000	n_muons=2.000000
n2p (zero_to_one_jet):	event=258975.000000	n_jets=1.000000	nbdfm=0.000000	jet_1_pt=99.427368	jet_1_eta=0.530029	jet_2_pt=-999.000000	jet_2_eta=-999.000000	j2_phi=-999.000000	j3_pt=-999.000000	j3_eta=-999.000000	j3_phi=-999.000000	met=21.853439	nel=0.000000	nmu=2.000000
Diff:	n_jets-n_jets=-1.000000	jet_1_pt-jet_1_pt=0.018680	jet_2_pt-jet_2_pt=-1029.576168	jet_2_eta-jet_2_eta=-1002.714355	j2_phi-jet_2_phi=-1000.851074	met-MET_pt=1.428009

--- Event 260324 (DNA:two_jet -> n2p:two_jet/zero_to_one_jet) ---
DNA (two_jet):	event=260324.000000	run=1.000000	luminosityBlock=261.000000	n_jets=3.000000	n_b_jets=0.000000	jet_1_pt=99.200524	jet_1_eta=1.086426	jet_2_pt=49.231642	jet_2_eta=-3.412598	jet_2_phi=-0.581177	jet_3_pt=44.498958	jet_3_eta=-0.218262	jet_3_phi=1.354736	MET_pt=53.134500	n_electrons=2.000000	n_muons=0.000000
n2p:	Event not found in two_jet or zero_to_one_jet

--- Event 261260 (DNA:two_jet -> n2p:two_jet/zero_to_one_jet) ---
DNA (two_jet):	event=261260.000000	run=1.000000	luminosityBlock=262.000000	n_jets=2.000000	n_b_jets=0.000000	jet_1_pt=53.068387	jet_1_eta=2.342773	jet_2_pt=30.266198	jet_2_eta=3.926270	jet_2_phi=-2.488281	jet_3_pt=-999.000000	jet_3_eta=-999.000000	jet_3_phi=-999.000000	MET_pt=50.145867	n_electrons=0.000000	n_muons=2.000000
n2p (zero_to_one_jet):	event=261260.000000	n_jets=1.000000	nbdfm=0.000000	jet_1_pt=52.213417	jet_1_eta=2.342773	jet_2_pt=-999.000000	jet_2_eta=-999.000000	j2_phi=-999.000000	j3_pt=-999.000000	j3_eta=-999.000000	j3_phi=-999.000000	met=47.332676	nel=0.000000	nmu=2.000000
Diff:	n_jets-n_jets=-1.000000	jet_1_pt-jet_1_pt=-0.854970	jet_2_pt-jet_2_pt=-1029.266198	jet_2_eta-jet_2_eta=-1002.926270	j2_phi-jet_2_phi=-996.511719	met-MET_pt=-2.813191

--- Event 264092 (DNA:two_jet -> n2p:two_jet/zero_to_one_jet) ---
DNA (two_jet):	event=264092.000000	run=1.000000	luminosityBlock=265.000000	n_jets=2.000000	n_b_jets=0.000000	jet_1_pt=74.865507	jet_1_eta=1.175537	jet_2_pt=32.487826	jet_2_eta=-3.612793	jet_2_phi=-3.136719	jet_3_pt=-999.000000	jet_3_eta=-999.000000	jet_3_phi=-999.000000	MET_pt=21.002665	n_electrons=0.000000	n_muons=2.000000
n2p (zero_to_one_jet):	event=264092.000000	n_jets=1.000000	nbdfm=0.000000	jet_1_pt=74.836021	jet_1_eta=1.175537	jet_2_pt=-999.000000	jet_2_eta=-999.000000	j2_phi=-999.000000	j3_pt=-999.000000	j3_eta=-999.000000	j3_phi=-999.000000	met=17.768801	nel=0.000000	nmu=2.000000
Diff:	n_jets-n_jets=-1.000000	jet_1_pt-jet_1_pt=-0.029486	jet_2_pt-jet_2_pt=-1031.487826	jet_2_eta-jet_2_eta=-995.387207	j2_phi-jet_2_phi=-995.863281	met-MET_pt=-3.233864

--- Event 266063 (DNA:two_jet -> n2p:two_jet/zero_to_one_jet) ---
DNA (two_jet):	event=266063.000000	run=1.000000	luminosityBlock=267.000000	n_jets=2.000000	n_b_jets=0.000000	jet_1_pt=59.329160	jet_1_eta=3.371582	jet_2_pt=36.328933	jet_2_eta=3.611328	jet_2_phi=1.890869	jet_3_pt=-999.000000	jet_3_eta=-999.000000	jet_3_phi=-999.000000	MET_pt=39.858077	n_electrons=0.000000	n_muons=2.000000
n2p:	Event not found in two_jet or zero_to_one_jet

--- Event 266148 (DNA:two_jet -> n2p:two_jet/zero_to_one_jet) ---
DNA (two_jet):	event=266148.000000	run=1.000000	luminosityBlock=267.000000	n_jets=3.000000	n_b_jets=0.000000	jet_1_pt=212.415696	jet_1_eta=-1.415527	jet_2_pt=88.088533	jet_2_eta=0.276489	jet_2_phi=-0.561279	jet_3_pt=76.160546	jet_3_eta=1.556885	jet_3_phi=-1.910156	MET_pt=22.182372	n_electrons=2.000000	n_muons=0.000000
n2p:	Event not found in two_jet or zero_to_one_jet

--- Event 266663 (DNA:two_jet -> n2p:two_jet/zero_to_one_jet) ---
DNA (two_jet):	event=266663.000000	run=1.000000	luminosityBlock=267.000000	n_jets=2.000000	n_b_jets=0.000000	jet_1_pt=33.242670	jet_1_eta=0.011145	jet_2_pt=31.490253	jet_2_eta=3.488770	jet_2_phi=2.182129	jet_3_pt=-999.000000	jet_3_eta=-999.000000	jet_3_phi=-999.000000	MET_pt=8.667193	n_electrons=0.000000	n_muons=2.000000
n2p (zero_to_one_jet):	event=266663.000000	n_jets=1.000000	nbdfm=0.000000	jet_1_pt=33.242252	jet_1_eta=0.011145	jet_2_pt=-999.000000	jet_2_eta=-999.000000	j2_phi=-999.000000	j3_pt=-999.000000	j3_eta=-999.000000	j3_phi=-999.000000	met=3.893451	nel=0.000000	nmu=2.000000
Diff:	n_jets-n_jets=-1.000000	jet_1_pt-jet_1_pt=-0.000418	jet_2_pt-jet_2_pt=-1030.490253	jet_2_eta-jet_2_eta=-1002.488770	j2_phi-jet_2_phi=-1001.182129	met-MET_pt=-4.773742

--- Event 267922 (DNA:two_jet -> n2p:two_jet/zero_to_one_jet) ---
DNA (two_jet):	event=267922.000000	run=1.000000	luminosityBlock=268.000000	n_jets=2.000000	n_b_jets=0.000000	jet_1_pt=102.917972	jet_1_eta=-1.738770	jet_2_pt=36.103373	jet_2_eta=3.856445	jet_2_phi=-2.223633	jet_3_pt=-999.000000	jet_3_eta=-999.000000	jet_3_phi=-999.000000	MET_pt=47.118472	n_electrons=0.000000	n_muons=2.000000
n2p (zero_to_one_jet):	event=267922.000000	n_jets=1.000000	nbdfm=0.000000	jet_1_pt=102.796608	jet_1_eta=-1.738770	jet_2_pt=-999.000000	jet_2_eta=-999.000000	j2_phi=-999.000000	j3_pt=-999.000000	j3_eta=-999.000000	j3_phi=-999.000000	met=50.069530	nel=0.000000	nmu=2.000000
Diff:	n_jets-n_jets=-1.000000	jet_1_pt-jet_1_pt=-0.121364	jet_2_pt-jet_2_pt=-1035.103373	jet_2_eta-jet_2_eta=-1002.856445	j2_phi-jet_2_phi=-996.776367	met-MET_pt=2.951059

--- Event 269161 (DNA:two_jet -> n2p:two_jet/zero_to_one_jet) ---
DNA (two_jet):	event=269161.000000	run=1.000000	luminosityBlock=270.000000	n_jets=2.000000	n_b_jets=0.000000	jet_1_pt=167.923900	jet_1_eta=-0.424194	jet_2_pt=30.427751	jet_2_eta=4.016602	jet_2_phi=1.310059	jet_3_pt=-999.000000	jet_3_eta=-999.000000	jet_3_phi=-999.000000	MET_pt=61.157303	n_electrons=0.000000	n_muons=2.000000
n2p (zero_to_one_jet):	event=269161.000000	n_jets=1.000000	nbdfm=0.000000	jet_1_pt=167.852203	jet_1_eta=-0.424194	jet_2_pt=-999.000000	jet_2_eta=-999.000000	j2_phi=-999.000000	j3_pt=-999.000000	j3_eta=-999.000000	j3_phi=-999.000000	met=61.181065	nel=0.000000	nmu=2.000000
Diff:	n_jets-n_jets=-1.000000	jet_1_pt-jet_1_pt=-0.071697	jet_2_pt-jet_2_pt=-1029.427751	jet_2_eta-jet_2_eta=-1003.016602	j2_phi-jet_2_phi=-1000.310059	met-MET_pt=0.023762

--- Event 269292 (DNA:two_jet -> n2p:two_jet/zero_to_one_jet) ---
DNA (two_jet):	event=269292.000000	run=1.000000	luminosityBlock=270.000000	n_jets=2.000000	n_b_jets=0.000000	jet_1_pt=48.661039	jet_1_eta=3.728516	jet_2_pt=31.208882	jet_2_eta=-3.738770	jet_2_phi=-2.221191	jet_3_pt=-999.000000	jet_3_eta=-999.000000	jet_3_phi=-999.000000	MET_pt=18.779192	n_electrons=0.000000	n_muons=2.000000
n2p (zero_to_one_jet):	event=269292.000000	n_jets=1.000000	nbdfm=0.000000	jet_1_pt=46.841511	jet_1_eta=3.728516	jet_2_pt=-999.000000	jet_2_eta=-999.000000	j2_phi=-999.000000	j3_pt=-999.000000	j3_eta=-999.000000	j3_phi=-999.000000	met=25.254705	nel=0.000000	nmu=2.000000
Diff:	n_jets-n_jets=-1.000000	jet_1_pt-jet_1_pt=-1.819529	jet_2_pt-jet_2_pt=-1030.208882	jet_2_eta-jet_2_eta=-995.261230	j2_phi-jet_2_phi=-996.778809	met-MET_pt=6.475513

--- Event 271911 (DNA:two_jet -> n2p:two_jet/zero_to_one_jet) ---
DNA (two_jet):	event=271911.000000	run=1.000000	luminosityBlock=272.000000	n_jets=2.000000	n_b_jets=0.000000	jet_1_pt=129.940165	jet_1_eta=-1.212158	jet_2_pt=75.033072	jet_2_eta=-1.741211	jet_2_phi=-1.128906	jet_3_pt=-999.000000	jet_3_eta=-999.000000	jet_3_phi=-999.000000	MET_pt=18.995616	n_electrons=2.000000	n_muons=0.000000
n2p:	Event not found in two_jet or zero_to_one_jet

--- Event 273235 (DNA:two_jet -> n2p:two_jet/zero_to_one_jet) ---
DNA (two_jet):	event=273235.000000	run=1.000000	luminosityBlock=274.000000	n_jets=2.000000	n_b_jets=0.000000	jet_1_pt=31.192665	jet_1_eta=3.431641	jet_2_pt=30.034710	jet_2_eta=3.552246	jet_2_phi=-3.129883	jet_3_pt=-999.000000	jet_3_eta=-999.000000	jet_3_phi=-999.000000	MET_pt=25.245241	n_electrons=0.000000	n_muons=2.000000
n2p (zero_to_one_jet):	event=273235.000000	n_jets=0.000000	nbdfm=0.000000	jet_1_pt=-999.000000	jet_1_eta=-999.000000	jet_2_pt=-999.000000	jet_2_eta=-999.000000	j2_phi=-999.000000	j3_pt=-999.000000	j3_eta=-999.000000	j3_phi=-999.000000	met=20.549656	nel=0.000000	nmu=2.000000
Diff:	n_jets-n_jets=-2.000000	jet_1_pt-jet_1_pt=-1030.192665	jet_1_eta-jet_1_eta=-1002.431641	jet_2_pt-jet_2_pt=-1029.034710	jet_2_eta-jet_2_eta=-1002.552246	j2_phi-jet_2_phi=-995.870117	met-MET_pt=-4.695585

--- Event 273938 (DNA:two_jet -> n2p:two_jet/zero_to_one_jet) ---
DNA (two_jet):	event=273938.000000	run=1.000000	luminosityBlock=274.000000	n_jets=2.000000	n_b_jets=0.000000	jet_1_pt=90.224724	jet_1_eta=0.065918	jet_2_pt=30.067121	jet_2_eta=-3.624023	jet_2_phi=-1.406250	jet_3_pt=-999.000000	jet_3_eta=-999.000000	jet_3_phi=-999.000000	MET_pt=65.716759	n_electrons=2.000000	n_muons=0.000000
n2p (zero_to_one_jet):	event=273938.000000	n_jets=1.000000	nbdfm=0.000000	jet_1_pt=90.232971	jet_1_eta=0.065918	jet_2_pt=-999.000000	jet_2_eta=-999.000000	j2_phi=-999.000000	j3_pt=-999.000000	j3_eta=-999.000000	j3_phi=-999.000000	met=56.063862	nel=2.000000	nmu=0.000000
Diff:	n_jets-n_jets=-1.000000	jet_1_pt-jet_1_pt=0.008247	jet_2_pt-jet_2_pt=-1029.067121	jet_2_eta-jet_2_eta=-995.375977	j2_phi-jet_2_phi=-997.593750	met-MET_pt=-9.652897

--- Event 274078 (DNA:two_jet -> n2p:two_jet/zero_to_one_jet) ---
DNA (two_jet):	event=274078.000000	run=1.000000	luminosityBlock=275.000000	n_jets=2.000000	n_b_jets=0.000000	jet_1_pt=93.231857	jet_1_eta=0.735596	jet_2_pt=43.459347	jet_2_eta=-4.671875	jet_2_phi=2.093262	jet_3_pt=-999.000000	jet_3_eta=-999.000000	jet_3_phi=-999.000000	MET_pt=55.945148	n_electrons=0.000000	n_muons=2.000000
n2p (zero_to_one_jet):	event=274078.000000	n_jets=1.000000	nbdfm=0.000000	jet_1_pt=93.193268	jet_1_eta=0.735596	jet_2_pt=-999.000000	jet_2_eta=-999.000000	j2_phi=-999.000000	j3_pt=-999.000000	j3_eta=-999.000000	j3_phi=-999.000000	met=32.929863	nel=0.000000	nmu=2.000000
Diff:	n_jets-n_jets=-1.000000	jet_1_pt-jet_1_pt=-0.038589	jet_2_pt-jet_2_pt=-1042.459347	jet_2_eta-jet_2_eta=-994.328125	j2_phi-jet_2_phi=-1001.093262	met-MET_pt=-23.015285

--- Event 276093 (DNA:two_jet -> n2p:two_jet/zero_to_one_jet) ---
DNA (two_jet):	event=276093.000000	run=1.000000	luminosityBlock=277.000000	n_jets=2.000000	n_b_jets=0.000000	jet_1_pt=74.991066	jet_1_eta=0.056252	jet_2_pt=32.675057	jet_2_eta=-0.433960	jet_2_phi=-0.228760	jet_3_pt=-999.000000	jet_3_eta=-999.000000	jet_3_phi=-999.000000	MET_pt=41.978740	n_electrons=0.000000	n_muons=2.000000
n2p:	Event not found in two_jet or zero_to_one_jet

--- Event 276273 (DNA:two_jet -> n2p:two_jet/zero_to_one_jet) ---
DNA (two_jet):	event=276273.000000	run=1.000000	luminosityBlock=277.000000	n_jets=2.000000	n_b_jets=0.000000	jet_1_pt=41.738436	jet_1_eta=3.128906	jet_2_pt=35.012275	jet_2_eta=4.052734	jet_2_phi=-1.611572	jet_3_pt=-999.000000	jet_3_eta=-999.000000	jet_3_phi=-999.000000	MET_pt=32.461944	n_electrons=0.000000	n_muons=2.000000
n2p (zero_to_one_jet):	event=276273.000000	n_jets=1.000000	nbdfm=0.000000	jet_1_pt=40.139885	jet_1_eta=3.128906	jet_2_pt=-999.000000	jet_2_eta=-999.000000	j2_phi=-999.000000	j3_pt=-999.000000	j3_eta=-999.000000	j3_phi=-999.000000	met=28.947241	nel=0.000000	nmu=2.000000
Diff:	n_jets-n_jets=-1.000000	jet_1_pt-jet_1_pt=-1.598551	jet_2_pt-jet_2_pt=-1034.012275	jet_2_eta-jet_2_eta=-1003.052734	j2_phi-jet_2_phi=-997.388428	met-MET_pt=-3.514703

--- Event 277558 (DNA:two_jet -> n2p:two_jet/zero_to_one_jet) ---
DNA (two_jet):	event=277558.000000	run=1.000000	luminosityBlock=278.000000	n_jets=2.000000	n_b_jets=0.000000	jet_1_pt=57.703168	jet_1_eta=0.634155	jet_2_pt=31.618917	jet_2_eta=-3.889160	jet_2_phi=-1.306396	jet_3_pt=-999.000000	jet_3_eta=-999.000000	jet_3_phi=-999.000000	MET_pt=64.410456	n_electrons=2.000000	n_muons=0.000000
n2p (zero_to_one_jet):	event=277558.000000	n_jets=1.000000	nbdfm=0.000000	jet_1_pt=57.711445	jet_1_eta=0.634155	jet_2_pt=-999.000000	jet_2_eta=-999.000000	j2_phi=-999.000000	j3_pt=-999.000000	j3_eta=-999.000000	j3_phi=-999.000000	met=66.720634	nel=2.000000	nmu=0.000000
Diff:	n_jets-n_jets=-1.000000	jet_1_pt-jet_1_pt=0.008276	jet_2_pt-jet_2_pt=-1030.618917	jet_2_eta-jet_2_eta=-995.110840	j2_phi-jet_2_phi=-997.693604	met-MET_pt=2.310179

--- Event 277913 (DNA:two_jet -> n2p:two_jet/zero_to_one_jet) ---
DNA (two_jet):	event=277913.000000	run=1.000000	luminosityBlock=278.000000	n_jets=2.000000	n_b_jets=0.000000	jet_1_pt=69.746388	jet_1_eta=0.320557	jet_2_pt=31.088014	jet_2_eta=-0.088440	jet_2_phi=1.827637	jet_3_pt=-999.000000	jet_3_eta=-999.000000	jet_3_phi=-999.000000	MET_pt=22.817986	n_electrons=2.000000	n_muons=0.000000
n2p:	Event not found in two_jet or zero_to_one_jet

--- Event 278223 (DNA:two_jet -> n2p:two_jet/zero_to_one_jet) ---
DNA (two_jet):	event=278223.000000	run=1.000000	luminosityBlock=279.000000	n_jets=3.000000	n_b_jets=0.000000	jet_1_pt=136.428754	jet_1_eta=1.368896	jet_2_pt=135.019980	jet_2_eta=1.693848	jet_2_phi=1.522217	jet_3_pt=50.205600	jet_3_eta=1.810791	jet_3_phi=0.655396	MET_pt=23.631112	n_electrons=2.000000	n_muons=0.000000
n2p:	Event not found in two_jet or zero_to_one_jet

--- Event 279021 (DNA:two_jet -> n2p:two_jet/zero_to_one_jet) ---
DNA (two_jet):	event=279021.000000	run=1.000000	luminosityBlock=280.000000	n_jets=2.000000	n_b_jets=0.000000	jet_1_pt=38.099367	jet_1_eta=0.154175	jet_2_pt=32.321173	jet_2_eta=3.415039	jet_2_phi=-0.739014	jet_3_pt=-999.000000	jet_3_eta=-999.000000	jet_3_phi=-999.000000	MET_pt=40.546801	n_electrons=2.000000	n_muons=0.000000
n2p (zero_to_one_jet):	event=279021.000000	n_jets=1.000000	nbdfm=0.000000	jet_1_pt=38.077564	jet_1_eta=0.154175	jet_2_pt=-999.000000	jet_2_eta=-999.000000	j2_phi=-999.000000	j3_pt=-999.000000	j3_eta=-999.000000	j3_phi=-999.000000	met=38.285969	nel=2.000000	nmu=0.000000
Diff:	n_jets-n_jets=-1.000000	jet_1_pt-jet_1_pt=-0.021802	jet_2_pt-jet_2_pt=-1031.321173	jet_2_eta-jet_2_eta=-1002.415039	j2_phi-jet_2_phi=-998.260986	met-MET_pt=-2.260832

--- Event 282370 (DNA:two_jet -> n2p:two_jet/zero_to_one_jet) ---
DNA (two_jet):	event=282370.000000	run=1.000000	luminosityBlock=283.000000	n_jets=2.000000	n_b_jets=0.000000	jet_1_pt=65.722921	jet_1_eta=0.751221	jet_2_pt=50.491898	jet_2_eta=3.640625	jet_2_phi=-2.653809	jet_3_pt=-999.000000	jet_3_eta=-999.000000	jet_3_phi=-999.000000	MET_pt=31.145054	n_electrons=0.000000	n_muons=2.000000
n2p (zero_to_one_jet):	event=282370.000000	n_jets=1.000000	nbdfm=0.000000	jet_1_pt=65.716476	jet_1_eta=0.751221	jet_2_pt=-999.000000	jet_2_eta=-999.000000	j2_phi=-999.000000	j3_pt=-999.000000	j3_eta=-999.000000	j3_phi=-999.000000	met=11.209048	nel=0.000000	nmu=2.000000
Diff:	n_jets-n_jets=-1.000000	jet_1_pt-jet_1_pt=-0.006445	jet_2_pt-jet_2_pt=-1049.491898	jet_2_eta-jet_2_eta=-1002.640625	j2_phi-jet_2_phi=-996.346191	met-MET_pt=-19.936006

--- Event 282850 (DNA:two_jet -> n2p:two_jet/zero_to_one_jet) ---
DNA (two_jet):	event=282850.000000	run=1.000000	luminosityBlock=283.000000	n_jets=2.000000	n_b_jets=0.000000	jet_1_pt=54.959845	jet_1_eta=1.158691	jet_2_pt=30.818918	jet_2_eta=3.363770	jet_2_phi=1.958496	jet_3_pt=-999.000000	jet_3_eta=-999.000000	jet_3_phi=-999.000000	MET_pt=30.433641	n_electrons=0.000000	n_muons=2.000000
n2p (zero_to_one_jet):	event=282850.000000	n_jets=1.000000	nbdfm=0.000000	jet_1_pt=54.999752	jet_1_eta=1.158691	jet_2_pt=-999.000000	jet_2_eta=-999.000000	j2_phi=-999.000000	j3_pt=-999.000000	j3_eta=-999.000000	j3_phi=-999.000000	met=24.069614	nel=0.000000	nmu=2.000000
Diff:	n_jets-n_jets=-1.000000	jet_1_pt-jet_1_pt=0.039907	jet_2_pt-jet_2_pt=-1029.818918	jet_2_eta-jet_2_eta=-1002.363770	j2_phi-jet_2_phi=-1000.958496	met-MET_pt=-6.364027

--- Event 284044 (DNA:two_jet -> n2p:two_jet/zero_to_one_jet) ---
DNA (two_jet):	event=284044.000000	run=1.000000	luminosityBlock=285.000000	n_jets=2.000000	n_b_jets=0.000000	jet_1_pt=83.517039	jet_1_eta=2.558105	jet_2_pt=30.141402	jet_2_eta=3.449219	jet_2_phi=1.433594	jet_3_pt=-999.000000	jet_3_eta=-999.000000	jet_3_phi=-999.000000	MET_pt=16.242712	n_electrons=0.000000	n_muons=2.000000
n2p (zero_to_one_jet):	event=284044.000000	n_jets=1.000000	nbdfm=0.000000	jet_1_pt=81.002121	jet_1_eta=2.558105	jet_2_pt=-999.000000	jet_2_eta=-999.000000	j2_phi=-999.000000	j3_pt=-999.000000	j3_eta=-999.000000	j3_phi=-999.000000	met=13.040873	nel=0.000000	nmu=2.000000
Diff:	n_jets-n_jets=-1.000000	jet_1_pt-jet_1_pt=-2.514918	jet_2_pt-jet_2_pt=-1029.141402	jet_2_eta-jet_2_eta=-1002.449219	j2_phi-jet_2_phi=-1000.433594	met-MET_pt=-3.201839

--- Event 285749 (DNA:two_jet -> n2p:two_jet/zero_to_one_jet) ---
DNA (two_jet):	event=285749.000000	run=1.000000	luminosityBlock=286.000000	n_jets=2.000000	n_b_jets=0.000000	jet_1_pt=83.049800	jet_1_eta=0.965942	jet_2_pt=32.022522	jet_2_eta=-3.212402	jet_2_phi=-0.319458	jet_3_pt=-999.000000	jet_3_eta=-999.000000	jet_3_phi=-999.000000	MET_pt=13.371200	n_electrons=0.000000	n_muons=2.000000
n2p (zero_to_one_jet):	event=285749.000000	n_jets=1.000000	nbdfm=0.000000	jet_1_pt=83.013466	jet_1_eta=0.965942	jet_2_pt=-999.000000	jet_2_eta=-999.000000	j2_phi=-999.000000	j3_pt=-999.000000	j3_eta=-999.000000	j3_phi=-999.000000	met=12.512797	nel=0.000000	nmu=2.000000
Diff:	n_jets-n_jets=-1.000000	jet_1_pt-jet_1_pt=-0.036334	jet_2_pt-jet_2_pt=-1031.022522	jet_2_eta-jet_2_eta=-995.787598	j2_phi-jet_2_phi=-998.680542	met-MET_pt=-0.858403

--- Event 287354 (DNA:two_jet -> n2p:two_jet/zero_to_one_jet) ---
DNA (two_jet):	event=287354.000000	run=1.000000	luminosityBlock=288.000000	n_jets=2.000000	n_b_jets=0.000000	jet_1_pt=32.713492	jet_1_eta=0.433044	jet_2_pt=30.459690	jet_2_eta=-3.680176	jet_2_phi=0.308228	jet_3_pt=-999.000000	jet_3_eta=-999.000000	jet_3_phi=-999.000000	MET_pt=37.030080	n_electrons=0.000000	n_muons=2.000000
n2p (zero_to_one_jet):	event=287354.000000	n_jets=1.000000	nbdfm=0.000000	jet_1_pt=33.838886	jet_1_eta=0.433044	jet_2_pt=-999.000000	jet_2_eta=-999.000000	j2_phi=-999.000000	j3_pt=-999.000000	j3_eta=-999.000000	j3_phi=-999.000000	met=36.286758	nel=0.000000	nmu=2.000000
Diff:	n_jets-n_jets=-1.000000	jet_1_pt-jet_1_pt=1.125395	jet_2_pt-jet_2_pt=-1029.459690	jet_2_eta-jet_2_eta=-995.319824	j2_phi-jet_2_phi=-999.308228	met-MET_pt=-0.743321

--- Event 287527 (DNA:two_jet -> n2p:two_jet/zero_to_one_jet) ---
DNA (two_jet):	event=287527.000000	run=1.000000	luminosityBlock=288.000000	n_jets=2.000000	n_b_jets=0.000000	jet_1_pt=65.905394	jet_1_eta=3.791016	jet_2_pt=32.972984	jet_2_eta=0.820923	jet_2_phi=2.840332	jet_3_pt=-999.000000	jet_3_eta=-999.000000	jet_3_phi=-999.000000	MET_pt=5.482251	n_electrons=0.000000	n_muons=2.000000
n2p:	Event not found in two_jet or zero_to_one_jet

--- Event 287532 (DNA:two_jet -> n2p:two_jet/zero_to_one_jet) ---
DNA (two_jet):	event=287532.000000	run=1.000000	luminosityBlock=288.000000	n_jets=2.000000	n_b_jets=0.000000	jet_1_pt=156.881092	jet_1_eta=-1.525879	jet_2_pt=91.380084	jet_2_eta=-1.803711	jet_2_phi=1.611084	jet_3_pt=-999.000000	jet_3_eta=-999.000000	jet_3_phi=-999.000000	MET_pt=48.903377	n_electrons=2.000000	n_muons=0.000000
n2p (zero_to_one_jet):	event=287532.000000	n_jets=1.000000	nbdfm=0.000000	jet_1_pt=91.190018	jet_1_eta=-1.803711	jet_2_pt=-999.000000	jet_2_eta=-999.000000	j2_phi=-999.000000	j3_pt=-999.000000	j3_eta=-999.000000	j3_phi=-999.000000	met=47.038021	nel=2.000000	nmu=0.000000
Diff:	n_jets-n_jets=-1.000000	jet_1_pt-jet_1_pt=-65.691074	jet_1_eta-jet_1_eta=-0.277832	jet_2_pt-jet_2_pt=-1090.380084	jet_2_eta-jet_2_eta=-997.196289	j2_phi-jet_2_phi=-1000.611084	met-MET_pt=-1.865355

--- Event 288444 (DNA:two_jet -> n2p:two_jet/zero_to_one_jet) ---
DNA (two_jet):	event=288444.000000	run=1.000000	luminosityBlock=289.000000	n_jets=2.000000	n_b_jets=0.000000	jet_1_pt=118.074519	jet_1_eta=1.188477	jet_2_pt=55.501894	jet_2_eta=2.891602	jet_2_phi=-2.330078	jet_3_pt=-999.000000	jet_3_eta=-999.000000	jet_3_phi=-999.000000	MET_pt=42.359569	n_electrons=0.000000	n_muons=2.000000
n2p (zero_to_one_jet):	event=288444.000000	n_jets=1.000000	nbdfm=0.000000	jet_1_pt=117.967178	jet_1_eta=1.188477	jet_2_pt=-999.000000	jet_2_eta=-999.000000	j2_phi=-999.000000	j3_pt=-999.000000	j3_eta=-999.000000	j3_phi=-999.000000	met=44.440617	nel=0.000000	nmu=2.000000
Diff:	n_jets-n_jets=-1.000000	jet_1_pt-jet_1_pt=-0.107341	jet_2_pt-jet_2_pt=-1054.501894	jet_2_eta-jet_2_eta=-1001.891602	j2_phi-jet_2_phi=-996.669922	met-MET_pt=2.081048

--- Event 288646 (DNA:two_jet -> n2p:two_jet/zero_to_one_jet) ---
DNA (two_jet):	event=288646.000000	run=1.000000	luminosityBlock=289.000000	n_jets=2.000000	n_b_jets=0.000000	jet_1_pt=71.927215	jet_1_eta=1.010498	jet_2_pt=31.022580	jet_2_eta=-3.879395	jet_2_phi=2.616211	jet_3_pt=-999.000000	jet_3_eta=-999.000000	jet_3_phi=-999.000000	MET_pt=0.000000	n_electrons=0.000000	n_muons=2.000000
n2p (zero_to_one_jet):	event=288646.000000	n_jets=1.000000	nbdfm=0.000000	jet_1_pt=71.906654	jet_1_eta=1.010498	jet_2_pt=-999.000000	jet_2_eta=-999.000000	j2_phi=-999.000000	j3_pt=-999.000000	j3_eta=-999.000000	j3_phi=-999.000000	met=28.994629	nel=0.000000	nmu=2.000000
Diff:	n_jets-n_jets=-1.000000	jet_1_pt-jet_1_pt=-0.020560	jet_2_pt-jet_2_pt=-1030.022580	jet_2_eta-jet_2_eta=-995.120605	j2_phi-jet_2_phi=-1001.616211	met-MET_pt=28.994629

--- Event 289183 (DNA:two_jet -> n2p:two_jet/zero_to_one_jet) ---
DNA (two_jet):	event=289183.000000	run=1.000000	luminosityBlock=290.000000	n_jets=2.000000	n_b_jets=0.000000	jet_1_pt=43.693945	jet_1_eta=-1.894531	jet_2_pt=30.127037	jet_2_eta=-4.272461	jet_2_phi=1.079102	jet_3_pt=-999.000000	jet_3_eta=-999.000000	jet_3_phi=-999.000000	MET_pt=25.681062	n_electrons=2.000000	n_muons=0.000000
n2p (zero_to_one_jet):	event=289183.000000	n_jets=1.000000	nbdfm=0.000000	jet_1_pt=43.639057	jet_1_eta=-1.894531	jet_2_pt=-999.000000	jet_2_eta=-999.000000	j2_phi=-999.000000	j3_pt=-999.000000	j3_eta=-999.000000	j3_phi=-999.000000	met=23.574402	nel=2.000000	nmu=0.000000
Diff:	n_jets-n_jets=-1.000000	jet_1_pt-jet_1_pt=-0.054888	jet_2_pt-jet_2_pt=-1029.127037	jet_2_eta-jet_2_eta=-994.727539	j2_phi-jet_2_phi=-1000.079102	met-MET_pt=-2.106660

--- Event 289198 (DNA:two_jet -> n2p:two_jet/zero_to_one_jet) ---
DNA (two_jet):	event=289198.000000	run=1.000000	luminosityBlock=290.000000	n_jets=2.000000	n_b_jets=0.000000	jet_1_pt=57.244283	jet_1_eta=-0.511230	jet_2_pt=32.051405	jet_2_eta=3.372070	jet_2_phi=-2.985352	jet_3_pt=-999.000000	jet_3_eta=-999.000000	jet_3_phi=-999.000000	MET_pt=62.659846	n_electrons=0.000000	n_muons=2.000000
n2p (zero_to_one_jet):	event=289198.000000	n_jets=1.000000	nbdfm=0.000000	jet_1_pt=57.266129	jet_1_eta=-0.511230	jet_2_pt=-999.000000	jet_2_eta=-999.000000	j2_phi=-999.000000	j3_pt=-999.000000	j3_eta=-999.000000	j3_phi=-999.000000	met=60.521606	nel=0.000000	nmu=2.000000
Diff:	n_jets-n_jets=-1.000000	jet_1_pt-jet_1_pt=0.021845	jet_2_pt-jet_2_pt=-1031.051405	jet_2_eta-jet_2_eta=-1002.372070	j2_phi-jet_2_phi=-996.014648	met-MET_pt=-2.138239

--- Event 290577 (DNA:two_jet -> n2p:two_jet/zero_to_one_jet) ---
DNA (two_jet):	event=290577.000000	run=1.000000	luminosityBlock=291.000000	n_jets=2.000000	n_b_jets=0.000000	jet_1_pt=50.899082	jet_1_eta=-2.524414	jet_2_pt=45.496205	jet_2_eta=-0.806519	jet_2_phi=-0.941284	jet_3_pt=-999.000000	jet_3_eta=-999.000000	jet_3_phi=-999.000000	MET_pt=24.184053	n_electrons=2.000000	n_muons=0.000000
n2p (zero_to_one_jet):	event=290577.000000	n_jets=1.000000	nbdfm=0.000000	jet_1_pt=45.342510	jet_1_eta=-0.806519	jet_2_pt=-999.000000	jet_2_eta=-999.000000	j2_phi=-999.000000	j3_pt=-999.000000	j3_eta=-999.000000	j3_phi=-999.000000	met=32.616322	nel=2.000000	nmu=0.000000
Diff:	n_jets-n_jets=-1.000000	jet_1_pt-jet_1_pt=-5.556572	jet_1_eta-jet_1_eta=1.717896	jet_2_pt-jet_2_pt=-1044.496205	jet_2_eta-jet_2_eta=-998.193481	j2_phi-jet_2_phi=-998.058716	met-MET_pt=8.432269

--- Event 290606 (DNA:two_jet -> n2p:two_jet/zero_to_one_jet) ---
DNA (two_jet):	event=290606.000000	run=1.000000	luminosityBlock=291.000000	n_jets=2.000000	n_b_jets=0.000000	jet_1_pt=95.978978	jet_1_eta=-4.184570	jet_2_pt=32.596290	jet_2_eta=3.793457	jet_2_phi=1.840088	jet_3_pt=-999.000000	jet_3_eta=-999.000000	jet_3_phi=-999.000000	MET_pt=26.634962	n_electrons=2.000000	n_muons=0.000000
n2p (zero_to_one_jet):	event=290606.000000	n_jets=1.000000	nbdfm=0.000000	jet_1_pt=95.124031	jet_1_eta=-4.184570	jet_2_pt=-999.000000	jet_2_eta=-999.000000	j2_phi=-999.000000	j3_pt=-999.000000	j3_eta=-999.000000	j3_phi=-999.000000	met=25.345596	nel=2.000000	nmu=0.000000
Diff:	n_jets-n_jets=-1.000000	jet_1_pt-jet_1_pt=-0.854947	jet_2_pt-jet_2_pt=-1031.596290	jet_2_eta-jet_2_eta=-1002.793457	j2_phi-jet_2_phi=-1000.840088	met-MET_pt=-1.289365

--- Event 290653 (DNA:two_jet -> n2p:two_jet/zero_to_one_jet) ---
DNA (two_jet):	event=290653.000000	run=1.000000	luminosityBlock=291.000000	n_jets=2.000000	n_b_jets=0.000000	jet_1_pt=32.430947	jet_1_eta=1.193604	jet_2_pt=31.131568	jet_2_eta=-4.138672	jet_2_phi=0.017555	jet_3_pt=-999.000000	jet_3_eta=-999.000000	jet_3_phi=-999.000000	MET_pt=25.688861	n_electrons=0.000000	n_muons=2.000000
n2p (zero_to_one_jet):	event=290653.000000	n_jets=1.000000	nbdfm=0.000000	jet_1_pt=31.628143	jet_1_eta=-4.138672	jet_2_pt=-999.000000	jet_2_eta=-999.000000	j2_phi=-999.000000	j3_pt=-999.000000	j3_eta=-999.000000	j3_phi=-999.000000	met=21.936050	nel=0.000000	nmu=2.000000
Diff:	n_jets-n_jets=-1.000000	jet_1_pt-jet_1_pt=-0.802804	jet_1_eta-jet_1_eta=-5.332275	jet_2_pt-jet_2_pt=-1030.131568	jet_2_eta-jet_2_eta=-994.861328	j2_phi-jet_2_phi=-999.017555	met-MET_pt=-3.752811

--- Event 291232 (DNA:two_jet -> n2p:two_jet/zero_to_one_jet) ---
DNA (two_jet):	event=291232.000000	run=1.000000	luminosityBlock=292.000000	n_jets=2.000000	n_b_jets=0.000000	jet_1_pt=37.234521	jet_1_eta=-0.230713	jet_2_pt=30.013154	jet_2_eta=-1.792969	jet_2_phi=-1.583496	jet_3_pt=-999.000000	jet_3_eta=-999.000000	jet_3_phi=-999.000000	MET_pt=16.249386	n_electrons=0.000000	n_muons=2.000000
n2p (zero_to_one_jet):	event=291232.000000	n_jets=1.000000	nbdfm=0.000000	jet_1_pt=37.238129	jet_1_eta=-0.230713	jet_2_pt=-999.000000	jet_2_eta=-999.000000	j2_phi=-999.000000	j3_pt=-999.000000	j3_eta=-999.000000	j3_phi=-999.000000	met=16.254948	nel=0.000000	nmu=2.000000
Diff:	n_jets-n_jets=-1.000000	jet_1_pt-jet_1_pt=0.003608	jet_2_pt-jet_2_pt=-1029.013154	jet_2_eta-jet_2_eta=-997.207031	j2_phi-jet_2_phi=-997.416504	met-MET_pt=0.005562

--- Event 291621 (DNA:two_jet -> n2p:two_jet/zero_to_one_jet) ---
DNA (two_jet):	event=291621.000000	run=1.000000	luminosityBlock=292.000000	n_jets=2.000000	n_b_jets=0.000000	jet_1_pt=60.257823	jet_1_eta=0.208954	jet_2_pt=33.213371	jet_2_eta=-3.277832	jet_2_phi=-1.318359	jet_3_pt=-999.000000	jet_3_eta=-999.000000	jet_3_phi=-999.000000	MET_pt=32.609354	n_electrons=0.000000	n_muons=2.000000
n2p (zero_to_one_jet):	event=291621.000000	n_jets=1.000000	nbdfm=0.000000	jet_1_pt=60.282867	jet_1_eta=0.208954	jet_2_pt=-999.000000	jet_2_eta=-999.000000	j2_phi=-999.000000	j3_pt=-999.000000	j3_eta=-999.000000	j3_phi=-999.000000	met=29.823944	nel=0.000000	nmu=2.000000
Diff:	n_jets-n_jets=-1.000000	jet_1_pt-jet_1_pt=0.025045	jet_2_pt-jet_2_pt=-1032.213371	jet_2_eta-jet_2_eta=-995.722168	j2_phi-jet_2_phi=-997.681641	met-MET_pt=-2.785410

--- Event 292012 (DNA:two_jet -> n2p:two_jet/zero_to_one_jet) ---
DNA (two_jet):	event=292012.000000	run=1.000000	luminosityBlock=293.000000	n_jets=2.000000	n_b_jets=0.000000	jet_1_pt=72.414971	jet_1_eta=2.715820	jet_2_pt=34.045631	jet_2_eta=-4.486328	jet_2_phi=2.453613	jet_3_pt=-999.000000	jet_3_eta=-999.000000	jet_3_phi=-999.000000	MET_pt=22.511511	n_electrons=2.000000	n_muons=0.000000
n2p (zero_to_one_jet):	event=292012.000000	n_jets=1.000000	nbdfm=0.000000	jet_1_pt=66.600990	jet_1_eta=2.715820	jet_2_pt=-999.000000	jet_2_eta=-999.000000	j2_phi=-999.000000	j3_pt=-999.000000	j3_eta=-999.000000	j3_phi=-999.000000	met=37.695263	nel=2.000000	nmu=0.000000
Diff:	n_jets-n_jets=-1.000000	jet_1_pt-jet_1_pt=-5.813981	jet_2_pt-jet_2_pt=-1033.045631	jet_2_eta-jet_2_eta=-994.513672	j2_phi-jet_2_phi=-1001.453613	met-MET_pt=15.183752

--- Event 292049 (DNA:two_jet -> n2p:two_jet/zero_to_one_jet) ---
DNA (two_jet):	event=292049.000000	run=1.000000	luminosityBlock=293.000000	n_jets=2.000000	n_b_jets=0.000000	jet_1_pt=70.122339	jet_1_eta=2.323730	jet_2_pt=54.746584	jet_2_eta=2.962402	jet_2_phi=-2.675293	jet_3_pt=-999.000000	jet_3_eta=-999.000000	jet_3_phi=-999.000000	MET_pt=23.433719	n_electrons=2.000000	n_muons=0.000000
n2p (zero_to_one_jet):	event=292049.000000	n_jets=0.000000	nbdfm=0.000000	jet_1_pt=-999.000000	jet_1_eta=-999.000000	jet_2_pt=-999.000000	jet_2_eta=-999.000000	j2_phi=-999.000000	j3_pt=-999.000000	j3_eta=-999.000000	j3_phi=-999.000000	met=24.005917	nel=2.000000	nmu=0.000000
Diff:	n_jets-n_jets=-2.000000	jet_1_pt-jet_1_pt=-1069.122339	jet_1_eta-jet_1_eta=-1001.323730	jet_2_pt-jet_2_pt=-1053.746584	jet_2_eta-jet_2_eta=-1001.962402	j2_phi-jet_2_phi=-996.324707	met-MET_pt=0.572198

--- Event 293217 (DNA:two_jet -> n2p:two_jet/zero_to_one_jet) ---
DNA (two_jet):	event=293217.000000	run=1.000000	luminosityBlock=294.000000	n_jets=2.000000	n_b_jets=0.000000	jet_1_pt=35.396888	jet_1_eta=-2.338867	jet_2_pt=30.382502	jet_2_eta=-3.795898	jet_2_phi=0.087631	jet_3_pt=-999.000000	jet_3_eta=-999.000000	jet_3_phi=-999.000000	MET_pt=21.681467	n_electrons=2.000000	n_muons=0.000000
n2p (zero_to_one_jet):	event=293217.000000	n_jets=1.000000	nbdfm=0.000000	jet_1_pt=34.860287	jet_1_eta=-2.338867	jet_2_pt=-999.000000	jet_2_eta=-999.000000	j2_phi=-999.000000	j3_pt=-999.000000	j3_eta=-999.000000	j3_phi=-999.000000	met=20.386133	nel=2.000000	nmu=0.000000
Diff:	n_jets-n_jets=-1.000000	jet_1_pt-jet_1_pt=-0.536602	jet_2_pt-jet_2_pt=-1029.382502	jet_2_eta-jet_2_eta=-995.204102	j2_phi-jet_2_phi=-999.087631	met-MET_pt=-1.295333

--- Event 293787 (DNA:two_jet -> n2p:two_jet/zero_to_one_jet) ---
DNA (two_jet):	event=293787.000000	run=1.000000	luminosityBlock=294.000000	n_jets=2.000000	n_b_jets=0.000000	jet_1_pt=37.453454	jet_1_eta=-1.271729	jet_2_pt=32.572835	jet_2_eta=-1.904297	jet_2_phi=2.590820	jet_3_pt=-999.000000	jet_3_eta=-999.000000	jet_3_phi=-999.000000	MET_pt=61.570213	n_electrons=0.000000	n_muons=2.000000
n2p (zero_to_one_jet):	event=293787.000000	n_jets=1.000000	nbdfm=0.000000	jet_1_pt=36.063934	jet_1_eta=-1.271729	jet_2_pt=-999.000000	jet_2_eta=-999.000000	j2_phi=-999.000000	j3_pt=-999.000000	j3_eta=-999.000000	j3_phi=-999.000000	met=76.882561	nel=0.000000	nmu=2.000000
Diff:	n_jets-n_jets=-1.000000	jet_1_pt-jet_1_pt=-1.389519	jet_2_pt-jet_2_pt=-1031.572835	jet_2_eta-jet_2_eta=-997.095703	j2_phi-jet_2_phi=-1001.590820	met-MET_pt=15.312348

--- Event 293885 (DNA:two_jet -> n2p:two_jet/zero_to_one_jet) ---
DNA (two_jet):	event=293885.000000	run=1.000000	luminosityBlock=294.000000	n_jets=2.000000	n_b_jets=0.000000	jet_1_pt=104.564468	jet_1_eta=3.501465	jet_2_pt=30.373808	jet_2_eta=-3.572754	jet_2_phi=2.238281	jet_3_pt=-999.000000	jet_3_eta=-999.000000	jet_3_phi=-999.000000	MET_pt=36.961846	n_electrons=2.000000	n_muons=0.000000
n2p (zero_to_one_jet):	event=293885.000000	n_jets=1.000000	nbdfm=0.000000	jet_1_pt=103.651863	jet_1_eta=3.501465	jet_2_pt=-999.000000	jet_2_eta=-999.000000	j2_phi=-999.000000	j3_pt=-999.000000	j3_eta=-999.000000	j3_phi=-999.000000	met=34.405037	nel=2.000000	nmu=0.000000
Diff:	n_jets-n_jets=-1.000000	jet_1_pt-jet_1_pt=-0.912605	jet_2_pt-jet_2_pt=-1029.373808	jet_2_eta-jet_2_eta=-995.427246	j2_phi-jet_2_phi=-1001.238281	met-MET_pt=-2.556809

--- Event 294063 (DNA:two_jet -> n2p:two_jet/zero_to_one_jet) ---
DNA (two_jet):	event=294063.000000	run=1.000000	luminosityBlock=295.000000	n_jets=2.000000	n_b_jets=0.000000	jet_1_pt=45.250228	jet_1_eta=-4.450195	jet_2_pt=30.935013	jet_2_eta=-3.217285	jet_2_phi=0.740479	jet_3_pt=-999.000000	jet_3_eta=-999.000000	jet_3_phi=-999.000000	MET_pt=61.185634	n_electrons=2.000000	n_muons=0.000000
n2p (zero_to_one_jet):	event=294063.000000	n_jets=1.000000	nbdfm=0.000000	jet_1_pt=42.378048	jet_1_eta=-4.450195	jet_2_pt=-999.000000	jet_2_eta=-999.000000	j2_phi=-999.000000	j3_pt=-999.000000	j3_eta=-999.000000	j3_phi=-999.000000	met=54.946835	nel=2.000000	nmu=0.000000
Diff:	n_jets-n_jets=-1.000000	jet_1_pt-jet_1_pt=-2.872180	jet_2_pt-jet_2_pt=-1029.935013	jet_2_eta-jet_2_eta=-995.782715	j2_phi-jet_2_phi=-999.740479	met-MET_pt=-6.238800

--- Event 294593 (DNA:two_jet -> n2p:two_jet/zero_to_one_jet) ---
DNA (two_jet):	event=294593.000000	run=1.000000	luminosityBlock=295.000000	n_jets=2.000000	n_b_jets=0.000000	jet_1_pt=54.763315	jet_1_eta=1.274414	jet_2_pt=32.268227	jet_2_eta=4.234375	jet_2_phi=1.135986	jet_3_pt=-999.000000	jet_3_eta=-999.000000	jet_3_phi=-999.000000	MET_pt=42.644115	n_electrons=0.000000	n_muons=2.000000
n2p (zero_to_one_jet):	event=294593.000000	n_jets=1.000000	nbdfm=0.000000	jet_1_pt=51.070881	jet_1_eta=1.274414	jet_2_pt=-999.000000	jet_2_eta=-999.000000	j2_phi=-999.000000	j3_pt=-999.000000	j3_eta=-999.000000	j3_phi=-999.000000	met=42.797844	nel=0.000000	nmu=2.000000
Diff:	n_jets-n_jets=-1.000000	jet_1_pt-jet_1_pt=-3.692434	jet_2_pt-jet_2_pt=-1031.268227	jet_2_eta-jet_2_eta=-1003.234375	j2_phi-jet_2_phi=-1000.135986	met-MET_pt=0.153729

--- Event 298057 (DNA:two_jet -> n2p:two_jet/zero_to_one_jet) ---
DNA (two_jet):	event=298057.000000	run=1.000000	luminosityBlock=299.000000	n_jets=2.000000	n_b_jets=0.000000	jet_1_pt=73.658863	jet_1_eta=3.489258	jet_2_pt=31.251537	jet_2_eta=4.050781	jet_2_phi=2.268066	jet_3_pt=-999.000000	jet_3_eta=-999.000000	jet_3_phi=-999.000000	MET_pt=40.898464	n_electrons=2.000000	n_muons=0.000000
n2p (zero_to_one_jet):	event=298057.000000	n_jets=1.000000	nbdfm=0.000000	jet_1_pt=72.091850	jet_1_eta=3.489258	jet_2_pt=-999.000000	jet_2_eta=-999.000000	j2_phi=-999.000000	j3_pt=-999.000000	j3_eta=-999.000000	j3_phi=-999.000000	met=42.839764	nel=2.000000	nmu=0.000000
Diff:	n_jets-n_jets=-1.000000	jet_1_pt-jet_1_pt=-1.567013	jet_2_pt-jet_2_pt=-1030.251537	jet_2_eta-jet_2_eta=-1003.050781	j2_phi-jet_2_phi=-1001.268066	met-MET_pt=1.941300

--- Event 300106 (DNA:two_jet -> n2p:two_jet/zero_to_one_jet) ---
DNA (two_jet):	event=300106.000000	run=1.000000	luminosityBlock=301.000000	n_jets=2.000000	n_b_jets=0.000000	jet_1_pt=52.518205	jet_1_eta=-2.833984	jet_2_pt=48.814585	jet_2_eta=-1.608643	jet_2_phi=-2.895996	jet_3_pt=-999.000000	jet_3_eta=-999.000000	jet_3_phi=-999.000000	MET_pt=25.135365	n_electrons=0.000000	n_muons=2.000000
n2p (zero_to_one_jet):	event=300106.000000	n_jets=1.000000	nbdfm=0.000000	jet_1_pt=48.765533	jet_1_eta=-1.608643	jet_2_pt=-999.000000	jet_2_eta=-999.000000	j2_phi=-999.000000	j3_pt=-999.000000	j3_eta=-999.000000	j3_phi=-999.000000	met=20.071003	nel=0.000000	nmu=2.000000
Diff:	n_jets-n_jets=-1.000000	jet_1_pt-jet_1_pt=-3.752672	jet_1_eta-jet_1_eta=1.225342	jet_2_pt-jet_2_pt=-1047.814585	jet_2_eta-jet_2_eta=-997.391357	j2_phi-jet_2_phi=-996.104004	met-MET_pt=-5.064362

--- Event 300130 (DNA:two_jet -> n2p:two_jet/zero_to_one_jet) ---
DNA (two_jet):	event=300130.000000	run=1.000000	luminosityBlock=301.000000	n_jets=2.000000	n_b_jets=0.000000	jet_1_pt=34.369352	jet_1_eta=3.350098	jet_2_pt=31.128548	jet_2_eta=3.618652	jet_2_phi=-2.015625	jet_3_pt=-999.000000	jet_3_eta=-999.000000	jet_3_phi=-999.000000	MET_pt=9.396607	n_electrons=2.000000	n_muons=0.000000
n2p (zero_to_one_jet):	event=300130.000000	n_jets=0.000000	nbdfm=0.000000	jet_1_pt=-999.000000	jet_1_eta=-999.000000	jet_2_pt=-999.000000	jet_2_eta=-999.000000	j2_phi=-999.000000	j3_pt=-999.000000	j3_eta=-999.000000	j3_phi=-999.000000	met=9.348951	nel=2.000000	nmu=0.000000
Diff:	n_jets-n_jets=-2.000000	jet_1_pt-jet_1_pt=-1033.369352	jet_1_eta-jet_1_eta=-1002.350098	jet_2_pt-jet_2_pt=-1030.128548	jet_2_eta-jet_2_eta=-1002.618652	j2_phi-jet_2_phi=-996.984375	met-MET_pt=-0.047656

--- Event 300683 (DNA:two_jet -> n2p:two_jet/zero_to_one_jet) ---
DNA (two_jet):	event=300683.000000	run=1.000000	luminosityBlock=301.000000	n_jets=2.000000	n_b_jets=0.000000	jet_1_pt=59.253060	jet_1_eta=1.847656	jet_2_pt=30.946391	jet_2_eta=3.450684	jet_2_phi=-2.188477	jet_3_pt=-999.000000	jet_3_eta=-999.000000	jet_3_phi=-999.000000	MET_pt=14.841931	n_electrons=2.000000	n_muons=0.000000
n2p (zero_to_one_jet):	event=300683.000000	n_jets=1.000000	nbdfm=0.000000	jet_1_pt=59.110435	jet_1_eta=1.847656	jet_2_pt=-999.000000	jet_2_eta=-999.000000	j2_phi=-999.000000	j3_pt=-999.000000	j3_eta=-999.000000	j3_phi=-999.000000	met=16.738157	nel=2.000000	nmu=0.000000
Diff:	n_jets-n_jets=-1.000000	jet_1_pt-jet_1_pt=-0.142624	jet_2_pt-jet_2_pt=-1029.946391	jet_2_eta-jet_2_eta=-1002.450684	j2_phi-jet_2_phi=-996.811523	met-MET_pt=1.896226

--- Event 301335 (DNA:two_jet -> n2p:two_jet/zero_to_one_jet) ---
DNA (two_jet):	event=301335.000000	run=1.000000	luminosityBlock=302.000000	n_jets=2.000000	n_b_jets=0.000000	jet_1_pt=39.936336	jet_1_eta=0.015032	jet_2_pt=32.490941	jet_2_eta=4.068359	jet_2_phi=1.570312	jet_3_pt=-999.000000	jet_3_eta=-999.000000	jet_3_phi=-999.000000	MET_pt=9.199588	n_electrons=0.000000	n_muons=2.000000
n2p (zero_to_one_jet):	event=301335.000000	n_jets=1.000000	nbdfm=0.000000	jet_1_pt=39.940029	jet_1_eta=0.015032	jet_2_pt=-999.000000	jet_2_eta=-999.000000	j2_phi=-999.000000	j3_pt=-999.000000	j3_eta=-999.000000	j3_phi=-999.000000	met=9.932700	nel=0.000000	nmu=2.000000
Diff:	n_jets-n_jets=-1.000000	jet_1_pt-jet_1_pt=0.003693	jet_2_pt-jet_2_pt=-1031.490941	jet_2_eta-jet_2_eta=-1003.068359	j2_phi-jet_2_phi=-1000.570312	met-MET_pt=0.733112

--- Event 301564 (DNA:two_jet -> n2p:two_jet/zero_to_one_jet) ---
DNA (two_jet):	event=301564.000000	run=1.000000	luminosityBlock=302.000000	n_jets=2.000000	n_b_jets=0.000000	jet_1_pt=197.573791	jet_1_eta=-1.144775	jet_2_pt=30.086356	jet_2_eta=1.596924	jet_2_phi=-2.992676	jet_3_pt=-999.000000	jet_3_eta=-999.000000	jet_3_phi=-999.000000	MET_pt=4.762273	n_electrons=0.000000	n_muons=2.000000
n2p (zero_to_one_jet):	event=301564.000000	n_jets=1.000000	nbdfm=0.000000	jet_1_pt=197.557648	jet_1_eta=-1.144775	jet_2_pt=-999.000000	jet_2_eta=-999.000000	j2_phi=-999.000000	j3_pt=-999.000000	j3_eta=-999.000000	j3_phi=-999.000000	met=3.940061	nel=0.000000	nmu=2.000000
Diff:	n_jets-n_jets=-1.000000	jet_1_pt-jet_1_pt=-0.016144	jet_2_pt-jet_2_pt=-1029.086356	jet_2_eta-jet_2_eta=-1000.596924	j2_phi-jet_2_phi=-996.007324	met-MET_pt=-0.822212

--- Event 302200 (DNA:two_jet -> n2p:two_jet/zero_to_one_jet) ---
DNA (two_jet):	event=302200.000000	run=1.000000	luminosityBlock=303.000000	n_jets=2.000000	n_b_jets=0.000000	jet_1_pt=43.757550	jet_1_eta=3.843750	jet_2_pt=32.712052	jet_2_eta=-4.319336	jet_2_phi=1.011475	jet_3_pt=-999.000000	jet_3_eta=-999.000000	jet_3_phi=-999.000000	MET_pt=41.568886	n_electrons=0.000000	n_muons=2.000000
n2p (zero_to_one_jet):	event=302200.000000	n_jets=1.000000	nbdfm=0.000000	jet_1_pt=30.434111	jet_1_eta=-4.319336	jet_2_pt=-999.000000	jet_2_eta=-999.000000	j2_phi=-999.000000	j3_pt=-999.000000	j3_eta=-999.000000	j3_phi=-999.000000	met=34.047417	nel=0.000000	nmu=2.000000
Diff:	n_jets-n_jets=-1.000000	jet_1_pt-jet_1_pt=-13.323439	jet_1_eta-jet_1_eta=-8.163086	jet_2_pt-jet_2_pt=-1031.712052	jet_2_eta-jet_2_eta=-994.680664	j2_phi-jet_2_phi=-1000.011475	met-MET_pt=-7.521470

--- Event 304193 (DNA:two_jet -> n2p:two_jet/zero_to_one_jet) ---
DNA (two_jet):	event=304193.000000	run=1.000000	luminosityBlock=305.000000	n_jets=2.000000	n_b_jets=0.000000	jet_1_pt=32.850778	jet_1_eta=-3.134277	jet_2_pt=31.410308	jet_2_eta=-0.083633	jet_2_phi=-0.771118	jet_3_pt=-999.000000	jet_3_eta=-999.000000	jet_3_phi=-999.000000	MET_pt=47.295554	n_electrons=0.000000	n_muons=2.000000
n2p (zero_to_one_jet):	event=304193.000000	n_jets=1.000000	nbdfm=0.000000	jet_1_pt=31.443060	jet_1_eta=-0.083633	jet_2_pt=-999.000000	jet_2_eta=-999.000000	j2_phi=-999.000000	j3_pt=-999.000000	j3_eta=-999.000000	j3_phi=-999.000000	met=40.874729	nel=0.000000	nmu=2.000000
Diff:	n_jets-n_jets=-1.000000	jet_1_pt-jet_1_pt=-1.407718	jet_1_eta-jet_1_eta=3.050644	jet_2_pt-jet_2_pt=-1030.410308	jet_2_eta-jet_2_eta=-998.916367	j2_phi-jet_2_phi=-998.228882	met-MET_pt=-6.420825

--- Event 304585 (DNA:two_jet -> n2p:two_jet/zero_to_one_jet) ---
DNA (two_jet):	event=304585.000000	run=1.000000	luminosityBlock=305.000000	n_jets=2.000000	n_b_jets=0.000000	jet_1_pt=64.244909	jet_1_eta=2.782715	jet_2_pt=42.023672	jet_2_eta=3.274414	jet_2_phi=2.180664	jet_3_pt=-999.000000	jet_3_eta=-999.000000	jet_3_phi=-999.000000	MET_pt=34.436208	n_electrons=0.000000	n_muons=2.000000
n2p (zero_to_one_jet):	event=304585.000000	n_jets=1.000000	nbdfm=0.000000	jet_1_pt=36.765610	jet_1_eta=3.274414	jet_2_pt=-999.000000	jet_2_eta=-999.000000	j2_phi=-999.000000	j3_pt=-999.000000	j3_eta=-999.000000	j3_phi=-999.000000	met=25.226538	nel=0.000000	nmu=2.000000
Diff:	n_jets-n_jets=-1.000000	jet_1_pt-jet_1_pt=-27.479299	jet_1_eta-jet_1_eta=0.491699	jet_2_pt-jet_2_pt=-1041.023672	jet_2_eta-jet_2_eta=-1002.274414	j2_phi-jet_2_phi=-1001.180664	met-MET_pt=-9.209670

--- Event 306211 (DNA:two_jet -> n2p:two_jet/zero_to_one_jet) ---
DNA (two_jet):	event=306211.000000	run=1.000000	luminosityBlock=307.000000	n_jets=2.000000	n_b_jets=0.000000	jet_1_pt=41.912460	jet_1_eta=0.015736	jet_2_pt=33.858949	jet_2_eta=0.298584	jet_2_phi=1.627930	jet_3_pt=-999.000000	jet_3_eta=-999.000000	jet_3_phi=-999.000000	MET_pt=26.565051	n_electrons=0.000000	n_muons=2.000000
n2p (zero_to_one_jet):	event=306211.000000	n_jets=1.000000	nbdfm=0.000000	jet_1_pt=41.907551	jet_1_eta=0.015736	jet_2_pt=-999.000000	jet_2_eta=-999.000000	j2_phi=-999.000000	j3_pt=-999.000000	j3_eta=-999.000000	j3_phi=-999.000000	met=17.749165	nel=0.000000	nmu=2.000000
Diff:	n_jets-n_jets=-1.000000	jet_1_pt-jet_1_pt=-0.004909	jet_2_pt-jet_2_pt=-1032.858949	jet_2_eta-jet_2_eta=-999.298584	j2_phi-jet_2_phi=-1000.627930	met-MET_pt=-8.815887

--- Event 307055 (DNA:two_jet -> n2p:two_jet/zero_to_one_jet) ---
DNA (two_jet):	event=307055.000000	run=1.000000	luminosityBlock=308.000000	n_jets=2.000000	n_b_jets=0.000000	jet_1_pt=62.129070	jet_1_eta=1.338867	jet_2_pt=30.976159	jet_2_eta=3.788574	jet_2_phi=-2.644043	jet_3_pt=-999.000000	jet_3_eta=-999.000000	jet_3_phi=-999.000000	MET_pt=24.412042	n_electrons=0.000000	n_muons=2.000000
n2p (zero_to_one_jet):	event=307055.000000	n_jets=1.000000	nbdfm=0.000000	jet_1_pt=62.146019	jet_1_eta=1.338867	jet_2_pt=-999.000000	jet_2_eta=-999.000000	j2_phi=-999.000000	j3_pt=-999.000000	j3_eta=-999.000000	j3_phi=-999.000000	met=26.122566	nel=0.000000	nmu=2.000000
Diff:	n_jets-n_jets=-1.000000	jet_1_pt-jet_1_pt=0.016949	jet_2_pt-jet_2_pt=-1029.976159	jet_2_eta-jet_2_eta=-1002.788574	j2_phi-jet_2_phi=-996.355957	met-MET_pt=1.710525

--- Event 307565 (DNA:two_jet -> n2p:two_jet/zero_to_one_jet) ---
DNA (two_jet):	event=307565.000000	run=1.000000	luminosityBlock=308.000000	n_jets=2.000000	n_b_jets=0.000000	jet_1_pt=54.858969	jet_1_eta=-2.301270	jet_2_pt=35.686236	jet_2_eta=1.019531	jet_2_phi=2.988281	jet_3_pt=-999.000000	jet_3_eta=-999.000000	jet_3_phi=-999.000000	MET_pt=36.367187	n_electrons=0.000000	n_muons=2.000000
n2p:	Event not found in two_jet or zero_to_one_jet

--- Event 308992 (DNA:two_jet -> n2p:two_jet/zero_to_one_jet) ---
DNA (two_jet):	event=308992.000000	run=1.000000	luminosityBlock=309.000000	n_jets=3.000000	n_b_jets=0.000000	jet_1_pt=62.806801	jet_1_eta=-2.745605	jet_2_pt=56.308624	jet_2_eta=-1.864990	jet_2_phi=-2.734863	jet_3_pt=43.505457	jet_3_eta=-4.167969	jet_3_phi=-1.866211	MET_pt=54.854877	n_electrons=0.000000	n_muons=2.000000
n2p (zero_to_one_jet):	event=308992.000000	n_jets=1.000000	nbdfm=0.000000	jet_1_pt=41.249664	jet_1_eta=-4.167969	jet_2_pt=-999.000000	jet_2_eta=-999.000000	j2_phi=-999.000000	j3_pt=-999.000000	j3_eta=-999.000000	j3_phi=-999.000000	met=40.792995	nel=0.000000	nmu=2.000000
Diff:	n_jets-n_jets=-2.000000	jet_1_pt-jet_1_pt=-21.557137	jet_1_eta-jet_1_eta=-1.422363	jet_2_pt-jet_2_pt=-1055.308624	jet_2_eta-jet_2_eta=-997.135010	j2_phi-jet_2_phi=-996.265137	j3_pt-jet_3_pt=-1042.505457	j3_eta-jet_3_eta=-994.832031	j3_phi-jet_3_phi=-997.133789	met-MET_pt=-14.061882

--- Event 309986 (DNA:two_jet -> n2p:two_jet/zero_to_one_jet) ---
DNA (two_jet):	event=309986.000000	run=1.000000	luminosityBlock=310.000000	n_jets=2.000000	n_b_jets=0.000000	jet_1_pt=59.323238	jet_1_eta=2.045410	jet_2_pt=33.080678	jet_2_eta=-0.200134	jet_2_phi=-1.190186	jet_3_pt=-999.000000	jet_3_eta=-999.000000	jet_3_phi=-999.000000	MET_pt=15.393604	n_electrons=2.000000	n_muons=0.000000
n2p:	Event not found in two_jet or zero_to_one_jet

--- Event 310388 (DNA:two_jet -> n2p:two_jet/zero_to_one_jet) ---
DNA (two_jet):	event=310388.000000	run=1.000000	luminosityBlock=311.000000	n_jets=2.000000	n_b_jets=0.000000	jet_1_pt=34.263107	jet_1_eta=1.608643	jet_2_pt=32.072027	jet_2_eta=-3.875000	jet_2_phi=1.658936	jet_3_pt=-999.000000	jet_3_eta=-999.000000	jet_3_phi=-999.000000	MET_pt=32.336662	n_electrons=0.000000	n_muons=2.000000
n2p (zero_to_one_jet):	event=310388.000000	n_jets=1.000000	nbdfm=0.000000	jet_1_pt=34.253468	jet_1_eta=1.608643	jet_2_pt=-999.000000	jet_2_eta=-999.000000	j2_phi=-999.000000	j3_pt=-999.000000	j3_eta=-999.000000	j3_phi=-999.000000	met=27.553574	nel=0.000000	nmu=2.000000
Diff:	n_jets-n_jets=-1.000000	jet_1_pt-jet_1_pt=-0.009640	jet_2_pt-jet_2_pt=-1031.072027	jet_2_eta-jet_2_eta=-995.125000	j2_phi-jet_2_phi=-1000.658936	met-MET_pt=-4.783089

--- Event 310490 (DNA:two_jet -> n2p:two_jet/zero_to_one_jet) ---
DNA (two_jet):	event=310490.000000	run=1.000000	luminosityBlock=311.000000	n_jets=2.000000	n_b_jets=0.000000	jet_1_pt=32.402734	jet_1_eta=1.850098	jet_2_pt=31.265007	jet_2_eta=-3.622070	jet_2_phi=0.624268	jet_3_pt=-999.000000	jet_3_eta=-999.000000	jet_3_phi=-999.000000	MET_pt=7.004626	n_electrons=0.000000	n_muons=2.000000
n2p (zero_to_one_jet):	event=310490.000000	n_jets=1.000000	nbdfm=0.000000	jet_1_pt=32.345600	jet_1_eta=1.850098	jet_2_pt=-999.000000	jet_2_eta=-999.000000	j2_phi=-999.000000	j3_pt=-999.000000	j3_eta=-999.000000	j3_phi=-999.000000	met=8.897802	nel=0.000000	nmu=2.000000
Diff:	n_jets-n_jets=-1.000000	jet_1_pt-jet_1_pt=-0.057134	jet_2_pt-jet_2_pt=-1030.265007	jet_2_eta-jet_2_eta=-995.377930	j2_phi-jet_2_phi=-999.624268	met-MET_pt=1.893177

--- Event 310742 (DNA:two_jet -> n2p:two_jet/zero_to_one_jet) ---
DNA (two_jet):	event=310742.000000	run=1.000000	luminosityBlock=311.000000	n_jets=2.000000	n_b_jets=0.000000	jet_1_pt=60.764322	jet_1_eta=0.756226	jet_2_pt=36.178063	jet_2_eta=4.006836	jet_2_phi=-2.736328	jet_3_pt=-999.000000	jet_3_eta=-999.000000	jet_3_phi=-999.000000	MET_pt=0.000000	n_electrons=2.000000	n_muons=0.000000
n2p:	Event not found in two_jet or zero_to_one_jet

--- Event 311527 (DNA:two_jet -> n2p:two_jet/zero_to_one_jet) ---
DNA (two_jet):	event=311527.000000	run=1.000000	luminosityBlock=312.000000	n_jets=2.000000	n_b_jets=0.000000	jet_1_pt=65.749705	jet_1_eta=3.861328	jet_2_pt=32.345022	jet_2_eta=3.448730	jet_2_phi=-0.802856	jet_3_pt=-999.000000	jet_3_eta=-999.000000	jet_3_phi=-999.000000	MET_pt=14.273272	n_electrons=2.000000	n_muons=0.000000
n2p (zero_to_one_jet):	event=311527.000000	n_jets=1.000000	nbdfm=0.000000	jet_1_pt=64.635170	jet_1_eta=3.861328	jet_2_pt=-999.000000	jet_2_eta=-999.000000	j2_phi=-999.000000	j3_pt=-999.000000	j3_eta=-999.000000	j3_phi=-999.000000	met=17.500101	nel=2.000000	nmu=0.000000
Diff:	n_jets-n_jets=-1.000000	jet_1_pt-jet_1_pt=-1.114535	jet_2_pt-jet_2_pt=-1031.345022	jet_2_eta-jet_2_eta=-1002.448730	j2_phi-jet_2_phi=-998.197144	met-MET_pt=3.226829

--- Event 312174 (DNA:two_jet -> n2p:two_jet/zero_to_one_jet) ---
DNA (two_jet):	event=312174.000000	run=1.000000	luminosityBlock=313.000000	n_jets=2.000000	n_b_jets=0.000000	jet_1_pt=56.887909	jet_1_eta=-1.452881	jet_2_pt=54.081162	jet_2_eta=2.940918	jet_2_phi=2.886230	jet_3_pt=-999.000000	jet_3_eta=-999.000000	jet_3_phi=-999.000000	MET_pt=30.390762	n_electrons=0.000000	n_muons=2.000000
n2p (zero_to_one_jet):	event=312174.000000	n_jets=1.000000	nbdfm=0.000000	jet_1_pt=57.011284	jet_1_eta=-1.452881	jet_2_pt=-999.000000	jet_2_eta=-999.000000	j2_phi=-999.000000	j3_pt=-999.000000	j3_eta=-999.000000	j3_phi=-999.000000	met=26.632065	nel=0.000000	nmu=2.000000
Diff:	n_jets-n_jets=-1.000000	jet_1_pt-jet_1_pt=0.123374	jet_2_pt-jet_2_pt=-1053.081162	jet_2_eta-jet_2_eta=-1001.940918	j2_phi-jet_2_phi=-1001.886230	met-MET_pt=-3.758697

--- Event 312403 (DNA:two_jet -> n2p:two_jet/zero_to_one_jet) ---
DNA (two_jet):	event=312403.000000	run=1.000000	luminosityBlock=313.000000	n_jets=2.000000	n_b_jets=0.000000	jet_1_pt=55.170886	jet_1_eta=-2.653320	jet_2_pt=30.049587	jet_2_eta=0.984375	jet_2_phi=2.416504	jet_3_pt=-999.000000	jet_3_eta=-999.000000	jet_3_phi=-999.000000	MET_pt=21.135429	n_electrons=2.000000	n_muons=0.000000
n2p (zero_to_one_jet):	event=312403.000000	n_jets=1.000000	nbdfm=0.000000	jet_1_pt=30.084000	jet_1_eta=0.984375	jet_2_pt=-999.000000	jet_2_eta=-999.000000	j2_phi=-999.000000	j3_pt=-999.000000	j3_eta=-999.000000	j3_phi=-999.000000	met=19.509117	nel=2.000000	nmu=0.000000
Diff:	n_jets-n_jets=-1.000000	jet_1_pt-jet_1_pt=-25.086886	jet_1_eta-jet_1_eta=3.637695	jet_2_pt-jet_2_pt=-1029.049587	jet_2_eta-jet_2_eta=-999.984375	j2_phi-jet_2_phi=-1001.416504	met-MET_pt=-1.626311

--- Event 313257 (DNA:two_jet -> n2p:two_jet/zero_to_one_jet) ---
DNA (two_jet):	event=313257.000000	run=1.000000	luminosityBlock=314.000000	n_jets=2.000000	n_b_jets=0.000000	jet_1_pt=39.575837	jet_1_eta=0.382080	jet_2_pt=30.992584	jet_2_eta=3.929199	jet_2_phi=-1.445068	jet_3_pt=-999.000000	jet_3_eta=-999.000000	jet_3_phi=-999.000000	MET_pt=16.212539	n_electrons=2.000000	n_muons=0.000000
n2p (zero_to_one_jet):	event=313257.000000	n_jets=1.000000	nbdfm=0.000000	jet_1_pt=39.601803	jet_1_eta=0.382080	jet_2_pt=-999.000000	jet_2_eta=-999.000000	j2_phi=-999.000000	j3_pt=-999.000000	j3_eta=-999.000000	j3_phi=-999.000000	met=14.570853	nel=2.000000	nmu=0.000000
Diff:	n_jets-n_jets=-1.000000	jet_1_pt-jet_1_pt=0.025966	jet_2_pt-jet_2_pt=-1029.992584	jet_2_eta-jet_2_eta=-1002.929199	j2_phi-jet_2_phi=-997.554932	met-MET_pt=-1.641685

--- Event 314185 (DNA:two_jet -> n2p:two_jet/zero_to_one_jet) ---
DNA (two_jet):	event=314185.000000	run=1.000000	luminosityBlock=315.000000	n_jets=2.000000	n_b_jets=0.000000	jet_1_pt=35.194377	jet_1_eta=-1.387207	jet_2_pt=30.584415	jet_2_eta=-3.363281	jet_2_phi=-2.272949	jet_3_pt=-999.000000	jet_3_eta=-999.000000	jet_3_phi=-999.000000	MET_pt=77.695240	n_electrons=0.000000	n_muons=2.000000
n2p:	Event not found in two_jet or zero_to_one_jet

--- Event 315081 (DNA:two_jet -> n2p:two_jet/zero_to_one_jet) ---
DNA (two_jet):	event=315081.000000	run=1.000000	luminosityBlock=316.000000	n_jets=2.000000	n_b_jets=0.000000	jet_1_pt=34.082052	jet_1_eta=-4.107422	jet_2_pt=33.188611	jet_2_eta=-3.749023	jet_2_phi=1.859863	jet_3_pt=-999.000000	jet_3_eta=-999.000000	jet_3_phi=-999.000000	MET_pt=26.136210	n_electrons=2.000000	n_muons=0.000000
n2p (zero_to_one_jet):	event=315081.000000	n_jets=1.000000	nbdfm=0.000000	jet_1_pt=37.338120	jet_1_eta=-4.107422	jet_2_pt=-999.000000	jet_2_eta=-999.000000	j2_phi=-999.000000	j3_pt=-999.000000	j3_eta=-999.000000	j3_phi=-999.000000	met=31.723406	nel=2.000000	nmu=0.000000
Diff:	n_jets-n_jets=-1.000000	jet_1_pt-jet_1_pt=3.256067	jet_2_pt-jet_2_pt=-1032.188611	jet_2_eta-jet_2_eta=-995.250977	j2_phi-jet_2_phi=-1000.859863	met-MET_pt=5.587196

--- Event 315688 (DNA:two_jet -> n2p:two_jet/zero_to_one_jet) ---
DNA (two_jet):	event=315688.000000	run=1.000000	luminosityBlock=316.000000	n_jets=2.000000	n_b_jets=0.000000	jet_1_pt=89.496961	jet_1_eta=-0.250977	jet_2_pt=30.566920	jet_2_eta=1.183350	jet_2_phi=2.311035	jet_3_pt=-999.000000	jet_3_eta=-999.000000	jet_3_phi=-999.000000	MET_pt=21.282465	n_electrons=2.000000	n_muons=0.000000
n2p:	Event not found in two_jet or zero_to_one_jet

--- Event 315745 (DNA:two_jet -> n2p:two_jet/zero_to_one_jet) ---
DNA (two_jet):	event=315745.000000	run=1.000000	luminosityBlock=316.000000	n_jets=2.000000	n_b_jets=0.000000	jet_1_pt=85.996412	jet_1_eta=-0.015327	jet_2_pt=31.195628	jet_2_eta=3.168457	jet_2_phi=1.658447	jet_3_pt=-999.000000	jet_3_eta=-999.000000	jet_3_phi=-999.000000	MET_pt=20.245516	n_electrons=0.000000	n_muons=2.000000
n2p (zero_to_one_jet):	event=315745.000000	n_jets=1.000000	nbdfm=0.000000	jet_1_pt=85.885361	jet_1_eta=-0.015327	jet_2_pt=-999.000000	jet_2_eta=-999.000000	j2_phi=-999.000000	j3_pt=-999.000000	j3_eta=-999.000000	j3_phi=-999.000000	met=21.833336	nel=0.000000	nmu=2.000000
Diff:	n_jets-n_jets=-1.000000	jet_1_pt-jet_1_pt=-0.111051	jet_2_pt-jet_2_pt=-1030.195628	jet_2_eta-jet_2_eta=-1002.168457	j2_phi-jet_2_phi=-1000.658447	met-MET_pt=1.587820

--- Event 316350 (DNA:two_jet -> n2p:two_jet/zero_to_one_jet) ---
DNA (two_jet):	event=316350.000000	run=1.000000	luminosityBlock=317.000000	n_jets=2.000000	n_b_jets=0.000000	jet_1_pt=102.332391	jet_1_eta=-2.128906	jet_2_pt=40.280261	jet_2_eta=-1.466553	jet_2_phi=0.916992	jet_3_pt=-999.000000	jet_3_eta=-999.000000	jet_3_phi=-999.000000	MET_pt=22.061884	n_electrons=0.000000	n_muons=2.000000
n2p (zero_to_one_jet):	event=316350.000000	n_jets=1.000000	nbdfm=0.000000	jet_1_pt=101.571075	jet_1_eta=-2.128906	jet_2_pt=-999.000000	jet_2_eta=-999.000000	j2_phi=-999.000000	j3_pt=-999.000000	j3_eta=-999.000000	j3_phi=-999.000000	met=21.822397	nel=0.000000	nmu=2.000000
Diff:	n_jets-n_jets=-1.000000	jet_1_pt-jet_1_pt=-0.761316	jet_2_pt-jet_2_pt=-1039.280261	jet_2_eta-jet_2_eta=-997.533447	j2_phi-jet_2_phi=-999.916992	met-MET_pt=-0.239487

--- Event 318127 (DNA:two_jet -> n2p:two_jet/zero_to_one_jet) ---
DNA (two_jet):	event=318127.000000	run=1.000000	luminosityBlock=319.000000	n_jets=2.000000	n_b_jets=0.000000	jet_1_pt=152.917745	jet_1_eta=-0.659302	jet_2_pt=33.745164	jet_2_eta=4.591797	jet_2_phi=-3.055176	jet_3_pt=-999.000000	jet_3_eta=-999.000000	jet_3_phi=-999.000000	MET_pt=58.072077	n_electrons=0.000000	n_muons=2.000000
n2p (zero_to_one_jet):	event=318127.000000	n_jets=1.000000	nbdfm=0.000000	jet_1_pt=152.823547	jet_1_eta=-0.659302	jet_2_pt=-999.000000	jet_2_eta=-999.000000	j2_phi=-999.000000	j3_pt=-999.000000	j3_eta=-999.000000	j3_phi=-999.000000	met=53.551777	nel=0.000000	nmu=2.000000
Diff:	n_jets-n_jets=-1.000000	jet_1_pt-jet_1_pt=-0.094197	jet_2_pt-jet_2_pt=-1032.745164	jet_2_eta-jet_2_eta=-1003.591797	j2_phi-jet_2_phi=-995.944824	met-MET_pt=-4.520300

--- Event 318427 (DNA:two_jet -> n2p:two_jet/zero_to_one_jet) ---
DNA (two_jet):	event=318427.000000	run=1.000000	luminosityBlock=319.000000	n_jets=2.000000	n_b_jets=0.000000	jet_1_pt=101.728573	jet_1_eta=-0.151886	jet_2_pt=83.457866	jet_2_eta=0.877686	jet_2_phi=0.012911	jet_3_pt=-999.000000	jet_3_eta=-999.000000	jet_3_phi=-999.000000	MET_pt=67.661889	n_electrons=0.000000	n_muons=2.000000
n2p:	Event not found in two_jet or zero_to_one_jet

--- Event 318760 (DNA:two_jet -> n2p:two_jet/zero_to_one_jet) ---
DNA (two_jet):	event=318760.000000	run=1.000000	luminosityBlock=319.000000	n_jets=2.000000	n_b_jets=0.000000	jet_1_pt=113.949256	jet_1_eta=2.334473	jet_2_pt=30.949628	jet_2_eta=-3.903320	jet_2_phi=-0.899536	jet_3_pt=-999.000000	jet_3_eta=-999.000000	jet_3_phi=-999.000000	MET_pt=37.103494	n_electrons=0.000000	n_muons=2.000000
n2p (zero_to_one_jet):	event=318760.000000	n_jets=1.000000	nbdfm=0.000000	jet_1_pt=112.287231	jet_1_eta=2.334473	jet_2_pt=-999.000000	jet_2_eta=-999.000000	j2_phi=-999.000000	j3_pt=-999.000000	j3_eta=-999.000000	j3_phi=-999.000000	met=34.990795	nel=0.000000	nmu=2.000000
Diff:	n_jets-n_jets=-1.000000	jet_1_pt-jet_1_pt=-1.662024	jet_2_pt-jet_2_pt=-1029.949628	jet_2_eta-jet_2_eta=-995.096680	j2_phi-jet_2_phi=-998.100464	met-MET_pt=-2.112699

--- Event 318909 (DNA:two_jet -> n2p:two_jet/zero_to_one_jet) ---
DNA (two_jet):	event=318909.000000	run=1.000000	luminosityBlock=319.000000	n_jets=2.000000	n_b_jets=0.000000	jet_1_pt=98.878771	jet_1_eta=0.602783	jet_2_pt=32.315272	jet_2_eta=-4.370117	jet_2_phi=0.087982	jet_3_pt=-999.000000	jet_3_eta=-999.000000	jet_3_phi=-999.000000	MET_pt=0.000000	n_electrons=0.000000	n_muons=2.000000
n2p (zero_to_one_jet):	event=318909.000000	n_jets=1.000000	nbdfm=0.000000	jet_1_pt=98.897263	jet_1_eta=0.602783	jet_2_pt=-999.000000	jet_2_eta=-999.000000	j2_phi=-999.000000	j3_pt=-999.000000	j3_eta=-999.000000	j3_phi=-999.000000	met=11.655260	nel=0.000000	nmu=2.000000
Diff:	n_jets-n_jets=-1.000000	jet_1_pt-jet_1_pt=0.018492	jet_2_pt-jet_2_pt=-1031.315272	jet_2_eta-jet_2_eta=-994.629883	j2_phi-jet_2_phi=-999.087982	met-MET_pt=11.655260

--- Event 319908 (DNA:two_jet -> n2p:two_jet/zero_to_one_jet) ---
DNA (two_jet):	event=319908.000000	run=1.000000	luminosityBlock=320.000000	n_jets=2.000000	n_b_jets=0.000000	jet_1_pt=52.194057	jet_1_eta=-1.716064	jet_2_pt=30.638870	jet_2_eta=-3.513672	jet_2_phi=-2.880371	jet_3_pt=-999.000000	jet_3_eta=-999.000000	jet_3_phi=-999.000000	MET_pt=12.380720	n_electrons=0.000000	n_muons=2.000000
n2p (zero_to_one_jet):	event=319908.000000	n_jets=1.000000	nbdfm=0.000000	jet_1_pt=52.144547	jet_1_eta=-1.716064	jet_2_pt=-999.000000	jet_2_eta=-999.000000	j2_phi=-999.000000	j3_pt=-999.000000	j3_eta=-999.000000	j3_phi=-999.000000	met=11.940624	nel=0.000000	nmu=2.000000
Diff:	n_jets-n_jets=-1.000000	jet_1_pt-jet_1_pt=-0.049510	jet_2_pt-jet_2_pt=-1029.638870	jet_2_eta-jet_2_eta=-995.486328	j2_phi-jet_2_phi=-996.119629	met-MET_pt=-0.440096

--- Event 322977 (DNA:two_jet -> n2p:two_jet/zero_to_one_jet) ---
DNA (two_jet):	event=322977.000000	run=1.000000	luminosityBlock=323.000000	n_jets=2.000000	n_b_jets=0.000000	jet_1_pt=222.412903	jet_1_eta=0.374390	jet_2_pt=49.810647	jet_2_eta=1.189697	jet_2_phi=-0.556519	jet_3_pt=-999.000000	jet_3_eta=-999.000000	jet_3_phi=-999.000000	MET_pt=14.854579	n_electrons=2.000000	n_muons=0.000000
n2p (zero_to_one_jet):	event=322977.000000	n_jets=1.000000	nbdfm=0.000000	jet_1_pt=222.363052	jet_1_eta=0.374390	jet_2_pt=-999.000000	jet_2_eta=-999.000000	j2_phi=-999.000000	j3_pt=-999.000000	j3_eta=-999.000000	j3_phi=-999.000000	met=16.879946	nel=2.000000	nmu=0.000000
Diff:	n_jets-n_jets=-1.000000	jet_1_pt-jet_1_pt=-0.049851	jet_2_pt-jet_2_pt=-1048.810647	jet_2_eta-jet_2_eta=-1000.189697	j2_phi-jet_2_phi=-998.443481	met-MET_pt=2.025367

--- Event 325365 (DNA:two_jet -> n2p:two_jet/zero_to_one_jet) ---
DNA (two_jet):	event=325365.000000	run=1.000000	luminosityBlock=326.000000	n_jets=2.000000	n_b_jets=0.000000	jet_1_pt=55.538522	jet_1_eta=1.734375	jet_2_pt=53.689951	jet_2_eta=2.840332	jet_2_phi=-1.373047	jet_3_pt=-999.000000	jet_3_eta=-999.000000	jet_3_phi=-999.000000	MET_pt=65.177245	n_electrons=0.000000	n_muons=2.000000
n2p (zero_to_one_jet):	event=325365.000000	n_jets=1.000000	nbdfm=0.000000	jet_1_pt=55.475895	jet_1_eta=1.734375	jet_2_pt=-999.000000	jet_2_eta=-999.000000	j2_phi=-999.000000	j3_pt=-999.000000	j3_eta=-999.000000	j3_phi=-999.000000	met=67.822922	nel=0.000000	nmu=2.000000
Diff:	n_jets-n_jets=-1.000000	jet_1_pt-jet_1_pt=-0.062627	jet_2_pt-jet_2_pt=-1052.689951	jet_2_eta-jet_2_eta=-1001.840332	j2_phi-jet_2_phi=-997.626953	met-MET_pt=2.645677

--- Event 328242 (DNA:two_jet -> n2p:two_jet/zero_to_one_jet) ---
DNA (two_jet):	event=328242.000000	run=1.000000	luminosityBlock=329.000000	n_jets=2.000000	n_b_jets=0.000000	jet_1_pt=68.675246	jet_1_eta=2.011230	jet_2_pt=50.292903	jet_2_eta=-3.646484	jet_2_phi=0.813965	jet_3_pt=-999.000000	jet_3_eta=-999.000000	jet_3_phi=-999.000000	MET_pt=47.222856	n_electrons=2.000000	n_muons=0.000000
n2p:	Event not found in two_jet or zero_to_one_jet

--- Event 328340 (DNA:two_jet -> n2p:two_jet/zero_to_one_jet) ---
DNA (two_jet):	event=328340.000000	run=1.000000	luminosityBlock=329.000000	n_jets=2.000000	n_b_jets=0.000000	jet_1_pt=76.871750	jet_1_eta=3.704590	jet_2_pt=33.604491	jet_2_eta=-3.083008	jet_2_phi=2.751465	jet_3_pt=-999.000000	jet_3_eta=-999.000000	jet_3_phi=-999.000000	MET_pt=22.587689	n_electrons=0.000000	n_muons=2.000000
n2p:	Event not found in two_jet or zero_to_one_jet

--- Event 328377 (DNA:two_jet -> n2p:two_jet/zero_to_one_jet) ---
DNA (two_jet):	event=328377.000000	run=1.000000	luminosityBlock=329.000000	n_jets=2.000000	n_b_jets=0.000000	jet_1_pt=31.939782	jet_1_eta=-3.264648	jet_2_pt=30.489617	jet_2_eta=3.844238	jet_2_phi=-2.027344	jet_3_pt=-999.000000	jet_3_eta=-999.000000	jet_3_phi=-999.000000	MET_pt=52.620424	n_electrons=0.000000	n_muons=2.000000
n2p (zero_to_one_jet):	event=328377.000000	n_jets=1.000000	nbdfm=0.000000	jet_1_pt=34.062878	jet_1_eta=-3.264648	jet_2_pt=-999.000000	jet_2_eta=-999.000000	j2_phi=-999.000000	j3_pt=-999.000000	j3_eta=-999.000000	j3_phi=-999.000000	met=57.551441	nel=0.000000	nmu=2.000000
Diff:	n_jets-n_jets=-1.000000	jet_1_pt-jet_1_pt=2.123096	jet_2_pt-jet_2_pt=-1029.489617	jet_2_eta-jet_2_eta=-1002.844238	j2_phi-jet_2_phi=-996.972656	met-MET_pt=4.931018

--- Event 328862 (DNA:two_jet -> n2p:two_jet/zero_to_one_jet) ---
DNA (two_jet):	event=328862.000000	run=1.000000	luminosityBlock=329.000000	n_jets=2.000000	n_b_jets=0.000000	jet_1_pt=31.898429	jet_1_eta=-3.363770	jet_2_pt=31.456955	jet_2_eta=-1.882568	jet_2_phi=-2.884277	jet_3_pt=-999.000000	jet_3_eta=-999.000000	jet_3_phi=-999.000000	MET_pt=31.192970	n_electrons=2.000000	n_muons=0.000000
n2p (zero_to_one_jet):	event=328862.000000	n_jets=1.000000	nbdfm=0.000000	jet_1_pt=31.434948	jet_1_eta=-1.882568	jet_2_pt=-999.000000	jet_2_eta=-999.000000	j2_phi=-999.000000	j3_pt=-999.000000	j3_eta=-999.000000	j3_phi=-999.000000	met=29.447086	nel=2.000000	nmu=0.000000
Diff:	n_jets-n_jets=-1.000000	jet_1_pt-jet_1_pt=-0.463481	jet_1_eta-jet_1_eta=1.481201	jet_2_pt-jet_2_pt=-1030.456955	jet_2_eta-jet_2_eta=-997.117432	j2_phi-jet_2_phi=-996.115723	met-MET_pt=-1.745884

